Country Name,Country Code,Series Name,Series Code,2000 [YR2000],2001 [YR2001],2002 [YR2002],2003 [YR2003],2004 [YR2004],2005 [YR2005],2006 [YR2006],2007 [YR2007],2008 [YR2008],2009 [YR2009],2010 [YR2010],2011 [YR2011],2012 [YR2012],2013 [YR2013],2014 [YR2014],2015 [YR2015]
Afghanistan,AFG,"Life expectancy at birth, total (years)",SP.DYN.LE00.IN,55.005,55.511,56.225,57.171,57.81,58.247,58.553,58.956,59.708,60.248,60.702,61.25,61.735,62.188,62.26,62.27
Afghanistan,AFG,"Mortality rate, adult, female (per 1,000 female adults)",SP.DYN.AMRT.FE,293.378,287.685,284.743,272.589,266.296,261.04,255.842,249.208,242.417,238.015,232.873,227.039,221.981,217.098,215.039,213.685
Afghanistan,AFG,"Mortality rate, adult, male (per 1,000 male adults)",SP.DYN.AMRT.MA,359.824,354.541,334.545,324.327,315.266,312.852,317.457,322.159,308.469,295.661,291.206,285.304,279.795,274.813,277.937,283.387
Afghanistan,AFG,"Mortality rate, infant (per 1,000 live births)",SP.DYN.IMRT.IN,110.1,107,103.8,100.6,97.2,93.7,90.1,86.7,83.3,80,76.9,74,71.3,68.7,66.4,64.2
Afghanistan,AFG,"Mortality rate, under-5 (per 1,000 live births)",SH.DYN.MORT,131.7,127.4,123.1,118.7,114.2,109.7,105.1,100.7,96.3,92.2,88.3,84.6,81.2,78,75.1,72.4
Afghanistan,AFG,"Prevalence of HIV, total (% of population ages 15-49)",SH.DYN.AIDS.ZS,0.1,0.1,0.1,0.1,0.1,0.1,0.1,0.1,0.1,0.1,0.1,0.1,0.1,0.1,0.1,0.1
Afghanistan,AFG,"Incidence of tuberculosis (per 100,000 people)",SH.TBS.INCD,190,189,189,189,189,189,189,189,189,189,189,189,189,189,189,189
Afghanistan,AFG,Diabetes prevalence (% of population ages 20 to 79),SH.STA.DIAB.ZS,..,..,..,..,..,..,..,..,..,..,..,7.6,..,..,..,..
Afghanistan,AFG,"Physicians (per 1,000 people)",SH.MED.PHYS.ZS,..,0.208,..,..,..,..,0.166,0.182,0.183,0.22,0.245,0.259,0.247,0.291,0.304,0.291
Afghanistan,AFG,"Hospital beds (per 1,000 people)",SH.MED.BEDS.ZS,0.3,0.39,0.39,0.39,0.39,0.42,0.42,0.42,0.42,0.42,0.43,0.45,0.47,0.46,0.46,0.44
Afghanistan,AFG,Current health expenditure (% of GDP),SH.XPD.CHEX.GD.ZS,..,..,9.44339085,8.94125843,9.80847359,9.94828892,10.62276554,9.90467453,10.25649548,9.81848717,8.56967163,8.56190777,7.89716864,8.80596447,9.52887821,10.10534763
Afghanistan,AFG,Access to electricity (% of population),EG.ELC.ACCS.ZS,4.4,9.3,14.1,19,23.8,28.7,33.5,38.4,42.4,48.3,42.7,43.2,69.1,68,89.5,71.5
Afghanistan,AFG,People using at least basic drinking water services (% of population),SH.H2O.BASW.ZS,27.4418560941262,27.4735802318339,29.6748627315109,31.8755891610669,34.0944312907889,36.3312261244574,38.5671193339185,41.0836738960922,43.6326087182233,46.2137626459091,48.8269685242371,51.4723764683198,54.1494916362474,56.8581415948124,59.5981581738121,62.3696595585624
Afghanistan,AFG,People using at least basic sanitation services (% of population),SH.STA.BASS.ZS,20.9709193555198,20.9823486569015,22.5413387666176,24.1003328260197,25.6662399387279,27.2391887360031,28.8122662344939,30.4665336124326,32.128704614959,33.7989577403427,35.4774709901664,37.16457222165,38.8603050336229,40.564852379778,42.2784026530125,44.0013086436901
Afghanistan,AFG,GDP per capita (current US$),NY.GDP.PCAP.CD,174.930991430166,138.706821676113,178.954088379235,198.871115728727,221.763653873013,254.184249149336,274.218553561575,376.223152003876,381.73323802844,452.053705477043,560.621505463146,606.694676337726,651.417134470046,637.087099117099,625.054941813938,565.569730408751
Afghanistan,AFG,"School enrollment, secondary (% gross)",SE.SEC.ENRR,..,14.0404100418091,..,13.959529876709,19.2143802642822,20.2735099792481,29.523889541626,28.8154907226562,38.930850982666,44.2999496459961,50.4406204223633,52.4474296569824,54.372859954834,54.8833694458008,54.2936515808105,53.1501083374023
Albania,ALB,"Life expectancy at birth, total (years)",SP.DYN.LE00.IN,74.826,75.083,75.299,75.557,75.951,76.427,76.994,77.691,78.248,78.509,78.414,78.303,78.084,77.995,78.029,78.358
Albania,ALB,"Mortality rate, adult, female (per 1,000 female adults)",SP.DYN.AMRT.FE,63.313,63.266,63.585,63.434,62.409,60.478,57.635,54.595,52.132,51.201,52.225,53.731,55.665,56.799,56.726,54.809
Albania,ALB,"Mortality rate, adult, male (per 1,000 male adults)",SP.DYN.AMRT.MA,130.704,126.05,123.711,122.223,118.888,115.32,110.595,105.593,102.402,101.917,104.61,107.27,110.97,112.729,112.689,108.939
Albania,ALB,"Mortality rate, infant (per 1,000 live births)",SP.DYN.IMRT.IN,17.9,17,16.1,15.3,14.4,13.5,12.7,11.9,11.1,10.4,9.7,9,8.5,8,7.8,7.6
Albania,ALB,"Mortality rate, under-5 (per 1,000 live births)",SH.DYN.MORT,27.1,25.7,24.3,22.9,21.4,20,18.5,17.1,15.8,14.5,13.3,12.2,11.2,10.5,9.9,9.6
Albania,ALB,"Prevalence of HIV, total (% of population ages 15-49)",SH.DYN.AIDS.ZS,0.1,0.1,0.1,0.1,0.1,0.1,0.1,0.1,0.1,0.1,0.1,0.1,0.1,0.1,0.1,0.1
Albania,ALB,"Incidence of tuberculosis (per 100,000 people)",SH.TBS.INCD,22,20,22,20,20,19,18,17,16,17,17,17,16,19,16,17
Albania,ALB,Diabetes prevalence (% of population ages 20 to 79),SH.STA.DIAB.ZS,..,..,..,..,..,..,..,..,..,..,..,2.8,..,..,..,..
Albania,ALB,"Physicians (per 1,000 people)",SH.MED.PHYS.ZS,1.359,1.3,1.17,1.196,1.208,..,1.207,1.218,..,1.248,1.249,1.234,1.278,1.285,..,..
Albania,ALB,"Hospital beds (per 1,000 people)",SH.MED.BEDS.ZS,3.19,3.17,3.1,3.08,3.07,3.06,3.11,3.09,3.08,3,2.99,2.89,2.89,2.9,2.88,2.85
Albania,ALB,Current health expenditure (% of GDP),SH.XPD.CHEX.GD.ZS,5.94419765,5.92584515,5.66464472,5.91140795,5.89364862,5.72954512,5.63177013,5.92609119,5.50900269,5.82603931,6.23667669,6.18297672,6.15746212,6.28286266,6.43451118,6.46411896
Albania,ALB,Access to electricity (% of population),EG.ELC.ACCS.ZS,99.4,99.4,99.4,99.4,99.4,99.4,99.4,99.4,100,99.6,99.6,99.7,99.9,99.9,100,100
Albania,ALB,People using at least basic drinking water services (% of population),SH.H2O.BASW.ZS,86.3970439494077,86.9040684917649,87.4516357159612,87.9871967181199,88.5105812614285,89.0211858391228,89.5191349968004,90.0041903832584,90.4761498369914,90.9344096153208,91.3794796111017,91.8108885574113,92.2287785293112,92.631596058428,93.0200580597032,93.3943239683645
Albania,ALB,People using at least basic sanitation services (% of population),SH.STA.BASS.ZS,89.4886714004041,90.0309542893634,90.605514785525,91.1654586707594,91.7106511759046,92.3229745372511,92.9214092333686,93.5057456524919,94.0758130632297,94.6311525971364,95.1721612127179,95.6984954437804,96.2102708087274,96.7065621641798,97.1880221308194,97.6549638832306
Albania,ALB,GDP per capita (current US$),NY.GDP.PCAP.CD,1160.42047054038,1326.41652388077,1479.83884572006,1908.69900687608,2446.90949947798,2741.72136549578,3057.77257038113,3743.05529896187,4498.50486763601,4213.65007574693,4149.14469936847,4465.70914328865,4222.3470988913,4420.23461988353,4602.23051443229,3981.72662261867
Albania,ALB,"School enrollment, secondary (% gross)",SE.SEC.ENRR,..,..,74.5389175415039,77.751823425293,78.9801864624023,82.9714279174805,84.3257675170898,86.2188568115234,87.8338394165039,89.3157196044922,93.6818237304688,95.4705276489258,97.6086120605469,102.903209514161,103.321377531566,102.440729325166
Algeria,DZA,"Life expectancy at birth, total (years)",SP.DYN.LE00.IN,70.576,71.025,71.644,71.906,72.536,72.836,73.116,73.346,73.618,73.871,74.144,74.383,74.609,74.809,74.992,75.159
Algeria,DZA,"Mortality rate, adult, female (per 1,000 female adults)",SP.DYN.AMRT.FE,118.73,112.704,105.3,103.477,97.135,94.9,92.451,90.601,89.165,87.484,85.714,83.949,82.546,80.95,79.598,78.32
Algeria,DZA,"Mortality rate, adult, male (per 1,000 male adults)",SP.DYN.AMRT.MA,151.292,141.564,130.811,126.104,117.924,115.948,114.185,113.16,110.522,108.292,105.199,103.236,101.497,100.545,99.024,97.224
Algeria,DZA,"Mortality rate, infant (per 1,000 live births)",SP.DYN.IMRT.IN,34.7,33.6,32.4,31.3,30.1,29,27.9,26.9,25.9,25.1,24.4,23.8,23.2,22.7,22.3,21.9
Algeria,DZA,"Mortality rate, under-5 (per 1,000 live births)",SH.DYN.MORT,41.6,40.1,38.5,37,35.4,34,32.6,31.3,30.1,29,28.1,27.3,26.6,26,25.4,24.9
Algeria,DZA,"Prevalence of HIV, total (% of population ages 15-49)",SH.DYN.AIDS.ZS,0.1,0.1,0.1,0.1,0.1,0.1,0.1,0.1,0.1,0.1,0.1,0.1,0.1,0.1,0.1,0.1
Algeria,DZA,"Incidence of tuberculosis (per 100,000 people)",SH.TBS.INCD,75,73,74,76,76,80,79,78,74,77,78,73,73,68,72,75
Algeria,DZA,Diabetes prevalence (% of population ages 20 to 79),SH.STA.DIAB.ZS,..,..,..,..,..,..,..,..,..,..,..,7,..,..,..,..
Algeria,DZA,"Physicians (per 1,000 people)",SH.MED.PHYS.ZS,..,..,1.118,..,..,1.03,..,1.202,..,..,..,..,..,..,..,..
Algeria,DZA,"Hospital beds (per 1,000 people)",SH.MED.BEDS.ZS,1.77,1.76,1.75,1.78,1.81,..,1.72,..,1.75,1.75,1.72,1.69,1.67,1.66,1.65,1.64
Algeria,DZA,Current health expenditure (% of GDP),SH.XPD.CHEX.GD.ZS,3.21485448,3.53628588,3.44169641,3.32569361,3.29030514,3.1188612,3.18999887,3.62011433,3.98331022,4.89210796,4.64001417,4.82567501,5.63657808,5.64542007,6.01485014,6.3343544
Algeria,DZA,Access to electricity (% of population),EG.ELC.ACCS.ZS,98.6,98.6,98.6,98.6,98.6,98.6,98.7,98.7,99.3,98.8,98.9,99,98.8,99.2,99.3,99.4
Algeria,DZA,People using at least basic drinking water services (% of population),SH.H2O.BASW.ZS,89.8488285798425,90.1134477964222,90.3738043329469,90.6297224767556,90.8812547235952,91.128253391014,91.3709555341436,91.6092319914834,91.8433087449211,92.0720349659473,92.2959734615905,92.5149892867463,92.7451846992975,92.9708811462695,93.1923467804089,93.4095576469991
Algeria,DZA,People using at least basic sanitation services (% of population),SH.STA.BASS.ZS,84.4808303267888,84.7599276450493,85.0328073593515,85.2991644625783,85.5590709673942,85.8122609306772,86.0591315025692,86.299440005349,86.5335680761237,86.7594853651133,86.9781332130706,87.1892375803685,87.0935397027506,86.9868765719694,86.8698424356598,86.7425206949109
Algeria,DZA,GDP per capita (current US$),NY.GDP.PCAP.CD,1772.92869122761,1896.30020878013,1937.46411413019,2283.77299346126,2816.99384960555,3233.13339634212,3660.66104745322,4167.45169937531,5180.91881514686,4235.42990456612,4912.78585503672,5916.31364364343,6033.64884689543,5979.60138960585,6094.69392314956,4685.05902729002
Algeria,DZA,"School enrollment, secondary (% gross)",SE.SEC.ENRR,64.5954208374023,68.763298034668,72.5830688476562,75.4358673095703,79.6298599243164,81.8563690185547,83.4811935424805,73.517822265625,80.2311401367188,96.3929595947266,100.739776611328,103.184272766113,..,..,..,..
Andorra,AND,"Life expectancy at birth, total (years)",SP.DYN.LE00.IN,81.863,82.162,82.448,82.718,82.815,83.086,83.374,83.632,83.855,84.1,84.197,84.296,84.334,84.406,84.485,84.532
Andorra,AND,"Mortality rate, adult, female (per 1,000 female adults)",SP.DYN.AMRT.FE,31.451,31.162,31.315,31.376,31.956,30.72,29.411,27.899,26.696,25.524,25.258,25.23,25.312,25.374,25.466,25.62
Andorra,AND,"Mortality rate, adult, male (per 1,000 male adults)",SP.DYN.AMRT.MA,59.185,56.303,53.153,50.257,48.729,47.274,45.784,44.808,43.873,42.838,42.302,42.038,41.599,41.133,40.449,39.998
Andorra,AND,"Mortality rate, infant (per 1,000 live births)",SP.DYN.IMRT.IN,6.6,6.3,6.1,5.8,5.6,5.4,5.1,4.9,4.7,4.4,4.2,4.1,3.9,3.7,3.5,3.4
Andorra,AND,"Mortality rate, under-5 (per 1,000 live births)",SH.DYN.MORT,7.6,7.2,6.9,6.6,6.2,6,5.6,5.4,5.1,4.8,4.6,4.4,4.1,3.9,3.7,3.5
Andorra,AND,"Prevalence of HIV, total (% of population ages 15-49)",SH.DYN.AIDS.ZS,..,..,..,..,..,..,..,..,..,..,..,..,..,..,..,..
Andorra,AND,"Incidence of tuberculosis (per 100,000 people)",SH.TBS.INCD,21,17,8.6,18,11,15,17,7,5.5,11,10,4.4,13,7.6,9.4,6.4
Andorra,AND,Diabetes prevalence (% of population ages 20 to 79),SH.STA.DIAB.ZS,..,..,..,..,..,..,..,..,..,..,..,5.4,..,..,..,..
Andorra,AND,"Physicians (per 1,000 people)",SH.MED.PHYS.ZS,2.542,2.581,2.867,3.302,3.108,3.196,3.042,3.184,..,3.6,..,..,..,..,..,3.626
Andorra,AND,"Hospital beds (per 1,000 people)",SH.MED.BEDS.ZS,3.19,2.52,3.46,3.15,2.68,2.58,2.57,2.75,2.81,2.5,..,..,..,..,..,..
Andorra,AND,Current health expenditure (% of GDP),SH.XPD.CHEX.GD.ZS,5.95276403,5.85823727,5.99621153,5.54771519,5.28846931,5.59476948,4.96530008,4.92347288,5.67066383,6.08094168,7.67537737,7.62060833,6.71083689,6.79964209,6.77308035,6.91586447
Andorra,AND,Access to electricity (% of population),EG.ELC.ACCS.ZS,100,100,100,100,100,100,100,100,100,100,100,100,100,100,100,100
Andorra,AND,People using at least basic drinking water services (% of population),SH.H2O.BASW.ZS,99.9999994632633,100,100,100,100,99.9999978782282,100,100,100,100,99.9999980744897,100,99.9999980016794,100,100,100
Andorra,AND,People using at least basic sanitation services (% of population),SH.STA.BASS.ZS,99.9999994632633,100,100,100,100,99.9999978782282,100,100,100,100,99.9999980744897,100,99.9999980016794,100,100,100
Andorra,AND,GDP per capita (current US$),NY.GDP.PCAP.CD,21810.2487431414,23511.2951475737,26528.130158144,34063.5784034776,39021.1278101878,40829.801876968,43467.2109930745,48336.2283329823,49132.515707808,43975.0183668093,42746.8309526019,46657.1561173756,41500.5435791686,42470.3161159692,44369.659691379,38654.9347203095
Andorra,AND,"School enrollment, secondary (% gross)",SE.SEC.ENRR,..,..,82.6385192871094,83.0041580200195,79.7546005249023,86.0663299560547,85.2862777709961,82.7160491943359,82.462532043457,82.9412994384766,85.4886322021484,86.196891784668,87.2305068969727,86.7936096191406,88.978157043457,91.2962188720703
Antigua and Barbuda,ATG,"Life expectancy at birth, total (years)",SP.DYN.LE00.IN,74.819,75.108,75.237,75.313,75.329,75.364,75.506,75.72,76.075,76.386,76.701,77.023,77.1,77.05,76.912,76.892
Antigua and Barbuda,ATG,"Mortality rate, adult, female (per 1,000 female adults)",SP.DYN.AMRT.FE,92.815,92.001,91.695,88.74,86.799,86.155,85.081,85.65,84.863,84.207,83.553,81.389,80.991,81.899,84.263,86.282
Antigua and Barbuda,ATG,"Mortality rate, adult, male (per 1,000 male adults)",SP.DYN.AMRT.MA,174.622,169.488,165.655,161.28,158.157,157.905,157.244,154.536,149.293,143.91,138.705,134.363,134.57,134.93,135.449,132.706
Antigua and Barbuda,ATG,"Mortality rate, infant (per 1,000 live births)",SP.DYN.IMRT.IN,12.2,11.9,11.6,11.3,11,10.8,10.5,10.2,10,9.7,9.5,9.3,9.1,8.9,8.8,8.6
Antigua and Barbuda,ATG,"Mortality rate, under-5 (per 1,000 live births)",SH.DYN.MORT,14.9,14.6,14.3,14,13.6,13.3,13,12.7,12.4,12.2,11.9,11.7,11.5,11.3,11.2,11
Antigua and Barbuda,ATG,"Prevalence of HIV, total (% of population ages 15-49)",SH.DYN.AIDS.ZS,0.5,0.5,0.6,0.6,0.6,0.6,0.7,0.7,0.7,0.7,0.7,0.8,0.8,0.8,0.9,0.9
Antigua and Barbuda,ATG,"Incidence of tuberculosis (per 100,000 people)",SH.TBS.INCD,6.1,1.5,6,1.5,5.4,8.7,5.7,2.8,1.4,4.1,9.4,8,4,13,3.9,4.3
Antigua and Barbuda,ATG,Diabetes prevalence (% of population ages 20 to 79),SH.STA.DIAB.ZS,..,..,..,..,..,..,..,..,..,..,..,12.5,..,..,..,..
Antigua and Barbuda,ATG,"Physicians (per 1,000 people)",SH.MED.PHYS.ZS,..,..,..,..,..,..,..,1.756,0.54,..,..,..,..,..,..,..
Antigua and Barbuda,ATG,"Hospital beds (per 1,000 people)",SH.MED.BEDS.ZS,..,2.6,2.3,2.5,2.4,2.4,2.4,2,1.7,2.2,2.2,2.13,..,3.98,3.93,4.01
Antigua and Barbuda,ATG,Current health expenditure (% of GDP),SH.XPD.CHEX.GD.ZS,4.71542597,5.43839121,5.28793621,5.58143282,5.11667967,4.99094057,4.63050652,4.44609547,4.20027018,4.17732763,5.37907028,5.44257212,5.47921467,5.50909233,5.87269926,5.27965546
Antigua and Barbuda,ATG,Access to electricity (% of population),EG.ELC.ACCS.ZS,97.7,97.7,100,97.9,97.9,92.2,100,100,100,98.5,98.7,94.6,100,100,100,100
Antigua and Barbuda,ATG,People using at least basic drinking water services (% of population),SH.H2O.BASW.ZS,..,..,..,..,..,..,..,..,..,98.3665557888391,98.3661765475755,98.3658215623444,98.365707226978,98.3655938007866,98.36547509164,98.3653622690749
Antigua and Barbuda,ATG,People using at least basic sanitation services (% of population),SH.STA.BASS.ZS,..,..,..,..,..,..,..,..,..,97.3382623808046,97.3536211069896,97.3677830429391,97.3724715198517,97.377133715389,97.3817635895337,97.3863992440452
Antigua and Barbuda,ATG,GDP per capita (current US$),NY.GDP.PCAP.CD,12027.4949768222,11539.1825063308,11658.6949915956,12173.2319860305,13037.8895772257,14368.5708796058,16173.8136329968,18204.5124043068,18786.6743142216,16472.2478528568,15217.3950790922,14911.7275084471,15639.8078114787,15051.5113587425,15532.1062063584,16077.6340769406
Antigua and Barbuda,ATG,"School enrollment, secondary (% gross)",SE.SEC.ENRR,80.2067489624023,..,..,..,..,..,..,112.227951049805,122.261581420898,118.682388305664,115.466743469238,116.185371398926,117.228363037109,..,115.270439147949,117.55770111084
Armenia,ARM,"Life expectancy at birth, total (years)",SP.DYN.LE00.IN,72.8804878048781,72.9756097560976,72.8268292682927,72.8268292682927,73.0268292682927,73.0756097560976,72.8243902439025,72.8731707317073,73.0731707317073,73.0731707317073,73.1731707317073,73.8170731707317,74.119512195122,74.6219512195122,74.8731707317073,74.8707317073171
Armenia,ARM,"Mortality rate, adult, female (per 1,000 female adults)",SP.DYN.AMRT.FE,100.167,97.671,95.203,92.855,90.653,88.552,86.531,84.538,82.572,80.603,78.626,76.635,74.671,72.6,70.545,68.579
Armenia,ARM,"Mortality rate, adult, male (per 1,000 male adults)",SP.DYN.AMRT.MA,215.181,209.36,205.354,203.723,204.293,206.222,208.677,210.721,211.519,210.528,208.132,204.84,201.299,197.561,194.414,192.047
Armenia,ARM,"Mortality rate, infant (per 1,000 live births)",SP.DYN.IMRT.IN,27.8,26.4,25,23.7,22.5,21.3,20.1,19.1,18.1,17.2,16.4,15.6,14.8,14.1,13.4,12.8
Armenia,ARM,"Mortality rate, under-5 (per 1,000 live births)",SH.DYN.MORT,30.8,29.3,27.9,26.5,25.2,24,22.8,21.7,20.6,19.7,18.7,17.8,17,16.2,15.4,14.6
Armenia,ARM,"Prevalence of HIV, total (% of population ages 15-49)",SH.DYN.AIDS.ZS,0.1,0.1,0.1,0.1,0.1,0.1,0.1,0.1,0.1,0.1,0.1,0.1,0.1,0.1,0.2,0.2
Armenia,ARM,"Incidence of tuberculosis (per 100,000 people)",SH.TBS.INCD,54,57,59,64,69,92,75,72,71,68,61,55,53,60,57,50
Armenia,ARM,Diabetes prevalence (% of population ages 20 to 79),SH.STA.DIAB.ZS,..,..,..,..,..,..,..,..,..,..,..,8.5,..,..,..,..
Armenia,ARM,"Physicians (per 1,000 people)",SH.MED.PHYS.ZS,2.616,2.55,2.505,2.404,2.408,2.509,2.531,2.609,2.674,2.697,2.775,2.816,2.867,2.899,2.915,2.962
Armenia,ARM,"Hospital beds (per 1,000 people)",SH.MED.BEDS.ZS,6.56,5.16,4.5,4.61,4.65,4.71,4.72,4.37,4.14,4.07,4.13,4.18,4.2,4.23,4.33,4.35
Armenia,ARM,Current health expenditure (% of GDP),SH.XPD.CHEX.GD.ZS,4.19581175,4.64563894,7.61358786,7.17936182,6.05510139,5.8618803,5.85007095,5.49814034,6.63976622,8.44377708,9.23538303,9.37588882,9.13455009,10.32345009,10.17827892,10.11762714
Armenia,ARM,Access to electricity (% of population),EG.ELC.ACCS.ZS,98.9,100,98,99.1,99.1,99.8,99.1,99.2,99.2,99.3,99.8,99.5,99.5,99.4,99.7,100
Armenia,ARM,People using at least basic drinking water services (% of population),SH.H2O.BASW.ZS,95.3321795073804,95.5879594087231,95.8591152115814,96.1368622367153,96.4166622270609,96.6984595839147,96.9824019913165,97.2683671383451,97.5564813624504,97.8466429888613,98.138914628293,98.4333104571316,98.7298229038946,99.0289249197273,99.3248756665526,99.5245608325277
Armenia,ARM,People using at least basic sanitation services (% of population),SH.STA.BASS.ZS,86.9598960322857,87.3260136492701,87.7125537666032,88.1073225541723,88.5026889720846,88.89849800909,89.2950645345258,89.6920691439885,90.0898320713121,90.4880281882905,90.886816268627,91.2862018286615,91.6861698103562,92.0907742307547,92.5000968345708,92.9144017017963
Armenia,ARM,GDP per capita (current US$),NY.GDP.PCAP.CD,593.450581742282,659.588988535629,742.651118319819,882.030167695474,1130.08791444158,1557.48458908655,2041.65267068997,2962.70234594569,3777.66859313767,2820.5926553347,3041.34450723339,3349.55309771906,3511.56399687426,3680.16692158886,3852.11800610384,3512.39350276709
Armenia,ARM,"School enrollment, secondary (% gross)",SE.SEC.ENRR,86.0512008666992,86.7833099365234,..,..,88.6511611938477,92.0563430786133,95.2676467895508,96.8182601928711,96.5329437255859,102.957763671875,107.732391357422,94.8774032592773,..,86.8721923828125,86.5204010009766,86.442138671875
Australia,AUS,"Life expectancy at birth, total (years)",SP.DYN.LE00.IN,79.2341463414634,79.6341463414634,79.9365853658537,80.2390243902439,80.490243902439,80.8414634146341,81.0414634146342,81.2926829268293,81.3951219512195,81.5439024390244,81.6951219512195,81.8951219512195,82.0463414634146,82.1487804878049,82.3,82.4
Australia,AUS,"Mortality rate, adult, female (per 1,000 female adults)",SP.DYN.AMRT.FE,56.11,53.636,53.059,50.706,49.508,47.595,48.235,48.119,46.643,47.91,45.704,46.069,44.464,45.018,44.842,45.231
Australia,AUS,"Mortality rate, adult, male (per 1,000 male adults)",SP.DYN.AMRT.MA,97.967,93.793,90.801,89.052,86.332,85.447,82.945,84.719,82.004,81.768,78.634,78.281,75.751,75.516,76.934,78.367
Australia,AUS,"Mortality rate, infant (per 1,000 live births)",SP.DYN.IMRT.IN,5.1,5,4.9,4.9,4.8,4.8,4.7,4.5,4.4,4.2,4,3.8,3.6,3.5,3.4,3.3
Australia,AUS,"Mortality rate, under-5 (per 1,000 live births)",SH.DYN.MORT,6.2,6.1,6,5.9,5.8,5.7,5.6,5.4,5.2,5,4.8,4.5,4.3,4.1,4,3.9
Australia,AUS,"Prevalence of HIV, total (% of population ages 15-49)",SH.DYN.AIDS.ZS,0.1,0.1,0.1,0.1,0.1,0.1,0.1,0.1,0.1,0.1,0.1,0.1,0.1,0.1,0.1,0.1
Australia,AUS,"Incidence of tuberculosis (per 100,000 people)",SH.TBS.INCD,6.3,5.8,5.9,5.5,6.1,5.9,6.5,6.1,6.5,6.8,6.5,6.3,6.6,6.2,6.5,6
Australia,AUS,Diabetes prevalence (% of population ages 20 to 79),SH.STA.DIAB.ZS,0,..,..,..,..,..,..,..,..,..,..,6.6,..,..,..,..
Australia,AUS,"Physicians (per 1,000 people)",SH.MED.PHYS.ZS,2.491,2.566,2.562,2.631,2.708,2.78,2.842,3.008,3.018,3.121,3.364,3.314,3.311,3.374,3.45,3.505
Australia,AUS,"Hospital beds (per 1,000 people)",SH.MED.BEDS.ZS,4.04,3.96,3.94,3.97,4,3.9,3.92,..,3.82,3.78,3.78,3.78,3.75,3.74,3.79,3.82
Australia,AUS,Current health expenditure (% of GDP),SH.XPD.CHEX.GD.ZS,7.58869076,7.67391729,7.87221003,7.87659502,8.08257675,7.9648633,7.97161102,8.0517149,8.24737453,8.54235363,8.41878414,8.53360462,8.66922569,8.74458122,9.82490253,10.17367649
Australia,AUS,Access to electricity (% of population),EG.ELC.ACCS.ZS,100,100,100,100,100,100,100,100,100,100,100,100,100,100,100,100
Australia,AUS,People using at least basic drinking water services (% of population),SH.H2O.BASW.ZS,99.7122951850974,99.7112440939618,99.7121932942878,99.7343585407436,99.756343263422,99.7781486825672,99.7997739521724,99.8212541640962,99.8425551218213,99.8636747098466,99.8831444931569,99.891961822547,99.9007695926109,99.9095893912989,99.9614764144689,99.9700009039845
Australia,AUS,People using at least basic sanitation services (% of population),SH.STA.BASS.ZS,99.9907556704031,99.9912540263272,99.9917523822512,99.9922507381752,99.9927490940993,99.9932474500233,99.9937458059473,99.9942441618714,99.9947425177954,99.9952408737194,99.9957392296434,99.9962375855675,99.9967359414915,99.9972342974155,99.9977326533395,99.9982310092636
Australia,AUS,GDP per capita (current US$),NY.GDP.PCAP.CD,21870.4159669594,19695.7297379144,20301.8431713256,23718.1338501868,30836.7306824685,34479.7679298388,36595.7071548423,41051.6120652288,49701.2817843335,42816.5674002829,52144.6654705468,62605.600458306,68072.8732340801,68190.7010035651,62544.0873773726,56739.0265346593
Australia,AUS,"School enrollment, secondary (% gross)",SE.SEC.ENRR,..,..,..,..,..,..,..,..,..,..,..,..,..,..,..,159.110763549805
Azerbaijan,AZE,"Life expectancy at birth, total (years)",SP.DYN.LE00.IN,65.377,66.043,66.769,67.036,67.488,67.71,68.489,68.659,69.355,69.874,70.309,70.565,71.08,71.485,71.93,72.349
Azerbaijan,AZE,"Mortality rate, adult, female (per 1,000 female adults)",SP.DYN.AMRT.FE,124.847,126.575,119.868,120.638,121.026,119.436,106.994,110.739,105.946,105.758,100.487,96.821,96.12,86.872,86.231,80.425
Azerbaijan,AZE,"Mortality rate, adult, male (per 1,000 male adults)",SP.DYN.AMRT.MA,261.08,244.879,234.113,237.362,232.065,236.472,230.564,230.765,215.832,203.699,199.309,202.224,192.887,192.283,181.077,180.769
Azerbaijan,AZE,"Mortality rate, infant (per 1,000 live births)",SP.DYN.IMRT.IN,59.9,55.7,51.7,47.9,44.5,41.4,38.6,36.1,33.7,31.6,29.5,27.5,25.7,24.1,22.5,21.1
Azerbaijan,AZE,"Mortality rate, under-5 (per 1,000 live births)",SH.DYN.MORT,74,69,64.1,59.6,55.5,51.8,48.5,45.5,42.7,40.1,37.7,35.4,33.2,31.2,29.5,27.8
Azerbaijan,AZE,"Prevalence of HIV, total (% of population ages 15-49)",SH.DYN.AIDS.ZS,0.1,0.1,0.1,0.1,0.1,0.1,0.1,0.1,0.1,0.1,0.1,0.1,0.1,0.1,0.1,0.1
Azerbaijan,AZE,"Incidence of tuberculosis (per 100,000 people)",SH.TBS.INCD,80,75,78,57,80,88,83,79,108,133,104,125,86,78,76,71
Azerbaijan,AZE,Diabetes prevalence (% of population ages 20 to 79),SH.STA.DIAB.ZS,..,..,..,..,..,..,..,..,..,..,..,2.8,..,..,..,..
Azerbaijan,AZE,"Physicians (per 1,000 people)",SH.MED.PHYS.ZS,3.545,3.512,3.521,3.508,3.512,3.533,3.511,3.648,3.612,3.596,3.582,3.359,3.409,3.373,3.362,3.291
Azerbaijan,AZE,"Hospital beds (per 1,000 people)",SH.MED.BEDS.ZS,7.62,7.45,7.32,7.17,7.13,7.1,6.96,6.83,6.71,6.58,4.46,4.07,4.1,4.13,4.29,4.08
Azerbaijan,AZE,Current health expenditure (% of GDP),SH.XPD.CHEX.GD.ZS,2.89007497,2.774194,2.73097301,2.72699213,2.65944242,2.22960997,2.07059145,1.99422264,2.04814458,2.76541352,2.64634848,2.59547186,3.15682149,3.22551084,3.58703041,4.34131384
Azerbaijan,AZE,Access to electricity (% of population),EG.ELC.ACCS.ZS,98.9,98.6,100,98.8,99,99.1,99.5,99.5,99.7,99.9,99.9,99.9,100,100,100,100
Azerbaijan,AZE,People using at least basic drinking water services (% of population),SH.H2O.BASW.ZS,73.4165803447003,74.6393821043784,75.870284030868,77.1098309119725,78.3574990243862,79.612829992789,80.8760045897352,82.147139457549,83.4255074202882,84.7112487261523,86.0078827586649,87.3142629577106,88.6295060271887,89.9528553019617,91.2831530135521,92.5693237263402
Azerbaijan,AZE,People using at least basic sanitation services (% of population),SH.STA.BASS.ZS,62.2763448871113,64.1750752555107,66.0659783026576,67.9494292873128,69.8252236827963,72.2781232201484,74.745714824542,77.2281562629166,79.7252646549165,82.2372192824179,84.7653165005318,87.3090251165639,89.867944807487,92.4416985929619,94.3420184990273,96.1196172823596
Azerbaijan,AZE,GDP per capita (current US$),NY.GDP.PCAP.CD,655.097249579917,703.670998584686,763.108895463487,883.692580745256,1045.0136328106,1578.36733030667,2472.95725732287,3851.33015175141,5574.46810432575,4950.39949009423,5843.5337683582,7189.81869211976,7495.86527658099,7875.34536661549,7890.84028062087,5500.50364628486
Azerbaijan,AZE,"School enrollment, secondary (% gross)",SE.SEC.ENRR,..,..,..,..,..,..,..,..,..,..,83.0853181521079,82.9176205382172,82.762274922741,83.1376553563209,83.4386600193183,84.8098586425184
Bahrain,BHR,"Life expectancy at birth, total (years)",SP.DYN.LE00.IN,74.673,74.942,75.209,75.486,75.787,76.125,76.51,76.952,77.457,78.016,78.593,79.141,79.622,79.998,80.214,80.338
Bahrain,BHR,"Mortality rate, adult, female (per 1,000 female adults)",SP.DYN.AMRT.FE,82.512,79.433,76.894,74.965,73.548,72.416,71.347,70.134,68.579,66.613,64.4,62.117,59.92,57.947,56.296,54.927
Bahrain,BHR,"Mortality rate, adult, male (per 1,000 male adults)",SP.DYN.AMRT.MA,106.154,102.977,99.822,96.806,93.931,91.116,88.284,85.371,82.324,79.187,76.156,73.405,71.069,69.257,68.026,67.212
Bahrain,BHR,"Mortality rate, infant (per 1,000 live births)",SP.DYN.IMRT.IN,10.5,10.1,9.7,9.4,9.1,8.8,8.5,8.1,7.8,7.4,7.1,6.8,6.6,6.5,6.4,6.3
Bahrain,BHR,"Mortality rate, under-5 (per 1,000 live births)",SH.DYN.MORT,12.5,12,11.6,11.3,11,10.6,10.3,9.8,9.4,9,8.6,8.3,8.1,7.9,7.8,7.7
Bahrain,BHR,"Prevalence of HIV, total (% of population ages 15-49)",SH.DYN.AIDS.ZS,0.1,0.1,0.1,0.1,0.1,0.1,0.1,0.1,0.1,0.1,0.1,0.1,0.1,0.1,0.1,0.1
Bahrain,BHR,"Incidence of tuberculosis (per 100,000 people)",SH.TBS.INCD,36,31,29,37,32,35,32,32,31,32,23,21,21,19,17,15
Bahrain,BHR,Diabetes prevalence (% of population ages 20 to 79),SH.STA.DIAB.ZS,14.8,..,..,..,..,..,..,..,..,..,..,19.5,..,..,..,..
Bahrain,BHR,"Physicians (per 1,000 people)",SH.MED.PHYS.ZS,0.953,1.016,1.058,1.048,0.963,1.029,1.001,1.011,0.993,0.974,0.971,0.997,1.016,0.994,0.976,0.932
Bahrain,BHR,"Hospital beds (per 1,000 people)",SH.MED.BEDS.ZS,2.55,2.53,2.57,2.45,2.29,2.25,2.1,1.96,1.89,1.77,1.76,2.05,2,2.01,1.96,1.9
Bahrain,BHR,Current health expenditure (% of GDP),SH.XPD.CHEX.GD.ZS,3.33542562,3.48573017,3.67866111,3.88658071,3.49817729,3.25870824,3.10821271,3.29534078,3.2038722,4.32666922,4.08934975,3.8651762,4.10642147,4.30853891,4.41240263,4.97671938
Bahrain,BHR,Access to electricity (% of population),EG.ELC.ACCS.ZS,100,100,100,100,100,100,100,100,100,100,100,100,100,100,100,100
Bahrain,BHR,People using at least basic drinking water services (% of population),SH.H2O.BASW.ZS,99.958665400505,99.9567270815289,99.9547887625528,99.9528504435767,99.9509121246006,99.9489738056245,99.9470354866484,99.9450971676723,99.9431588486962,99.9412205297201,99.939282210744,99.9373438917679,99.9354055727918,99.9334672538156,99.9315289348395,99.9295906158634
Bahrain,BHR,People using at least basic sanitation services (% of population),SH.STA.BASS.ZS,99.9338494189547,99.9387336652673,99.9436179115799,99.9485021578926,99.9533864042052,99.9582706505178,99.9631548968304,99.968039143143,99.9729233894557,99.9778076357683,99.9826918820809,99.9875761283935,99.9924603747062,99.9973446210188,100,100
Bahrain,BHR,GDP per capita (current US$),NY.GDP.PCAP.CD,14214.4836839343,13573.2339887597,13501.4708801425,14486.0269029822,15963.9493171617,17966.1657837625,19267.282615072,20908.4042548073,23299.4992780392,19465.3140745038,21819.3291098099,25032.7867743333,26438.6733230428,26989.7601148469,26451.7965647453,23734.0551143019
Bahrain,BHR,"School enrollment, secondary (% gross)",SE.SEC.ENRR,91.4384078979492,92.7467269897461,85.6890182495117,81.412971496582,80.4924011230469,81.2799224853516,83.5526885986328,..,89.0208892822266,90.1288833618164,90.1969414818577,93.2938990893653,98.4732914840696,107.610472634995,104.203846916518,100.303914816394
Barbados,BRB,"Life expectancy at birth, total (years)",SP.DYN.LE00.IN,74.58,74.707,74.82,74.865,75.15,74.96,75.049,75.263,75.3,75.458,75.488,75.599,75.737,75.816,75.926,76.055
Barbados,BRB,"Mortality rate, adult, female (per 1,000 female adults)",SP.DYN.AMRT.FE,99.463,100.754,98.608,96.835,92.746,94.995,96.496,92.423,93.063,92.07,94.169,93.049,92.034,91.215,90.286,88.955
Barbados,BRB,"Mortality rate, adult, male (per 1,000 male adults)",SP.DYN.AMRT.MA,173.799,167.147,162.215,158.87,151.5,155.325,153.984,152.316,151.65,150.134,148.381,147.05,144.813,144.202,142.834,140.95
Barbados,BRB,"Mortality rate, infant (per 1,000 live births)",SP.DYN.IMRT.IN,13,13.1,13.3,13.4,13.5,13.5,13.4,13.2,13.1,12.9,12.7,12.5,12.4,12.2,12,11.8
Barbados,BRB,"Mortality rate, under-5 (per 1,000 live births)",SH.DYN.MORT,14.4,14.5,14.7,14.8,14.9,14.8,14.7,14.5,14.3,14.1,13.9,13.7,13.5,13.3,13.1,12.8
Barbados,BRB,"Prevalence of HIV, total (% of population ages 15-49)",SH.DYN.AIDS.ZS,1,1,1,1.1,1.1,1.1,1.2,1.2,1.2,1.2,1.2,1.2,1.2,1.2,1.2,1.2
Barbados,BRB,"Incidence of tuberculosis (per 100,000 people)",SH.TBS.INCD,1.3,2.6,2.2,3.7,8.2,4.1,2.1,6.8,1.3,0.84,2.5,0,1.7,1.7,2.1,0
Barbados,BRB,Diabetes prevalence (% of population ages 20 to 79),SH.STA.DIAB.ZS,13.2,..,..,..,..,..,..,..,..,..,..,12.4,..,..,..,..
Barbados,BRB,"Physicians (per 1,000 people)",SH.MED.PHYS.ZS,1.379,1.583,..,..,..,1.815,..,..,..,..,..,..,..,..,..,..
Barbados,BRB,"Hospital beds (per 1,000 people)",SH.MED.BEDS.ZS,..,..,..,7.3,7.3,6.7,6.6,..,7.6,6.8,6.88,..,6.47,6.47,6.05,6.03
Barbados,BRB,Current health expenditure (% of GDP),SH.XPD.CHEX.GD.ZS,5.33187246,5.52529192,5.86123466,6.69148111,7.31297731,6.77536297,6.58370161,6.05665207,6.47753286,7.14522552,6.77094746,6.89690495,7.77819967,7.39746428,6.96651411,6.81827545
Barbados,BRB,Access to electricity (% of population),EG.ELC.ACCS.ZS,100,100,100,100,99.9,99.9,100,100,100,100,100,100,100,100,100,100
Barbados,BRB,People using at least basic drinking water services (% of population),SH.H2O.BASW.ZS,98.3244234586283,98.3344248775752,98.3444262965221,98.354427715469,98.3644291344159,98.3744305533628,98.3844319723097,98.3944333912566,98.4044348102036,98.4144362291505,98.4244376480974,98.4344390670443,98.4444404859912,98.4544419049381,98.464443323885,98.4744447428319
Barbados,BRB,People using at least basic sanitation services (% of population),SH.STA.BASS.ZS,88.8534902197376,89.3536190555618,89.8537478913859,90.35387672721,90.8540055630342,91.3541343988583,91.8542632346825,92.3543920705066,92.8545209063307,93.3546497421548,93.854778577979,94.3549074138031,94.8550362496273,95.3551650854515,95.8552939212757,96.3554227570998
Barbados,BRB,GDP per capita (current US$),NY.GDP.PCAP.CD,11674.6736471764,11639.5160522054,11760.4524736133,12075.9587020649,12886.3665272467,14214.4202213572,15619.6005955511,17235.4396434785,17565.6929970592,16294.9099491834,18860.3833703309,19345.9953139542,19034.0708028512,19308.0091116993,19277.9423599235,18954.2913724506
Barbados,BRB,"School enrollment, secondary (% gross)",SE.SEC.ENRR,107.564750671387,108.259826660156,107.798782348633,107.189636230469,108.061492919922,108.776031494141,107.878128051758,109.740669250488,110.919006347656,110.282241821289,107.682540893555,107.300071716309,..,..,108.186309814453,108.196029663086
Belgium,BEL,"Life expectancy at birth, total (years)",SP.DYN.LE00.IN,77.7219512195122,77.9731707317073,78.0756097560976,78.1292682926829,78.8780487804878,78.9804878048781,79.380487804878,79.7829268292683,79.6804878048781,80.0341463414634,80.1829268292683,80.5853658536585,80.3853658536585,80.5878048780488,81.2878048780488,80.9926829268293
Belgium,BEL,"Mortality rate, adult, female (per 1,000 female adults)",SP.DYN.AMRT.FE,68.703,67.722,66.905,65.357,62.807,62.164,61.11,63.08,61.634,61.099,59.3,59.462,57.054,57.509,53.263,53.983
Belgium,BEL,"Mortality rate, adult, male (per 1,000 male adults)",SP.DYN.AMRT.MA,130.497,128.037,124.715,122.423,116.535,114.317,110.936,109.303,111.648,107.237,102.286,100.409,99.119,94.41,91.495,89.437
Belgium,BEL,"Mortality rate, infant (per 1,000 live births)",SP.DYN.IMRT.IN,4.8,4.7,4.5,4.4,4.2,4.1,4,3.9,3.8,3.8,3.7,3.6,3.5,3.5,3.4,3.4
Belgium,BEL,"Mortality rate, under-5 (per 1,000 live births)",SH.DYN.MORT,5.9,5.7,5.5,5.3,5.2,5,4.9,4.8,4.7,4.6,4.5,4.4,4.3,4.2,4.2,4.1
Belgium,BEL,"Prevalence of HIV, total (% of population ages 15-49)",SH.DYN.AIDS.ZS,0.1,0.1,0.1,0.1,0.1,0.1,0.1,0.1,0.2,0.2,0.2,0.2,0.2,0.2,0.2,0.2
Belgium,BEL,"Incidence of tuberculosis (per 100,000 people)",SH.TBS.INCD,14,15,13,12,12,12,11,10,10,9.8,11,10,9.4,9.3,9.1,9.5
Belgium,BEL,Diabetes prevalence (% of population ages 20 to 79),SH.STA.DIAB.ZS,..,..,..,..,..,..,..,..,..,..,..,4.8,..,..,..,..
Belgium,BEL,"Physicians (per 1,000 people)",SH.MED.PHYS.ZS,2.825,2.842,2.852,2.85,2.859,2.86,2.876,2.897,2.916,2.924,2.925,2.938,2.954,2.972,2.984,3.025
Belgium,BEL,"Hospital beds (per 1,000 people)",SH.MED.BEDS.ZS,6.71,6.61,6.52,6.51,6.46,6.41,6.33,6.25,6.24,6.15,6.13,6.1,6.03,5.96,5.87,5.85
Belgium,BEL,Current health expenditure (% of GDP),SH.XPD.CHEX.GD.ZS,7.99917603,8.14988899,8.3182106,9.16443443,9.32808685,9.22216892,9.12786484,9.13448715,9.59315872,10.31897831,10.20009708,10.3613987,10.50250053,10.57460022,10.6084671,10.79679203
Belgium,BEL,Access to electricity (% of population),EG.ELC.ACCS.ZS,100,100,100,100,100,100,100,100,100,100,100,100,100,100,100,100
Belgium,BEL,People using at least basic drinking water services (% of population),SH.H2O.BASW.ZS,99.9999969007735,99.9999985672575,100,99.999996655624,100,100,99.999998327484,99.9999976236059,99.9999954798535,99.9999987545871,99.9999993558678,99.9999957871607,99.9999988236868,99.9999956364419,99.9999985626867,99.9999962819912
Belgium,BEL,People using at least basic sanitation services (% of population),SH.STA.BASS.ZS,99.4846315051825,99.4847977084529,99.4849659216201,99.4851239607149,99.4852943650297,99.4854568629514,99.4856157010905,99.4857778155169,99.485938234534,99.4861037837084,99.4861223783122,99.4861282307438,99.4861402795475,99.4861457738456,99.4861569997112,99.486162707096
Belgium,BEL,GDP per capita (current US$),NY.GDP.PCAP.CD,23098.8865077401,23015.0712632462,25006.191397109,30655.2092679024,35429.4077933344,36809.7013403619,38705.1067959147,44319.165448813,48303.397956286,44923.3400135081,44197.393671162,47760.8298776546,44874.1709182123,46964.5946777056,47995.7786961339,40893.804537772
Belgium,BEL,"School enrollment, secondary (% gross)",SE.SEC.ENRR,146.919784545898,155.946166992188,157.648773193359,158.87922668457,151.638092041016,157.343399047852,158.685104370117,159.439895629883,160.468811035156,159.661544799805,160.66047668457,159.349304199219,160.110534667969,161.845886230469,162.421981811523,164.079818725586
Benin,BEN,"Life expectancy at birth, total (years)",SP.DYN.LE00.IN,56.594,56.654,56.851,57.092,57.346,57.738,57.966,58.249,58.099,58.258,58.387,58.462,58.559,58.863,59.008,59.123
Benin,BEN,"Mortality rate, adult, female (per 1,000 female adults)",SP.DYN.AMRT.FE,247.342,251.429,254.109,255.57,256.256,253.666,252.906,251.869,259.287,260.563,261.763,263.306,263.748,260.174,259.876,260.009
Benin,BEN,"Mortality rate, adult, male (per 1,000 male adults)",SP.DYN.AMRT.MA,303.716,304.513,301.629,298.42,295.12,290.01,288.549,285.404,288.991,287.485,287.521,288.789,290.16,288.037,288.357,289.265
Benin,BEN,"Mortality rate, infant (per 1,000 live births)",SP.DYN.IMRT.IN,79.7,77.8,76,74.2,72.5,70.9,69.3,67.9,66.4,65.1,63.7,62.4,61,59.7,58.3,57
Benin,BEN,"Mortality rate, under-5 (per 1,000 live births)",SH.DYN.MORT,136.1,132.8,129.6,126.5,123.5,120.6,117.9,115.4,113,110.6,108.4,106.2,103.9,101.6,99.3,97.1
Benin,BEN,"Prevalence of HIV, total (% of population ages 15-49)",SH.DYN.AIDS.ZS,1.5,1.4,1.4,1.4,1.3,1.3,1.2,1.2,1.1,1.1,1.1,1.1,1.1,1.1,1,1
Benin,BEN,"Incidence of tuberculosis (per 100,000 people)",SH.TBS.INCD,86,83,80,78,75,73,71,69,69,69,68,67,66,64,61,60
Benin,BEN,Diabetes prevalence (% of population ages 20 to 79),SH.STA.DIAB.ZS,..,..,..,..,..,..,..,..,..,..,..,2,..,..,..,..
Benin,BEN,"Physicians (per 1,000 people)",SH.MED.PHYS.ZS,..,..,..,..,0.039,..,..,..,0.061,..,0.054,0.056,..,..,..,..
Benin,BEN,"Hospital beds (per 1,000 people)",SH.MED.BEDS.ZS,..,..,..,..,..,0.5,..,..,..,..,0.45,0.49,0.48,0.47,0.46,0.44
Benin,BEN,Current health expenditure (% of GDP),SH.XPD.CHEX.GD.ZS,2.9591713,3.30417323,3.09589195,3.11678505,3.23273873,3.22345805,3.28773856,2.93715644,2.65178108,2.88892651,3.00988984,2.99707985,3.07562971,2.86880755,2.69111967,2.72813416
Benin,BEN,Access to electricity (% of population),EG.ELC.ACCS.ZS,21.5,21.9,23.4,24.3,25.2,26.1,27.9,28,29,30,34.2,36.9,38.4,34.7,34.1,29.6
Benin,BEN,People using at least basic drinking water services (% of population),SH.H2O.BASW.ZS,61.7404116172502,62.0016480421804,62.2761523914598,62.5732994284283,62.8659664905111,63.1536621577974,63.436586737944,63.7149109429296,63.988382437498,64.2565643451351,64.5198486890521,64.7781966695834,65.0315792739664,65.2795997940444,65.5234749625524,65.7627587295769
Benin,BEN,People using at least basic sanitation services (% of population),SH.STA.BASS.ZS,8.60566700510411,9.00424752605042,9.42522879725803,9.87676965998667,10.3400677635835,10.814694218731,11.3007400084745,11.7983015321379,12.3071178648893,12.8267358396861,13.3574318576564,13.8991204082012,14.4517136045026,15.0147440721455,15.5894570732653,16.17540036159
Benin,BEN,GDP per capita (current US$),NY.GDP.PCAP.CD,487.424141384242,492.401499509072,546.463829658159,676.002878084282,758.695803786371,779.437777753268,809.147072506221,912.338247188342,1060.60254502099,1024.10277858112,973.244254931526,1059.41358852588,1071.5258366283,1168.92699279226,1204.39918670094,1002.41886879614
Benin,BEN,"School enrollment, secondary (% gross)",SE.SEC.ENRR,20.0005397796631,21.7104396820068,23.5846691131592,24.9001197814941,26.7041492462158,..,..,..,..,..,..,45.7294692993164,..,52.0378494262695,52.5952682495117,55.1333084106445
Bhutan,BTN,"Life expectancy at birth, total (years)",SP.DYN.LE00.IN,61.842,63.323,63.984,64.662,65.29,65.875,66.499,67.152,67.733,68.156,68.765,69.28,69.759,70.161,70.504,70.797
Bhutan,BTN,"Mortality rate, adult, female (per 1,000 female adults)",SP.DYN.AMRT.FE,216.82,205.641,198.219,191.081,184.445,178.172,170.636,163.929,157.967,154.04,146.23,140.25,135.137,130.927,127.386,124.388
Bhutan,BTN,"Mortality rate, adult, male (per 1,000 male adults)",SP.DYN.AMRT.MA,266.391,250.66,243.691,236.226,229.2,222.624,216.233,208.375,201.275,195.644,189.361,183.27,177.122,171.884,167.389,163.505
Bhutan,BTN,"Mortality rate, infant (per 1,000 live births)",SP.DYN.IMRT.IN,60.1,56.7,53.5,50.3,47.2,44.1,41.2,38.4,35.9,33.6,31.4,29.5,27.9,26.5,25.4,24.4
Bhutan,BTN,"Mortality rate, under-5 (per 1,000 live births)",SH.DYN.MORT,78.5,74,69.6,65.4,61.2,57.1,53.2,49.6,46.2,43.1,40.3,37.7,35.6,33.8,32.2,30.8
Bhutan,BTN,"Prevalence of HIV, total (% of population ages 15-49)",SH.DYN.AIDS.ZS,0.1,0.1,0.1,0.1,0.1,0.1,0.1,0.1,0.1,0.1,0.1,0.1,0.1,0.1,0.1,0.1
Bhutan,BTN,"Incidence of tuberculosis (per 100,000 people)",SH.TBS.INCD,239,212,218,201,190,190,171,184,175,203,234,218,197,186,182,163
Bhutan,BTN,Diabetes prevalence (% of population ages 20 to 79),SH.STA.DIAB.ZS,..,..,..,..,..,..,..,..,..,..,..,5.7,..,..,..,..
Bhutan,BTN,"Physicians (per 1,000 people)",SH.MED.PHYS.ZS,..,..,..,..,0.182,..,..,0.211,0.248,..,..,..,0.269,0.279,0.331,0.338
Bhutan,BTN,"Hospital beds (per 1,000 people)",SH.MED.BEDS.ZS,1.74,1.7,1.65,1.72,1.71,1.63,1.68,1.7,1.69,1.7,1.68,1.79,1.77,1.75,1.73,1.72
Bhutan,BTN,Current health expenditure (% of GDP),SH.XPD.CHEX.GD.ZS,4.13867903,4.60037947,3.95161104,3.83481455,4.26397753,3.83308983,4.08523893,3.83774948,3.14842224,3.29665017,3.29502344,3.08310628,3.32087612,3.40428138,3.28293824,3.48926425
Bhutan,BTN,Access to electricity (% of population),EG.ELC.ACCS.ZS,31.2,40.2,44.1,41.1,51.9,59.8,59.7,71.8,67.6,71.5,73.3,81.8,91.5,87.4,91.4,95.4
Bhutan,BTN,People using at least basic drinking water services (% of population),SH.H2O.BASW.ZS,82.3616023376971,83.4672853946384,84.619956973004,85.7539271039214,86.8683908719885,87.9567599908277,88.9789644735717,89.9867722230308,90.9798258203144,91.9575530816724,92.9198297625289,93.8663401691151,94.796080074277,95.70915284335,96.6057777361165,97.4862232685065
Bhutan,BTN,People using at least basic sanitation services (% of population),SH.STA.BASS.ZS,46.9049420148629,47.2601457118494,49.1547421492926,51.0165270702967,52.844198299812,54.6241930830264,56.2695823363996,57.8890069731265,59.4818938821528,61.0687309500426,62.6289580941062,64.1622239029782,65.6661456957171,67.140887988373,68.5868506524737,70.0045782225333
Bhutan,BTN,GDP per capita (current US$),NY.GDP.PCAP.CD,771.924911410619,812.238210772056,895.799489930972,1022.38240311018,1130.35934606796,1299.94938578359,1405.6071618158,1850.41570433398,1919.59774896395,1918.39599211093,2435.5798056672,2787.97967608562,2751.2128864294,2679.95217201538,2849.49998647303,2954.04081911097
Bhutan,BTN,"School enrollment, secondary (% gross)",SE.SEC.ENRR,30.5185794830322,33.8684310913086,..,..,..,43.8849105834961,46.4304084777832,50.2249412536621,53.5040893554688,58.5537414550781,62.9354400634766,66.9861221313477,72.1302185058594,76.680793762207,84.1404190063477,85.2313079833984
American Samoa,ASM,"Life expectancy at birth, total (years)",SP.DYN.LE00.IN,71.443,71.573,71.755,71.698,72.277,72.382,72.397,72.365,72.43,70.839,72.587,72.662,72.709,72.769,72.687,72.654
American Samoa,ASM,"Mortality rate, adult, female (per 1,000 female adults)",SP.DYN.AMRT.FE,127.04,124.255,120.183,115.727,108.46,109.875,113.953,118.703,117.985,141.823,116.19,114.998,114.003,114.166,120.588,123.952
American Samoa,ASM,"Mortality rate, adult, male (per 1,000 male adults)",SP.DYN.AMRT.MA,209.908,205.71,200.807,197.504,188.595,186.752,187.408,190.268,190.804,206.581,189.963,189.35,190.087,189.164,192.505,195.586
American Samoa,ASM,"Mortality rate, infant (per 1,000 live births)",SP.DYN.IMRT.IN,..,..,..,..,..,..,..,..,..,..,..,..,..,..,..,..
American Samoa,ASM,"Mortality rate, under-5 (per 1,000 live births)",SH.DYN.MORT,..,..,..,..,..,..,..,..,..,..,..,..,..,..,..,..
American Samoa,ASM,"Prevalence of HIV, total (% of population ages 15-49)",SH.DYN.AIDS.ZS,..,..,..,..,..,..,..,..,..,..,..,..,..,..,..,..
American Samoa,ASM,"Incidence of tuberculosis (per 100,000 people)",SH.TBS.INCD,6.1,6,4,6.1,10,12,8.2,6.1,6.2,8.3,8.3,6.3,7.2,7,6.8,8.7
American Samoa,ASM,Diabetes prevalence (% of population ages 20 to 79),SH.STA.DIAB.ZS,..,..,..,..,..,..,..,..,..,..,..,..,..,..,..,..
American Samoa,ASM,"Physicians (per 1,000 people)",SH.MED.PHYS.ZS,..,..,..,..,..,..,..,..,..,..,..,..,..,..,..,..
American Samoa,ASM,"Hospital beds (per 1,000 people)",SH.MED.BEDS.ZS,..,..,..,..,..,..,..,..,..,..,..,..,..,..,..,..
American Samoa,ASM,Current health expenditure (% of GDP),SH.XPD.CHEX.GD.ZS,..,..,..,..,..,..,..,..,..,..,..,..,..,..,..,..
American Samoa,ASM,Access to electricity (% of population),EG.ELC.ACCS.ZS,..,..,..,..,..,..,..,..,..,..,..,..,..,..,..,..
American Samoa,ASM,People using at least basic drinking water services (% of population),SH.H2O.BASW.ZS,94.9322903901615,95.1859645914257,95.4396387926897,95.6933129939538,95.9469871952179,96.200661396482,96.454335597746,96.7080097990101,96.9616840002742,97.2153582015383,97.4690324028023,97.7227066040664,97.9763808053305,98.2300550065946,98.4837292078587,98.7374034091227
American Samoa,ASM,People using at least basic sanitation services (% of population),SH.STA.BASS.ZS,64.6022126416572,64.5940020646939,64.5857914877307,64.5775809107675,64.5693703338042,64.561159756841,64.5529491798777,64.5447386029145,64.5365280259512,63.3846165917388,62.2329962063021,61.0816668696417,59.9306285817578,58.7798813426497,57.6294251523178,56.4792600107625
American Samoa,ASM,GDP per capita (current US$),NY.GDP.PCAP.CD,..,..,8972.69636535698,9197.66196836987,8958.42866697173,8831.26975996609,8745.16621137404,9231.37240924563,10030.8089130902,12156.0293905777,10375.1720141957,10383.459331451,11745.4899153958,11813.5022034589,12026.3344929488,12727.4102651386
American Samoa,ASM,"School enrollment, secondary (% gross)",SE.SEC.ENRR,..,..,..,..,..,..,..,..,..,..,..,..,..,..,..,..
Angola,AGO,"Life expectancy at birth, total (years)",SP.DYN.LE00.IN,46.501,47.032,47.874,50.218,51.123,52.13,52.965,54.2,55.281,56.225,57.242,58.093,58.916,59.705,60.396,61.042
Angola,AGO,"Mortality rate, adult, female (per 1,000 female adults)",SP.DYN.AMRT.FE,352.037,345.851,343.889,324.731,317.443,309.176,304.396,292.601,282.153,274.574,263.504,253.571,244.237,235.948,229.149,222.12
Angola,AGO,"Mortality rate, adult, male (per 1,000 male adults)",SP.DYN.AMRT.MA,466.917,477.543,449.934,399.261,390.405,379.203,370.681,357.591,348.072,341.122,332.529,328.921,325.282,319.374,313.312,307.183
Angola,AGO,"Mortality rate, infant (per 1,000 live births)",SP.DYN.IMRT.IN,115,111.9,108.1,104,99.3,94.4,89.1,83.8,78.7,73.7,68.9,64.4,60.4,56.7,53.6,51.1
Angola,AGO,"Mortality rate, under-5 (per 1,000 live births)",SH.DYN.MORT,203,196.9,189.9,182.2,173.8,165,155.5,146,137,128.2,119.8,112.1,104.8,98.3,92.8,88.2
Angola,AGO,"Prevalence of HIV, total (% of population ages 15-49)",SH.DYN.AIDS.ZS,1.4,1.4,1.5,1.5,1.6,1.6,1.6,1.7,1.7,1.7,1.7,1.8,1.8,1.8,1.8,1.8
Angola,AGO,"Incidence of tuberculosis (per 100,000 people)",SH.TBS.INCD,297,308,320,334,350,368,377,379,382,385,384,383,380,376,370,366
Angola,AGO,Diabetes prevalence (% of population ages 20 to 79),SH.STA.DIAB.ZS,..,..,..,..,..,..,..,..,..,..,..,2.9,..,..,..,..
Angola,AGO,"Physicians (per 1,000 people)",SH.MED.PHYS.ZS,..,..,..,..,0.062,..,..,..,..,0.131,..,..,..,..,..,..
Angola,AGO,"Hospital beds (per 1,000 people)",SH.MED.BEDS.ZS,..,..,..,..,..,0.8,..,..,..,..,..,..,..,..,..,..
Angola,AGO,Current health expenditure (% of GDP),SH.XPD.CHEX.GD.ZS,1.90859938,4.48351622,3.32946134,3.54797316,3.96719909,2.85219526,2.68553543,2.97439122,3.32290339,3.84260798,2.69509959,2.64560771,2.39574957,2.73282695,2.43412876,2.60579467
Angola,AGO,Access to electricity (% of population),EG.ELC.ACCS.ZS,24.2,20,26.3,27.4,28.4,29.4,30.5,37.5,38.5,33.8,35,34.6,37.3,38.4,32,42
Angola,AGO,People using at least basic drinking water services (% of population),SH.H2O.BASW.ZS,41.1443097881583,42.254675873402,43.3768004555676,44.3638728219385,45.351334802482,46.336018417288,47.1502307724816,47.9614692762391,48.7704037164953,49.5751644888688,50.3768404281237,51.1748356552453,51.9685419144087,52.7573457655021,53.5415077905239,54.316930612657
Angola,AGO,People using at least basic sanitation services (% of population),SH.STA.BASS.ZS,27.5575243295056,28.9892228999424,30.4224688661868,31.8560605984651,33.2903908906274,34.7226378362301,35.9912829408025,37.2593050122209,38.5275103563643,39.7942707753161,41.0607923213848,42.3266654473422,43.5914724861148,44.8547922195447,46.1170299677134,47.3744826098829
Angola,AGO,GDP per capita (current US$),NY.GDP.PCAP.CD,563.733795571487,533.586202412447,882.147847234303,992.698979254665,1266.21086410236,1916.46842218625,2617.05196022633,3141.0459797605,4103.0669003635,3136.64546955947,3597.34293216332,4615.91059831778,5086.02740086376,5057.74787833163,5005.9997412707,3213.90261080059
Angola,AGO,"School enrollment, secondary (% gross)",SE.SEC.ENRR,13.3690700531006,15.0013399124146,16.1495990753174,..,..,..,..,..,22.7990207672119,24.3320198059082,28.2108038778932,29.6869517832747,..,..,..,..
Argentina,ARG,"Life expectancy at birth, total (years)",SP.DYN.LE00.IN,73.91,74.154,74.312,74.307,74.871,75.231,75.279,74.783,75.428,75.577,75.68,76.1,75.802,75.829,76.268,76.6
Argentina,ARG,"Mortality rate, adult, female (per 1,000 female adults)",SP.DYN.AMRT.FE,96.592,95.668,93.468,94.855,90.606,87.198,90.282,93.691,91.105,94.267,88.861,83.781,90.617,90.083,86.625,81.387
Argentina,ARG,"Mortality rate, adult, male (per 1,000 male adults)",SP.DYN.AMRT.MA,176.022,174.468,174.56,170.033,161.164,158.217,157.634,162.191,158.909,157.021,151.509,150.593,150.709,149.82,145.574,142.693
Argentina,ARG,"Mortality rate, infant (per 1,000 live births)",SP.DYN.IMRT.IN,16.7,16.2,15.8,15.4,14.9,14.4,14,13.6,13.2,12.8,12.4,11.9,11.4,10.9,10.4,10
Argentina,ARG,"Mortality rate, under-5 (per 1,000 live births)",SH.DYN.MORT,19.4,18.8,18.3,17.8,17.3,16.7,16.2,15.8,15.4,14.9,14.4,13.9,13.3,12.7,12.2,11.7
Argentina,ARG,"Prevalence of HIV, total (% of population ages 15-49)",SH.DYN.AIDS.ZS,0.3,0.3,0.3,0.3,0.3,0.3,0.4,0.4,0.4,0.4,0.4,0.4,0.4,0.4,0.4,0.4
Argentina,ARG,"Incidence of tuberculosis (per 100,000 people)",SH.TBS.INCD,37,35,35,33,34,31,28,30,26,22,21,27,24,24,25,26
Argentina,ARG,Diabetes prevalence (% of population ages 20 to 79),SH.STA.DIAB.ZS,..,..,..,..,..,..,..,..,..,..,..,5.5,..,..,..,..
Argentina,ARG,"Physicians (per 1,000 people)",SH.MED.PHYS.ZS,..,3.2481,..,..,3.1857,..,..,..,..,..,..,..,..,3.9385,..,3.973
Argentina,ARG,"Hospital beds (per 1,000 people)",SH.MED.BEDS.ZS,4.1,..,..,..,..,4,..,..,..,..,4.5,4.41,4.6,4.8,4.86,4.97
Argentina,ARG,Current health expenditure (% of GDP),SH.XPD.CHEX.GD.ZS,8.22001076,8.37179852,7.3933115,6.89451647,7.22868252,7.61078882,7.64032793,7.83455086,8.1826973,9.45599556,9.44546413,9.41819859,9.82726669,9.78097916,9.67129993,10.22933674
Argentina,ARG,Access to electricity (% of population),EG.ELC.ACCS.ZS,95.7,95.5,96.1,96.3,96.5,96.7,97,97.2,97.5,97.8,98.8,99,99.1,99.3,100,99.7
Argentina,ARG,People using at least basic drinking water services (% of population),SH.H2O.BASW.ZS,96.2840257442126,96.5228198652942,96.7554692969689,96.9824166198558,97.2043461157274,97.4211883068913,97.6332141757066,97.8403601049127,98.0428781125276,98.2407291145394,98.4340478989156,98.6218627766521,98.8052936559107,98.8641989604982,98.9232479851466,98.9823081880311
Argentina,ARG,People using at least basic sanitation services (% of population),SH.STA.BASS.ZS,87.6669269654323,88.1359392097076,88.6033940308795,89.0695626056267,89.535067661347,89.9997328171333,90.463786071511,90.9270366712693,91.389714779665,91.851632903701,92.3128297975777,92.7707536939526,93.2268007089789,93.6231264544083,94.0211238749445,94.4204081447428
Argentina,ARG,GDP per capita (current US$),NY.GDP.PCAP.CD,7637.01489203628,7141.47507662826,2569.69963519124,3320.47775133903,4242.02099089422,5067.65342293276,5869.38028970204,7185.25155147027,8944.1102657357,8150.23527028221,10260.1313108254,12704.2831819684,12949.717486654,12963.675773326,12233.1444119186,13679.6264980954
Argentina,ARG,"School enrollment, secondary (% gross)",SE.SEC.ENRR,96.2141189575195,97.6240463256836,96.9965667724609,96.0464477539062,95.4575576782227,93.6376724243164,92.4075775146484,92.1874084472656,93.183219909668,96.4056777954102,99.0709991455078,100.884559631348,102.709991455078,104.540863037109,106.038902282715,107.504867553711
Aruba,ABW,"Life expectancy at birth, total (years)",SP.DYN.LE00.IN,72.939,73.044,73.135,73.236,73.223,73.415,73.498,73.642,73.783,73.974,74.297,74.578,74.841,75.072,75.261,75.405
Aruba,ABW,"Mortality rate, adult, female (per 1,000 female adults)",SP.DYN.AMRT.FE,88.188,87.262,86.431,85.752,85.962,84.799,83.589,82.112,80.554,78.153,70.056,68.648,66.917,66.304,64.901,64.764
Aruba,ABW,"Mortality rate, adult, male (per 1,000 male adults)",SP.DYN.AMRT.MA,177.639,176.119,174.307,172.183,171.848,167.526,166.301,163.521,161.095,158.457,160.929,155.019,150.283,144.893,141.756,137.81
Aruba,ABW,"Mortality rate, infant (per 1,000 live births)",SP.DYN.IMRT.IN,..,..,..,..,..,..,..,..,..,..,..,..,..,..,..,..
Aruba,ABW,"Mortality rate, under-5 (per 1,000 live births)",SH.DYN.MORT,..,..,..,..,..,..,..,..,..,..,..,..,..,..,..,..
Aruba,ABW,"Prevalence of HIV, total (% of population ages 15-49)",SH.DYN.AIDS.ZS,..,..,..,..,..,..,..,..,..,..,..,..,..,..,..,..
Aruba,ABW,"Incidence of tuberculosis (per 100,000 people)",SH.TBS.INCD,8,8.6,9.1,9.6,10,11,11,11,11,12,6.9,9.1,32,12,2.2,9.9
Aruba,ABW,Diabetes prevalence (% of population ages 20 to 79),SH.STA.DIAB.ZS,12.1,..,..,..,..,..,..,..,..,..,..,12.4,..,..,..,..
Aruba,ABW,"Physicians (per 1,000 people)",SH.MED.PHYS.ZS,..,..,..,..,..,..,..,..,..,..,..,..,..,..,..,..
Aruba,ABW,"Hospital beds (per 1,000 people)",SH.MED.BEDS.ZS,..,..,..,..,..,..,..,..,..,..,..,..,..,..,..,..
Aruba,ABW,Current health expenditure (% of GDP),SH.XPD.CHEX.GD.ZS,..,..,..,..,..,..,..,..,..,..,..,..,..,..,..,..
Aruba,ABW,Access to electricity (% of population),EG.ELC.ACCS.ZS,91.7,100,100,100,100,100,100,100,100,100,93.4,100,100,100,100,100
Aruba,ABW,People using at least basic drinking water services (% of population),SH.H2O.BASW.ZS,94.4888063555081,94.7704911076312,95.0521758597543,95.3338606118775,95.6155453640006,95.8972301161238,96.178914868247,96.4605996203701,96.7422843724932,97.0239691246164,97.3056538767395,97.5873386288627,97.8690233809859,97.8690233809859,97.8690233809859,97.8690233809859
Aruba,ABW,People using at least basic sanitation services (% of population),SH.STA.BASS.ZS,97.9731037869072,98.0125082381901,98.051912689473,98.0913171407559,98.1307215920388,98.1701260433217,98.2095304946046,98.2489349458875,98.2883393971704,98.3277438484533,98.3671482997362,98.4065527510191,98.445957202302,98.4853616535849,98.5247661048679,98.5641705561508
Aruba,ABW,GDP per capita (current US$),NY.GDP.PCAP.CD,20681.0230269625,20740.1325828172,21307.2482505267,21949.4859960868,23700.6319899197,24171.8371325422,24845.65848362,26736.3089444046,28171.9094008501,25134.7712303589,24093.1401510626,25712.3843015186,25119.6655449838,25813.5767274227,26129.8390617693,27458.2253310273
Aruba,ABW,"School enrollment, secondary (% gross)",SE.SEC.ENRR,..,97.5565338134766,100.163063049316,101.929069519043,100.940940856934,99.2053527832031,99.8657531738281,106.236473083496,97.0627517700195,99.1602172851562,98.2207412719727,96.633918762207,108.976188659668,..,..,..
Austria,AUT,"Life expectancy at birth, total (years)",SP.DYN.LE00.IN,78.1268292682927,78.5756097560976,78.6780487804878,78.6317073170732,79.1804878048781,79.3317073170732,79.8804878048781,80.1804878048781,80.4317073170732,80.3317073170732,80.5804878048781,80.9829268292683,80.9365853658537,81.1365853658537,81.490243902439,81.190243902439
Austria,AUT,"Mortality rate, adult, female (per 1,000 female adults)",SP.DYN.AMRT.FE,63.196,60.139,58.829,59.49,55.035,55.201,51.442,51.858,50.262,50.079,48.689,49.353,46.708,45.326,46.009,44.687
Austria,AUT,"Mortality rate, adult, male (per 1,000 male adults)",SP.DYN.AMRT.MA,126.568,122.892,120.026,115.817,114.612,111.759,105.344,104.253,99.617,103.061,100.315,94.356,91.335,89.369,85.621,84.688
Austria,AUT,"Mortality rate, infant (per 1,000 live births)",SP.DYN.IMRT.IN,4.5,4.5,4.4,4.3,4.2,4.1,4,3.9,3.8,3.7,3.6,3.5,3.4,3.3,3.2,3.1
Austria,AUT,"Mortality rate, under-5 (per 1,000 live births)",SH.DYN.MORT,5.5,5.4,5.3,5.2,5.1,4.9,4.8,4.6,4.5,4.4,4.3,4.2,4,3.9,3.8,3.7
Austria,AUT,"Prevalence of HIV, total (% of population ages 15-49)",SH.DYN.AIDS.ZS,..,..,..,..,..,..,..,..,..,..,..,..,..,..,..,..
Austria,AUT,"Incidence of tuberculosis (per 100,000 people)",SH.TBS.INCD,17,14,15,13,13,13,12,11,11,9.1,9.1,9.2,8.5,8.5,7.6,7.5
Austria,AUT,Diabetes prevalence (% of population ages 20 to 79),SH.STA.DIAB.ZS,..,..,..,..,..,..,..,..,..,..,..,6.6,..,..,..,..
Austria,AUT,"Physicians (per 1,000 people)",SH.MED.PHYS.ZS,3.878,3.99,4.061,4.146,4.233,4.35,4.478,4.545,4.61,4.703,4.808,4.854,4.905,4.996,5.049,5.099
Austria,AUT,"Hospital beds (per 1,000 people)",SH.MED.BEDS.ZS,7.95,7.85,7.81,7.73,7.74,7.69,7.66,7.75,7.69,7.68,7.65,7.68,7.67,7.64,7.58,7.54
Austria,AUT,Current health expenditure (% of GDP),SH.XPD.CHEX.GD.ZS,9.20371342,9.26942921,9.3947649,9.5472393,9.70939922,9.62702942,9.5311327,9.53209686,9.72564602,10.22582531,10.22101879,10.02613258,10.19915581,10.28574848,10.36809158,10.36746693
Austria,AUT,Access to electricity (% of population),EG.ELC.ACCS.ZS,100,100,100,100,100,100,100,100,100,100,100,100,100,100,100,100
Austria,AUT,People using at least basic drinking water services (% of population),SH.H2O.BASW.ZS,99.9999997317949,100,99.9999992989147,99.9999970414865,99.9999975141402,99.9999992165691,100,99.9999990816826,99.9999983100254,100,100,99.9999994181032,99.9999966635574,99.999997857895,100,99.9999988248374
Austria,AUT,People using at least basic sanitation services (% of population),SH.STA.BASS.ZS,99.9999792345039,99.999991799194,99.9999980392323,99.9983754167631,99.996530510081,99.9947044560317,99.9928973265328,99.9911019826259,99.9893267550083,99.9875724384066,99.9858342390638,99.984111541528,99.9823078846103,99.9804526499749,99.9785880353987,99.9767047978383
Austria,AUT,GDP per capita (current US$),NY.GDP.PCAP.CD,24487.2974685956,24430.495982841,26334.862215032,32110.1159661425,36614.2506533707,38157.37022862,40382.2078298575,46622.9622913635,51581.3982361071,47857.4446635266,46611.1393420232,51116.8953522042,48250.4059142637,50305.3545774973,51314.9722616322,43915.228020857
Austria,AUT,"School enrollment, secondary (% gross)",SE.SEC.ENRR,98.6123428344727,98.8608627319336,98.9512710571289,99.3974533081055,99.2856369018555,100.199432373047,100.416679382324,100.102569580078,100.126129150391,100.594093322754,100.263969421387,99.6729583740234,100.108726501465,101.173210144043,101.304809570312,101.411582946777
"Bahamas, The",BHS,"Life expectancy at birth, total (years)",SP.DYN.LE00.IN,72.481,72.765,73.023,73.213,73.235,73.413,73.456,73.463,73.445,73.455,73.449,73.571,73.707,73.93,74.029,73.805
"Bahamas, The",BHS,"Mortality rate, adult, female (per 1,000 female adults)",SP.DYN.AMRT.FE,143.34,140.189,137.198,134.652,134.266,132.149,131.621,131.656,131.696,131.873,131.535,130.563,129.237,127.559,126.245,129.238
"Bahamas, The",BHS,"Mortality rate, adult, male (per 1,000 male adults)",SP.DYN.AMRT.MA,245.359,239.029,232.807,228.195,225.827,224.011,224.262,225.012,226.484,226.781,226.391,224.434,222.963,220.94,219.856,218.431
"Bahamas, The",BHS,"Mortality rate, infant (per 1,000 live births)",SP.DYN.IMRT.IN,13.7,13.9,14.1,14.3,14.4,14.5,14.4,14.2,14,13.7,13.4,13.1,12.8,12.6,12.4,12.3
"Bahamas, The",BHS,"Mortality rate, under-5 (per 1,000 live births)",SH.DYN.MORT,16.2,16.3,16.5,16.7,16.9,16.9,16.8,16.5,16.2,15.8,15.4,15,14.7,14.4,14.2,13.9
"Bahamas, The",BHS,"Prevalence of HIV, total (% of population ages 15-49)",SH.DYN.AIDS.ZS,2.1,2,2,1.9,1.9,1.9,1.9,1.9,1.8,1.8,1.8,1.7,1.7,1.6,1.6,1.5
"Bahamas, The",BHS,"Incidence of tuberculosis (per 100,000 people)",SH.TBS.INCD,29,22,15,13,18,16,20,15,16,14,9.7,13,9.8,10,15,19
"Bahamas, The",BHS,Diabetes prevalence (% of population ages 20 to 79),SH.STA.DIAB.ZS,..,..,..,..,..,..,..,..,..,..,..,12.1,..,..,..,..
"Bahamas, The",BHS,"Physicians (per 1,000 people)",SH.MED.PHYS.ZS,..,..,..,..,..,..,..,..,2.61,..,..,2.196,..,..,..,..
"Bahamas, The",BHS,"Hospital beds (per 1,000 people)",SH.MED.BEDS.ZS,3.23,3.23,3.19,3.21,3.17,3.07,3.03,3.01,2.97,2.95,2.88,2.84,2.81,2.78,2.71,2.79
"Bahamas, The",BHS,Current health expenditure (% of GDP),SH.XPD.CHEX.GD.ZS,3.80487037,3.92440891,3.81251931,4.01998568,4.04628181,4.03196478,4.30935764,4.49598694,4.86261654,5.1500144,5.25594234,5.32398558,5.3190918,5.6846571,5.62925673,5.24419451
"Bahamas, The",BHS,Access to electricity (% of population),EG.ELC.ACCS.ZS,100,100,100,100,100,100,100,100,100,100,100,100,100,100,100,100
"Bahamas, The",BHS,People using at least basic drinking water services (% of population),SH.H2O.BASW.ZS,98.2454956108156,98.2882599365839,98.3310242623522,98.3737885881206,98.4165529138889,98.4593172396572,98.5020815654256,98.5448458911939,98.5876102169622,98.6303745427305,98.6731388684989,98.7159031942672,98.7586675200355,98.8014318458038,98.8441961715722,98.8869604973405
"Bahamas, The",BHS,People using at least basic sanitation services (% of population),SH.STA.BASS.ZS,87.6018273385256,88.1192100717408,88.6379844039754,89.1581503352292,89.6797078655026,90.2026569947952,90.7269977231071,91.2527300504385,91.7798539767891,92.3083695021592,92.8382766265486,93.3695753499573,93.9022656723855,94.2450378918434,94.5878101113014,94.9305823307593
"Bahamas, The",BHS,GDP per capita (current US$),NY.GDP.PCAP.CD,24940.0775086078,25371.9237667614,26781.6195938652,26429.1247787663,26650.2934234303,28602.4181869995,29184.7865087908,30051.8489587756,29392.3824416397,27512.9130950084,27473.100430502,27090.8376801379,28552.0242683151,27642.7419759179,29137.2175632622,30719.405417469
"Bahamas, The",BHS,"School enrollment, secondary (% gross)",SE.SEC.ENRR,..,..,93.4659576416016,..,85.4551467895508,86.3187637329102,86.5019989013672,89.3580932617188,89.3178863525391,89.0210571289062,91.0886370856719,89.2416368950958,92.1807628524046,84.6595407759303,91.6218404766036,76.0440338812974
Bangladesh,BGD,"Life expectancy at birth, total (years)",SP.DYN.LE00.IN,62.049,62.836,63.591,64.288,64.912,65.509,66.048,66.458,67.047,67.527,68.009,68.499,68.989,69.487,70.016,70.543
Bangladesh,BGD,"Mortality rate, adult, female (per 1,000 female adults)",SP.DYN.AMRT.FE,210.166,200.319,191.024,182.501,174.903,167.874,161.645,157.325,151.107,146.754,142.809,139.262,136.09,133.177,130.381,127.822
Bangladesh,BGD,"Mortality rate, adult, male (per 1,000 male adults)",SP.DYN.AMRT.MA,232.533,225.462,218.712,212.621,207.362,202.65,198.922,196.69,194.201,193.232,192.852,192.405,191.543,190.106,187.013,183.044
Bangladesh,BGD,"Mortality rate, infant (per 1,000 live births)",SP.DYN.IMRT.IN,59.8,56.6,53.6,50.9,48.4,46,43.9,41.9,40.1,38.4,36.9,35.4,34.1,32.7,31.4,30
Bangladesh,BGD,"Mortality rate, under-5 (per 1,000 live births)",SH.DYN.MORT,85.4,80.1,75.3,70.9,66.9,63.2,59.8,56.7,53.9,51.3,48.9,46.7,44.7,42.7,40.7,38.8
Bangladesh,BGD,"Prevalence of HIV, total (% of population ages 15-49)",SH.DYN.AIDS.ZS,0.1,0.1,0.1,0.1,0.1,0.1,0.1,0.1,0.1,0.1,0.1,0.1,0.1,0.1,0.1,0.1
Bangladesh,BGD,"Incidence of tuberculosis (per 100,000 people)",SH.TBS.INCD,221,221,221,221,221,221,221,221,221,221,221,221,221,221,221,221
Bangladesh,BGD,Diabetes prevalence (% of population ages 20 to 79),SH.STA.DIAB.ZS,..,..,..,..,..,..,..,..,..,..,..,10.5,..,..,..,..
Bangladesh,BGD,"Physicians (per 1,000 people)",SH.MED.PHYS.ZS,..,0.247,..,0.268,0.277,0.304,0.313,0.326,0.339,0.353,0.362,0.382,0.397,0.418,0.484,0.481
Bangladesh,BGD,"Hospital beds (per 1,000 people)",SH.MED.BEDS.ZS,..,0.3,0.34,..,..,0.3,..,0.36,0.38,0.5,0.55,0.55,0.63,0.59,0.6,0.77
Bangladesh,BGD,Current health expenditure (% of GDP),SH.XPD.CHEX.GD.ZS,1.80504513,1.77201855,1.93417108,1.96152198,1.99854314,2.05873919,2.10646582,2.17268491,2.11878848,2.18321705,2.28807664,2.36418128,2.3537879,2.29574466,2.27915168,2.27217698
Bangladesh,BGD,Access to electricity (% of population),EG.ELC.ACCS.ZS,32,35,37.8,40.5,40.6,44.2,50.5,46.5,54.3,57.1,55.3,59.6,65.5,61.5,62.4,74
Bangladesh,BGD,People using at least basic drinking water services (% of population),SH.H2O.BASW.ZS,94.8189212128758,94.9936859433404,95.1737696316763,95.3525625591624,95.5299724790634,95.7089575160626,95.8847117824058,96.0570984545243,96.2259786038382,96.3912331775333,96.5528253694261,96.710597256145,96.864384577712,97.0140618269523,97.1596636760135,97.3011010904708
Bangladesh,BGD,People using at least basic sanitation services (% of population),SH.STA.BASS.ZS,24.5131903542463,26.0705975336452,27.6554493983047,29.231867657353,30.7992984470831,32.4431837647269,34.0875250851519,35.7309011894357,37.3719166265714,39.0092124920905,40.6418673210665,42.268339101128,43.8868927179976,45.4961634604437,47.0955366737352,48.6838158473245
Bangladesh,BGD,GDP per capita (current US$),NY.GDP.PCAP.CD,396.670730249751,394.65641001891,393.886422327628,426.74880754362,455.614016909798,480.08585075452,490.388026533289,537.955492792911,613.06204104124,679.211477428056,757.385280361508,837.336944695647,859.680536375497,958.262989798283,1094.46199702838,1224.38647668165
Bangladesh,BGD,"School enrollment, secondary (% gross)",SE.SEC.ENRR,46.7210006713867,48.4609718322754,49.6199493408203,49.5259017944336,46.3084297180176,45.1695098876953,45.7007904052734,46.4658813476562,44.5729598999023,48.1255798339844,49.5031106793162,49.7515496494472,51.6718482971191,55.6214332189314,..,59.4217414855957
Belarus,BLR,"Life expectancy at birth, total (years)",SP.DYN.LE00.IN,68.9121951219512,68.5073170731707,68.0560975609756,68.5536585365854,68.9560975609756,68.8512195121951,69.4048780487805,70.2073170731707,70.4560975609756,70.4073170731707,70.4048780487805,70.5536585365854,71.9658536585366,72.4707317073171,72.9707317073171,73.6243902439025
Belarus,BLR,"Mortality rate, adult, female (per 1,000 female adults)",SP.DYN.AMRT.FE,125.338,130.326,137.368,130.887,128.963,127.967,122.46,115.608,111.707,113.28,112.143,114.383,97.548,95.272,89.986,82.36
Belarus,BLR,"Mortality rate, adult, male (per 1,000 male adults)",SP.DYN.AMRT.MA,354.094,369.56,383.421,372.783,362.612,369.192,355.849,332.936,334.107,330.003,334.194,336.426,287.27,273.671,261.217,245.384
Belarus,BLR,"Mortality rate, infant (per 1,000 live births)",SP.DYN.IMRT.IN,9.9,9.2,8.5,7.8,7.2,6.7,6.1,5.6,5.1,4.6,4.2,3.9,3.7,3.5,3.3,3.1
Belarus,BLR,"Mortality rate, under-5 (per 1,000 live births)",SH.DYN.MORT,12.8,11.8,11,10.2,9.4,8.7,8,7.3,6.6,6.1,5.6,5.2,4.9,4.6,4.3,4.1
Belarus,BLR,"Prevalence of HIV, total (% of population ages 15-49)",SH.DYN.AIDS.ZS,..,..,..,..,..,..,..,..,..,..,..,..,..,..,..,..
Belarus,BLR,"Incidence of tuberculosis (per 100,000 people)",SH.TBS.INCD,86,70,66,77,71,69,68,71,68,70,68,62,63,59,51,50
Belarus,BLR,Diabetes prevalence (% of population ages 20 to 79),SH.STA.DIAB.ZS,..,..,..,..,..,..,..,..,..,..,..,8,..,..,..,..
Belarus,BLR,"Physicians (per 1,000 people)",SH.MED.PHYS.ZS,3.2998,..,..,..,..,..,..,..,..,..,..,4.618,4.697,4.719,4.877,5.051
Belarus,BLR,"Hospital beds (per 1,000 people)",SH.MED.BEDS.ZS,11.7,11.68,11.11,10.55,9.98,10.4,10.47,10.53,10.44,10.4,10.61,10.42,10.45,10.24,10.08,10.02
Belarus,BLR,Current health expenditure (% of GDP),SH.XPD.CHEX.GD.ZS,5.28088045,5.7064805,5.62404203,5.77103186,5.73650646,6.07036304,5.57366323,5.6917243,5.29448891,5.3906498,5.65694332,4.87452745,5.24538946,5.69563103,5.38792181,6.06528044
Belarus,BLR,Access to electricity (% of population),EG.ELC.ACCS.ZS,89,89.5,90,90.5,91,91.5,92.1,92.6,93.2,93.8,94.4,95,95.6,96.2,96.8,97.4
Belarus,BLR,People using at least basic drinking water services (% of population),SH.H2O.BASW.ZS,98.3562356334077,98.3485371263131,98.3409034123984,98.3333445925439,98.3288112162159,98.3188800141555,98.3110021113923,98.3051427140534,98.3012596659617,98.29934188077,98.2992552665083,98.3013146395409,98.3055460415481,98.311918430326,98.3203614644208,98.3308556431228
Belarus,BLR,People using at least basic sanitation services (% of population),SH.STA.BASS.ZS,92.0688611847075,92.0460905490136,92.0235090773808,92.0011580100516,92.4299916634885,92.8629829775611,93.300075313505,93.741208204244,94.1862922254828,94.6353529883888,95.0871819797059,95.5429893009078,96.0031998605471,96.4677445675185,96.9365246924667,97.4094623454062
Belarus,BLR,GDP per capita (current US$),NY.GDP.PCAP.CD,1276.28038121269,1244.37318523431,1479.38066337175,1819.52653114699,2378.33700470129,3126.07176665248,3848.22350300163,4735.48107556066,6376.17569162063,5352.48809190697,6034.67885177216,6527.6593428786,6953.21591683101,7998.0802045456,8341.31809294883,5967.05595058777
Belarus,BLR,"School enrollment, secondary (% gross)",SE.SEC.ENRR,..,..,..,..,..,..,..,..,115.713592529297,113.701538085938,111.028998547015,108.98986744867,107.657786407767,104.523124130077,103.510351178762,102.895731001158
Belize,BLZ,"Life expectancy at birth, total (years)",SP.DYN.LE00.IN,68.911,68.944,69.528,69.819,70.152,70.335,70.535,70.652,70.665,70.806,70.875,70.975,71.134,71.276,71.437,71.647
Belize,BLZ,"Mortality rate, adult, female (per 1,000 female adults)",SP.DYN.AMRT.FE,164.931,163.514,154.768,151.37,145.432,144.288,141.903,140.465,140.252,138.091,136.579,134.624,131.286,128.87,126.049,123.272
Belize,BLZ,"Mortality rate, adult, male (per 1,000 male adults)",SP.DYN.AMRT.MA,254.428,253.176,247.31,240.984,234.811,229.729,226.67,225.317,225.266,225.221,226.317,226.635,226.376,225.937,225.092,222.867
Belize,BLZ,"Mortality rate, infant (per 1,000 live births)",SP.DYN.IMRT.IN,19.6,19,18.4,17.9,17.5,17.1,16.8,16.5,16.2,15.9,15.5,15.1,14.7,14.2,13.6,13.1
Belize,BLZ,"Mortality rate, under-5 (per 1,000 live births)",SH.DYN.MORT,24.5,23.6,22.8,22.1,21.5,21,20.6,20.1,19.7,19.3,18.8,18.3,17.7,17,16.3,15.6
Belize,BLZ,"Prevalence of HIV, total (% of population ages 15-49)",SH.DYN.AIDS.ZS,1.1,1.1,1.2,1.3,1.3,1.4,1.4,1.4,1.5,1.5,1.5,1.4,1.4,1.4,1.4,1.4
Belize,BLZ,"Incidence of tuberculosis (per 100,000 people)",SH.TBS.INCD,49,61,59,42,35,41,34,24,33,32,52,26,29,40,23,25
Belize,BLZ,Diabetes prevalence (% of population ages 20 to 79),SH.STA.DIAB.ZS,..,..,..,..,..,..,..,..,..,..,..,17,..,..,..,..
Belize,BLZ,"Physicians (per 1,000 people)",SH.MED.PHYS.ZS,1.044,..,..,..,..,..,..,..,..,0.767,..,..,1.148,..,..,..
Belize,BLZ,"Hospital beds (per 1,000 people)",SH.MED.BEDS.ZS,1.9,..,..,1.2999999523,1.3,1.2,1.3,1.2,1.14,1.11,1.12,1.09,1.08,1.08,1.03,0.96
Belize,BLZ,Current health expenditure (% of GDP),SH.XPD.CHEX.GD.ZS,3.09182477,3.58663416,3.69127417,3.64453149,3.53016114,3.55393219,3.56430817,4.07201815,4.5307498,4.52340269,4.49390221,4.54752827,4.36309099,4.44159889,4.89683533,4.66880131
Belize,BLZ,Access to electricity (% of population),EG.ELC.ACCS.ZS,79,80.2,81,81.8,82.6,83.5,91,85.2,86.1,86.9,89.9,91.7,90.9,91.1,91.5,91.8
Belize,BLZ,People using at least basic drinking water services (% of population),SH.H2O.BASW.ZS,87.4314870895846,88.0819577807628,88.7324999475269,89.383110814731,90.0337990120702,90.6845524665774,91.3353803403276,91.9862777822027,92.6372470397192,93.2882824715469,93.9374803437478,94.5876061984861,95.2385534459309,95.8901857401957,96.5423001003273,97.1755914796041
Belize,BLZ,People using at least basic sanitation services (% of population),SH.STA.BASS.ZS,82.4379857862618,82.7632637992098,83.088569231987,83.4138995033118,83.7392626611454,84.0550525354044,84.3704273112664,84.6853808597079,84.9999138070578,85.3140193437677,85.6277083290934,85.9422379234594,86.2578541142756,86.5747585957408,86.8930450171415,87.2129807113852
Belize,BLZ,GDP per capita (current US$),NY.GDP.PCAP.CD,4729.67080428075,4721.81625660785,4861.74314184267,4962.08962013799,5156.09817143194,5272.74417207961,5527.16775856439,5765.28199932455,5713.28126796797,5401.22963143045,5451.13897172477,5582.22170621269,5709.68918765363,5950.20299917747,6128.14288539305,6154.49593498217
Belize,BLZ,"School enrollment, secondary (% gross)",SE.SEC.ENRR,67.7030181884766,69.2901992797852,..,75.2354507446289,76.6425094604492,75.2656326293945,76.0926818847656,75.4892196655273,75.4095230102539,75.1112899780273,75.6223037349759,76.1272789038614,78.8095397154118,80.6694303700292,80.3583033664053,81.2936199454549
Bermuda,BMU,"Life expectancy at birth, total (years)",SP.DYN.LE00.IN,78.251,78.637,78.841,78.715,78.898,78.874,78.87,79.006,79.101,79.229,79.414,79.651,79.847,80.016,80.199,80.338
Bermuda,BMU,"Mortality rate, adult, female (per 1,000 female adults)",SP.DYN.AMRT.FE,68.262,65.936,63.765,63.158,57.023,53.71,51.455,50.228,50.139,49.851,48.282,45.634,44.006,43.927,44.214,45.613
Bermuda,BMU,"Mortality rate, adult, male (per 1,000 male adults)",SP.DYN.AMRT.MA,132.888,125.058,121.247,122.187,124.934,128.211,130.322,127.782,125.065,121.979,119.178,117.357,115.779,113.326,109.796,106.64
Bermuda,BMU,"Mortality rate, infant (per 1,000 live births)",SP.DYN.IMRT.IN,..,..,..,..,..,..,..,..,..,..,..,..,..,..,..,..
Bermuda,BMU,"Mortality rate, under-5 (per 1,000 live births)",SH.DYN.MORT,..,..,..,..,..,..,..,..,..,..,..,..,..,..,..,..
Bermuda,BMU,"Prevalence of HIV, total (% of population ages 15-49)",SH.DYN.AIDS.ZS,..,..,..,..,..,..,..,..,..,..,..,..,..,..,..,..
Bermuda,BMU,"Incidence of tuberculosis (per 100,000 people)",SH.TBS.INCD,0,0,0,5.3,11,7.9,5.5,4.7,3.8,2.9,1.8,1.8,5.4,0,0,0
Bermuda,BMU,Diabetes prevalence (% of population ages 20 to 79),SH.STA.DIAB.ZS,12.1,..,..,..,..,..,..,..,..,..,..,12,..,..,..,..
Bermuda,BMU,"Physicians (per 1,000 people)",SH.MED.PHYS.ZS,..,..,..,..,..,..,..,..,..,..,..,..,..,..,..,..
Bermuda,BMU,"Hospital beds (per 1,000 people)",SH.MED.BEDS.ZS,..,..,..,..,..,..,..,..,..,..,..,..,..,..,..,..
Bermuda,BMU,Current health expenditure (% of GDP),SH.XPD.CHEX.GD.ZS,..,..,..,..,..,..,..,..,..,..,..,..,..,..,..,..
Bermuda,BMU,Access to electricity (% of population),EG.ELC.ACCS.ZS,100,100,100,100,100,100,100,100,100,100,100,100,100,100,100,100
Bermuda,BMU,People using at least basic drinking water services (% of population),SH.H2O.BASW.ZS,99.9941429050383,99.9865593310404,99.9789757570425,99.9713921830446,99.9638086090467,99.9562250350488,99.948641461051,99.9410578870531,99.9334743130552,99.9258907390573,99.9183071650594,99.9107235910615,99.9031400170636,99.9031400170636,99.9031400170636,99.9031400170636
Bermuda,BMU,People using at least basic sanitation services (% of population),SH.STA.BASS.ZS,99.9791403999453,99.9770577444815,99.9749750890177,99.972892433554,99.9708097780902,99.9687271226264,99.9666444671626,99.9645618116988,99.962479156235,99.9603965007712,99.9583138453074,99.9562311898436,99.9541485343798,99.952065878916,99.9499832234522,99.9479005679884
Bermuda,BMU,GDP per capita (current US$),NY.GDP.PCAP.CD,56542.9569455727,59490.2452034202,63358.5658652763,67106.8028083224,71692.1589001679,77628.103522508,97781.4558996721,107395.651483891,110268.562401264,104711.712420357,104111.824244802,99049.0169927667,100213.493385287,101704.40746217,100961.576602811,104855.366822135
Bermuda,BMU,"School enrollment, secondary (% gross)",SE.SEC.ENRR,..,85.5536804199219,84.8986434936523,85.6302795410156,87.598030090332,86.630241394043,82.0112533569336,..,..,..,89.5964279174805,88.0554428100586,86.2392807006836,85.0652008056641,85.4845428466797,86.8070526123047
Bolivia,BOL,"Life expectancy at birth, total (years)",SP.DYN.LE00.IN,62.057,62.538,63.068,63.455,63.819,64.182,64.529,64.939,65.299,65.656,66.003,66.282,66.586,66.777,66.97,67.205
Bolivia,BOL,"Mortality rate, adult, female (per 1,000 female adults)",SP.DYN.AMRT.FE,196.687,191.817,185.85,183.78,182.285,179.956,178.692,174.702,172.829,170.805,168.375,166.76,164.929,163.531,162.558,160.551
Bolivia,BOL,"Mortality rate, adult, male (per 1,000 male adults)",SP.DYN.AMRT.MA,270.101,268.663,265.712,263.894,261.655,259.928,257.166,254.761,251.786,248.802,246.321,244.215,241.682,241.053,239.76,237.775
Bolivia,BOL,"Mortality rate, infant (per 1,000 live births)",SP.DYN.IMRT.IN,59.6,56.6,53.7,50.9,48.2,45.7,43.3,41,38.8,36.8,34.9,33.2,31.5,29.9,28.4,27.1
Bolivia,BOL,"Mortality rate, under-5 (per 1,000 live births)",SH.DYN.MORT,75.7,71.4,67.4,63.5,59.9,56.4,53.1,50,47.2,44.5,42,39.7,37.5,35.4,33.5,31.8
Bolivia,BOL,"Prevalence of HIV, total (% of population ages 15-49)",SH.DYN.AIDS.ZS,0.3,0.3,0.3,0.3,0.3,0.3,0.3,0.3,0.3,0.3,0.3,0.3,0.3,0.3,0.3,0.3
Bolivia,BOL,"Incidence of tuberculosis (per 100,000 people)",SH.TBS.INCD,184,179,173,168,163,158,153,148,144,139,135,131,127,123,120,117
Bolivia,BOL,Diabetes prevalence (% of population ages 20 to 79),SH.STA.DIAB.ZS,..,..,..,..,..,..,..,..,..,..,..,6.6,..,..,..,..
Bolivia,BOL,"Physicians (per 1,000 people)",SH.MED.PHYS.ZS,..,1.181,..,..,..,..,..,0.326,..,..,0.431,0.459,..,..,..,..
Bolivia,BOL,"Hospital beds (per 1,000 people)",SH.MED.BEDS.ZS,..,..,..,1,1,1.06,1.09,1.09,1.08,1.05,1.06,1.04,1.07,1.08,1.11,1.18
Bolivia,BOL,Current health expenditure (% of GDP),SH.XPD.CHEX.GD.ZS,4.39554119,4.82522202,4.89645052,5.19709635,4.86315727,5.07408142,4.66087532,4.6968894,4.60677242,5.17444515,5.20230532,5.17306805,5.2539444,5.57465124,5.89613628,6.55064964
Bolivia,BOL,Access to electricity (% of population),EG.ELC.ACCS.ZS,70,69.3,64,72.3,75.9,68.3,76.2,80.2,84.7,86.8,88,88.3,90.4,89.5,90,91.5
Bolivia,BOL,People using at least basic drinking water services (% of population),SH.H2O.BASW.ZS,80.7715746117768,81.4940913476166,82.192495481738,82.878552285047,83.5560293047153,84.2242902869626,84.8844138580423,85.535458269738,86.178447326585,86.8124762197611,87.4379445833791,88.0551966846425,88.6640012861427,89.2500734436876,89.8203347879304,90.3841680932499
Bolivia,BOL,People using at least basic sanitation services (% of population),SH.STA.BASS.ZS,34.8811874412867,36.0196772037858,37.1412514213975,38.2561389140297,39.3677022723761,40.47531433417,41.5799679174853,43.1728444931789,44.7886532203602,46.4262546267076,48.08580986572,49.7674655242052,51.4707416747081,53.1783113817312,54.8968142877762,56.636951137867
Bolivia,BOL,GDP per capita (current US$),NY.GDP.PCAP.CD,975.777060358751,930.168227214313,888.221328974352,893.013760211149,953.191893246277,1020.12326200737,1202.71150446327,1354.54905949929,1692.67248455876,1731.18172112209,1929.78373077158,2315.52121930607,2575.59857098084,2870.02377000756,3041.43503162408,2996.01289811344
Bolivia,BOL,"School enrollment, secondary (% gross)",SE.SEC.ENRR,72.7576370239258,75.7862701416016,80.6306991577148,83.4697265625,86.3809967041016,87.4255523681641,86.5906295776367,86.0495986938477,85.3683776855469,83.7523803710938,87.7601876397411,85.300407946135,87.0108512162742,88.7650557098116,89.4564819756877,90.6139031958796
Botswana,BWA,"Life expectancy at birth, total (years)",SP.DYN.LE00.IN,52.263,52.21,52.373,52.851,53.573,54.386,55.112,56.735,57.661,58.297,59.137,59.715,60.384,61.217,62.167,63.215
Botswana,BWA,"Mortality rate, adult, female (per 1,000 female adults)",SP.DYN.AMRT.FE,498.019,500.245,496.814,487.425,472.994,454.835,442.049,410.465,390.877,367.532,346.693,340.736,332.57,318.148,299.516,276.191
Botswana,BWA,"Mortality rate, adult, male (per 1,000 male adults)",SP.DYN.AMRT.MA,575.114,577.041,576.001,566.628,550.657,535.052,506.171,473.095,453.122,453.604,439.582,423.852,406.166,385.13,363.005,340.507
Botswana,BWA,"Mortality rate, infant (per 1,000 live births)",SP.DYN.IMRT.IN,42.5,42.3,42.4,43.3,44.5,43,43.8,47.1,49,49.3,50.5,52,48.8,47.6,48.4,47.2
Botswana,BWA,"Mortality rate, under-5 (per 1,000 live births)",SH.DYN.MORT,81.1,81.2,80,78.5,76.3,70.3,64.3,61.6,60.3,57.8,55.8,56.8,53.4,51,51.1,49.8
Botswana,BWA,"Prevalence of HIV, total (% of population ages 15-49)",SH.DYN.AIDS.ZS,25.9,25.7,25.3,24.9,24.5,24.2,23.9,23.6,23.4,23.2,23,22.8,22.7,22.4,22.1,21.8
Botswana,BWA,"Incidence of tuberculosis (per 100,000 people)",SH.TBS.INCD,914,888,855,816,773,728,684,641,598,557,518,480,445,414,385,356
Botswana,BWA,Diabetes prevalence (% of population ages 20 to 79),SH.STA.DIAB.ZS,..,..,..,..,..,..,..,..,..,..,..,10.8,..,..,..,..
Botswana,BWA,"Physicians (per 1,000 people)",SH.MED.PHYS.ZS,0.289,0.29,0.299,0.288,0.385,0.246,0.306,0.36,0.357,0.338,0.392,0.384,0.377,..,..,..
Botswana,BWA,"Hospital beds (per 1,000 people)",SH.MED.BEDS.ZS,2.07,2.1,2.14,2.03,1.99,2.1,2.1,2.11,2.11,2.23,2.4,2.48,2.43,2.5,2.47,2.49
Botswana,BWA,Current health expenditure (% of GDP),SH.XPD.CHEX.GD.ZS,6.10838556,6.3660779,6.66529799,6.40933847,6.09125996,5.26532936,4.87599421,5.52080727,5.89747286,6.62081194,6.26718187,5.86915016,6.35010576,6.49913645,5.8804059,6.10287762
Botswana,BWA,Access to electricity (% of population),EG.ELC.ACCS.ZS,26.5,24.8,27,33.1,35.3,37.5,39.7,41.9,44.5,43.4,52,53.2,56,58,60,62.1
Botswana,BWA,People using at least basic drinking water services (% of population),SH.H2O.BASW.ZS,75.1696350758408,75.5201052025927,75.7326063221722,75.9236020976699,76.112906198948,76.2993339260323,77.4073703599859,78.8983728293753,80.3421420672701,81.735162201203,83.0797687746127,84.3752251394181,85.4679052832235,86.5076033139407,87.5224807709858,88.5124964559895
Botswana,BWA,People using at least basic sanitation services (% of population),SH.STA.BASS.ZS,51.9161128230796,53.3312371934366,54.6351373300919,55.9306253316382,57.2354398758653,58.5484651662334,59.8707817877325,61.6023323152472,63.3424578727978,65.0869031781855,66.8374083076875,68.5923179945414,70.1498597100217,71.6801447936656,73.2176947943605,74.7620657947833
Botswana,BWA,GDP per capita (current US$),NY.GDP.PCAP.CD,3450.81180622992,3206.07123689853,3117.25087183011,4230.12326909926,4956.69287735214,5391.07076619634,5291.58379144849,5529.12574632532,5503.07395314313,5082.93388332404,6215.73216077919,7287.38295334919,6595.53845015424,6666.91219583487,7122.36423421503,6141.20394726616
Botswana,BWA,"School enrollment, secondary (% gross)",SE.SEC.ENRR,76.1968231201172,75.3002014160156,75.8795700073242,76.5648727416992,78.3988189697266,79.5636215209961,81.6948394775391,82.4867095947266,77.806510925293,..,..,..,..,..,..,..
British Virgin Islands,VGB,"Life expectancy at birth, total (years)",SP.DYN.LE00.IN,74.753,74.831,74.971,75.183,75.404,75.569,75.745,75.893,76.07,76.205,76.289,76.363,76.433,76.472,76.527,76.558
British Virgin Islands,VGB,"Mortality rate, adult, female (per 1,000 female adults)",SP.DYN.AMRT.FE,78.103,77.692,75.68,72.937,69.207,65.986,63.104,60.998,58.424,56.523,55.375,54.372,53.413,53.231,52.905,52.914
British Virgin Islands,VGB,"Mortality rate, adult, male (per 1,000 male adults)",SP.DYN.AMRT.MA,124.925,123.844,122.395,120.103,118.144,117.04,115.468,113.111,110.773,109.039,107.947,107.018,106.59,106.358,106.133,106.19
British Virgin Islands,VGB,"Mortality rate, infant (per 1,000 live births)",SP.DYN.IMRT.IN,14.5,14.4,14.2,14.1,14,13.9,13.9,13.9,13.9,13.9,13.9,14,14,14.1,14.1,14
British Virgin Islands,VGB,"Mortality rate, under-5 (per 1,000 live births)",SH.DYN.MORT,16.8,16.6,16.3,16.1,16,15.9,15.8,15.7,15.7,15.6,15.6,15.6,15.6,15.6,15.6,15.5
British Virgin Islands,VGB,"Prevalence of HIV, total (% of population ages 15-49)",SH.DYN.AIDS.ZS,..,..,..,..,..,..,..,..,..,..,..,..,..,..,..,..
British Virgin Islands,VGB,"Incidence of tuberculosis (per 100,000 people)",SH.TBS.INCD,5.7,5.5,5.4,5.2,10,0,0,0,1.4,2.8,4.2,0,0,3.6,0,0
British Virgin Islands,VGB,Diabetes prevalence (% of population ages 20 to 79),SH.STA.DIAB.ZS,..,..,..,..,..,..,..,..,..,..,..,..,..,..,..,..
British Virgin Islands,VGB,"Physicians (per 1,000 people)",SH.MED.PHYS.ZS,..,..,..,..,..,..,..,..,..,..,..,..,..,..,..,..
British Virgin Islands,VGB,"Hospital beds (per 1,000 people)",SH.MED.BEDS.ZS,..,..,..,..,..,..,..,..,..,..,..,..,..,..,..,..
British Virgin Islands,VGB,Current health expenditure (% of GDP),SH.XPD.CHEX.GD.ZS,..,..,..,..,..,..,..,..,..,..,..,..,..,..,..,..
British Virgin Islands,VGB,Access to electricity (% of population),EG.ELC.ACCS.ZS,97.1,97.2,97.3,97.4,97.5,97.6,97.8,97.9,98.1,98.3,98.3,98.7,98.9,99.1,99.2,100
British Virgin Islands,VGB,People using at least basic drinking water services (% of population),SH.H2O.BASW.ZS,95.3027397260275,95.6828767123288,96.0630136986302,96.4431506849317,96.8232876712329,97.2034246575344,97.5835616438358,97.9636986301371,98.3438356164385,98.7239726027399,99.1041095890412,99.4842465753426,99.8643835616439,99.8643835616439,99.8643835616439,99.8643835616439
British Virgin Islands,VGB,People using at least basic sanitation services (% of population),SH.STA.BASS.ZS,96.7851983961345,96.791263486763,96.7973285773916,96.8033936680201,96.8094587586486,96.8155238492771,96.8215889399056,96.8276540305341,96.8337191211627,96.8397842117912,96.8458493024197,96.8519143930482,96.8579794836767,96.8579794836767,96.8579794836767,96.8579794836767
British Virgin Islands,VGB,GDP per capita (current US$),NY.GDP.PCAP.CD,..,..,..,..,..,..,..,..,..,..,..,..,..,..,..,..
British Virgin Islands,VGB,"School enrollment, secondary (% gross)",SE.SEC.ENRR,96.0634918212891,95.9459533691406,93.7610397338867,94.2840576171875,97.431510925293,106.810440063477,110.118041992188,107.31844329834,..,104.85961151123,105.89769744873,98.2626469085335,97.9949874686717,96.7221135029354,96.8795709410044,99.2168379833578
Bulgaria,BGR,"Life expectancy at birth, total (years)",SP.DYN.LE00.IN,71.6634146341463,71.7682926829268,71.8658536585366,72.0658536585366,72.5634146341463,72.5609756097561,72.6121951219512,72.6634146341463,72.9634146341463,73.4121951219512,73.5121951219512,74.1634146341463,74.3146341463415,74.8609756097561,74.4658536585366,74.6146341463415
Bulgaria,BGR,"Mortality rate, adult, female (per 1,000 female adults)",SP.DYN.AMRT.FE,98.817,95.108,93.926,91.42,92.267,92.247,93.389,91.31,88.735,87.304,87.933,85.702,82.257,82.085,88.291,86.607
Bulgaria,BGR,"Mortality rate, adult, male (per 1,000 male adults)",SP.DYN.AMRT.MA,225.005,222.768,218.165,215.846,215.996,219.427,218.686,212.03,208.154,203.75,196.902,194.111,187.916,184.811,190.232,185.528
Bulgaria,BGR,"Mortality rate, infant (per 1,000 live births)",SP.DYN.IMRT.IN,14.3,13.8,13.2,12.5,11.8,11,10.4,9.9,9.6,9.3,9.1,8.7,8.3,7.8,7.3,6.8
Bulgaria,BGR,"Mortality rate, under-5 (per 1,000 live births)",SH.DYN.MORT,17.5,16.8,16,15.1,14.2,13.3,12.4,11.8,11.4,11.2,10.8,10.4,9.9,9.3,8.7,8.2
Bulgaria,BGR,"Prevalence of HIV, total (% of population ages 15-49)",SH.DYN.AIDS.ZS,0.1,0.1,0.1,0.1,0.1,0.1,0.1,0.1,0.1,0.1,0.1,0.1,0.1,0.1,0.1,0.1
Bulgaria,BGR,"Incidence of tuberculosis (per 100,000 people)",SH.TBS.INCD,52,61,53,52,49,52,51,47,49,44,41,37,36,33,32,28
Bulgaria,BGR,Diabetes prevalence (% of population ages 20 to 79),SH.STA.DIAB.ZS,..,..,..,..,..,..,..,..,..,..,..,6.7,..,..,..,..
Bulgaria,BGR,"Physicians (per 1,000 people)",SH.MED.PHYS.ZS,3.399,3.384,3.472,3.553,3.484,3.605,3.617,3.612,3.577,3.661,3.671,3.755,3.78,3.864,3.898,3.968
Bulgaria,BGR,"Hospital beds (per 1,000 people)",SH.MED.BEDS.ZS,7.48,7.09,6.4,6.21,6.07,6.35,6.14,6.32,6.45,6.55,6.45,6.28,6.45,6.66,6.99,7.11
Bulgaria,BGR,Current health expenditure (% of GDP),SH.XPD.CHEX.GD.ZS,5.82970953,6.85958815,7.0809865,7.19987392,6.89090872,6.89011478,6.52544546,6.15651751,6.28281593,6.59577608,7.09477949,7.10250568,7.53903675,7.14167452,7.68306208,7.39363575
Bulgaria,BGR,Access to electricity (% of population),EG.ELC.ACCS.ZS,88.1,88.6,89.1,89.6,90.1,90.6,91.2,91.7,92.3,92.9,93.5,94.1,94.7,95.3,95.9,96.6
Bulgaria,BGR,People using at least basic drinking water services (% of population),SH.H2O.BASW.ZS,99.8130157809927,99.7714310301605,99.7306127563437,99.690523007554,99.6511635856141,99.6125227618648,99.5745885395144,99.537361240608,99.5008324211481,99.4649918256127,99.4298308695305,99.3953416140538,99.3615537163291,99.3284841822603,99.2961131591919,99.2644589337805
Bulgaria,BGR,People using at least basic sanitation services (% of population),SH.STA.BASS.ZS,85.8271089702162,85.8352908479072,85.8462648106082,85.8571440644379,85.8679922046275,85.8787497249817,85.8894144465135,85.900018782147,85.9105609000638,85.9210147407861,85.9314025243646,85.9417021469131,85.9520261721643,85.9623866060034,85.972745627149,85.9831361461226
Bulgaria,BGR,GDP per capita (current US$),NY.GDP.PCAP.CD,1621.26210738992,1770.90704918691,2092.98288625558,2719.49436859287,3389.68743360274,3899.82596332878,4523.1465578805,5888.57081403932,7271.30338858025,6988.27316296465,6853.94805511171,7849.58061302818,7431.95789508871,7795.98092108928,8069.60005667684,7268.65445473873
Bulgaria,BGR,"School enrollment, secondary (% gross)",SE.SEC.ENRR,79.8759078979492,80.9440765380859,83.9819869995117,88.118782043457,90.5342712402344,91.3667678833008,92.4120101928711,93.1541595458984,92.3840713500977,92.5213775634766,94.1819229125977,96.4361267089844,95.3903503417969,100.78581237793,104.942199707031,103.889343261719
Bosnia and Herzegovina,BIH,"Life expectancy at birth, total (years)",SP.DYN.LE00.IN,75.292,75.573,75.994,76.449,76.489,76.424,76.028,76.162,76.3,76.701,76.827,76.963,77.037,77.129,77.089,77.073
Bosnia and Herzegovina,BIH,"Mortality rate, adult, female (per 1,000 female adults)",SP.DYN.AMRT.FE,75.057,73.015,70.086,68.364,67.433,67.987,69.702,68.969,68.135,65.732,65.834,65.102,64.445,64.688,65.704,65.541
Bosnia and Herzegovina,BIH,"Mortality rate, adult, male (per 1,000 male adults)",SP.DYN.AMRT.MA,152.516,149.844,146.493,140.139,141.75,143.496,150.56,148.664,146.504,140.16,137.042,133.738,132.696,131.018,129.893,129.05
Bosnia and Herzegovina,BIH,"Mortality rate, infant (per 1,000 live births)",SP.DYN.IMRT.IN,8.3,7.8,7.3,6.9,6.6,6.4,6.3,6.2,6.1,6,6,5.9,5.9,5.9,5.9,5.9
Bosnia and Herzegovina,BIH,"Mortality rate, under-5 (per 1,000 live births)",SH.DYN.MORT,9.5,8.9,8.4,8,7.6,7.4,7.2,7.1,7,6.9,6.8,6.8,6.7,6.7,6.7,6.7
Bosnia and Herzegovina,BIH,"Prevalence of HIV, total (% of population ages 15-49)",SH.DYN.AIDS.ZS,..,..,..,..,..,..,..,..,..,..,..,..,..,..,..,..
Bosnia and Herzegovina,BIH,"Incidence of tuberculosis (per 100,000 people)",SH.TBS.INCD,83,82,56,59,78,70,59,79,57,58,45,46,49,44,43,40
Bosnia and Herzegovina,BIH,Diabetes prevalence (% of population ages 20 to 79),SH.STA.DIAB.ZS,..,..,..,..,..,..,..,..,..,..,..,7.5,..,..,..,..
Bosnia and Herzegovina,BIH,"Physicians (per 1,000 people)",SH.MED.PHYS.ZS,1.306,1.298,1.296,1.329,1.371,1.41,1.462,1.543,1.591,1.674,1.749,1.838,1.912,1.993,2.08,2.103
Bosnia and Herzegovina,BIH,"Hospital beds (per 1,000 people)",SH.MED.BEDS.ZS,1.94,1.92,1.92,1.93,1.97,2.01,2,2.04,2.05,2.17,2.26,2.3,2.33,2.26,2.34,2.36
Bosnia and Herzegovina,BIH,Current health expenditure (% of GDP),SH.XPD.CHEX.GD.ZS,7.98265457,7.59561539,7.41844416,8.30198193,9.06270218,9.05223751,9.17218685,9.5306015,9.68943882,9.02212143,9.01888275,9.17856026,9.49001503,9.44886494,9.49011135,9.24086571
Bosnia and Herzegovina,BIH,Access to electricity (% of population),EG.ELC.ACCS.ZS,99,99.4,98.5,99,99.1,99.1,99.4,99.7,99.3,99.4,99.5,99.7,99.7,99.5,99.9,99.7
Bosnia and Herzegovina,BIH,People using at least basic drinking water services (% of population),SH.H2O.BASW.ZS,97.2697023620953,97.2215557676292,97.1708059849212,97.1174130487853,97.0613930232856,97.0027068638893,96.9413764053532,96.8773942746662,96.8107512963813,96.7414484446734,96.6694951663687,96.5948691440265,96.4500310517333,96.3520044960766,96.1681277683125,96.1598434809044
Bosnia and Herzegovina,BIH,People using at least basic sanitation services (% of population),SH.STA.BASS.ZS,95.0784457696157,95.0879641913075,95.0981396368111,95.1088600330227,95.1202465613179,95.1357873687162,95.151629322116,95.1678950814156,95.1844590967475,95.2013200786175,95.2184859381301,95.2360153461861,95.2539078629793,95.2720381038847,95.290532157865,95.3129360823777
Bosnia and Herzegovina,BIH,GDP per capita (current US$),NY.GDP.PCAP.CD,1338.48059636261,1387.89365131544,1606.54672243362,2033.94700935864,2452.68616839392,2739.61076866057,3166.12865344833,3931.48948737505,4841.69311934649,4539.91863774968,4506.47828548389,4982.69375768263,4693.78899115381,5034.56616016469,5206.06558252,4662.25883724069
Bosnia and Herzegovina,BIH,"School enrollment, secondary (% gross)",SE.SEC.ENRR,..,..,..,..,..,..,..,80.9894485473633,85.227912902832,87.0009307861328,85.5183715820312,87.7279968261719,90.7853088378906,92.2983932495117,90.2868576049805,85.716178894043
Brazil,BRA,"Life expectancy at birth, total (years)",SP.DYN.LE00.IN,69.584,69.98,70.396,70.884,71.361,71.832,72.296,72.73,73.111,73.457,73.779,74.047,74.335,74.609,74.823,75.106
Brazil,BRA,"Mortality rate, adult, female (per 1,000 female adults)",SP.DYN.AMRT.FE,122.93,119.158,115.476,112.573,110.184,107.909,105.708,103.648,101.627,99.983,98.236,96.762,94.646,92.895,91.345,89.318
Brazil,BRA,"Mortality rate, adult, male (per 1,000 male adults)",SP.DYN.AMRT.MA,229.109,227.021,224.399,221.926,218.643,215.12,211.381,208.863,206.623,204.448,202.356,200.627,197.533,193.843,190.816,185.465
Brazil,BRA,"Mortality rate, infant (per 1,000 live births)",SP.DYN.IMRT.IN,29.1,27.3,25.5,23.9,22.4,21,19.7,18.6,17.6,16.7,16,15.3,14.8,14.4,14,13.7
Brazil,BRA,"Mortality rate, under-5 (per 1,000 live births)",SH.DYN.MORT,34.5,32.2,30.1,28.1,26.3,24.6,23.1,21.7,20.5,19.5,18.6,17.9,17.2,16.7,16.3,16
Brazil,BRA,"Prevalence of HIV, total (% of population ages 15-49)",SH.DYN.AIDS.ZS,0.3,0.3,0.3,0.3,0.3,0.3,0.3,0.3,0.3,0.4,0.4,0.4,0.4,0.5,0.5,0.5
Brazil,BRA,"Incidence of tuberculosis (per 100,000 people)",SH.TBS.INCD,51,48,52,53,54,50,46,46,46,45,44,44,44,44,43,43
Brazil,BRA,Diabetes prevalence (% of population ages 20 to 79),SH.STA.DIAB.ZS,..,..,..,..,..,..,..,..,..,..,..,10.1,..,..,..,..
Brazil,BRA,"Physicians (per 1,000 people)",SH.MED.PHYS.ZS,..,..,..,..,..,..,..,..,..,..,..,1.843,..,1.876,..,..
Brazil,BRA,"Hospital beds (per 1,000 people)",SH.MED.BEDS.ZS,2.78,2.75,2.56,2.4,..,2.5,2.45,2.47,2.57,2.55,2.55,2.51,2.47,2.45,2.44,2.35
Brazil,BRA,Current health expenditure (% of GDP),SH.XPD.CHEX.GD.ZS,8.33457184,8.54963303,8.69686985,8.18899441,8.12491989,8.03539562,8.24952507,8.20182991,8.01128483,8.39480495,7.94516611,7.78819132,7.73637724,7.9766016,8.39644146,8.90929985
Brazil,BRA,Access to electricity (% of population),EG.ELC.ACCS.ZS,94.4,96,96.7,97,96.8,97.1,97.6,98.1,98.5,98.9,98.6,99.3,99.5,99.6,99.7,99.7
Brazil,BRA,People using at least basic drinking water services (% of population),SH.H2O.BASW.ZS,93.4715252595615,93.8143435778762,94.1424897502086,94.4635263894455,94.7773576406478,95.0841359766136,95.3841881864926,95.6776268688402,95.9645639704386,96.2447988312122,96.5187999853069,96.7879749994184,97.0509780439356,97.3076718816465,97.5585811855157,97.8035647892997
Brazil,BRA,People using at least basic sanitation services (% of population),SH.STA.BASS.ZS,73.1287988328203,74.0379078842192,74.9279834778336,75.8126402714995,76.6915371557584,77.5647914194703,78.4329110515648,79.2959780376904,80.154078978513,81.0065268837533,81.854207204088,82.7005761863484,83.5422241377624,84.3785142207398,85.2106414441147,86.0379594237602
Brazil,BRA,GDP per capita (current US$),NY.GDP.PCAP.CD,3766.54811466032,3176.28935747524,2855.94018885769,3090.6070097455,3663.823188064,4827.78173074714,5934.14470924968,7409.69130673473,8908.33176538648,8678.6592244676,11403.2821278747,13396.6243562986,12521.7213519966,12458.8912138813,12274.9939689363,8936.19661712113
Brazil,BRA,"School enrollment, secondary (% gross)",SE.SEC.ENRR,..,..,..,..,..,..,..,..,..,..,..,..,94.3209762573242,103.917686462402,102.635528564453,100.920516967773
Brunei Darussalam,BRN,"Life expectancy at birth, total (years)",SP.DYN.LE00.IN,74.017,74.209,74.365,74.509,74.603,74.683,74.753,74.793,74.814,74.814,74.82,74.835,74.843,74.854,74.862,74.88
Brunei Darussalam,BRN,"Mortality rate, adult, female (per 1,000 female adults)",SP.DYN.AMRT.FE,110.828,108.814,107.288,106.04,105.076,104.355,103.723,103.287,102.923,102.651,102.465,102.094,101.906,101.545,101.321,100.941
Brunei Darussalam,BRN,"Mortality rate, adult, male (per 1,000 male adults)",SP.DYN.AMRT.MA,158.544,156.001,153.828,151.684,150.325,149.026,147.811,147.01,146.407,146.159,145.813,145.529,145.291,145.06,144.783,144.419
Brunei Darussalam,BRN,"Mortality rate, infant (per 1,000 live births)",SP.DYN.IMRT.IN,8.3,8.1,8,7.9,7.8,7.8,7.8,7.9,8,8,8.1,8.2,8.3,8.4,8.5,8.5
Brunei Darussalam,BRN,"Mortality rate, under-5 (per 1,000 live births)",SH.DYN.MORT,10.3,10,9.8,9.6,9.5,9.5,9.5,9.5,9.6,9.6,9.7,9.8,9.9,9.9,10,10
Brunei Darussalam,BRN,"Prevalence of HIV, total (% of population ages 15-49)",SH.DYN.AIDS.ZS,..,..,..,..,..,..,..,..,..,..,..,..,..,..,..,..
Brunei Darussalam,BRN,"Incidence of tuberculosis (per 100,000 people)",SH.TBS.INCD,108,75,78,69,60,52,64,65,68,64,69,66,69,59,55,58
Brunei Darussalam,BRN,Diabetes prevalence (% of population ages 20 to 79),SH.STA.DIAB.ZS,..,..,..,..,..,..,..,..,..,..,..,9.4,..,..,..,..
Brunei Darussalam,BRN,"Physicians (per 1,000 people)",SH.MED.PHYS.ZS,1.006,..,1.151,..,1.284,1.064,1.07,1.038,1.467,1.14,1.421,1.514,1.466,1.593,1.486,1.754
Brunei Darussalam,BRN,"Hospital beds (per 1,000 people)",SH.MED.BEDS.ZS,2.77,2.66,2.6,2.64,2.62,3.15,2.85,2.81,2.92,2.87,2.79,2.82,2.7,2.76,2.69,3.07
Brunei Darussalam,BRN,Current health expenditure (% of GDP),SH.XPD.CHEX.GD.ZS,2.5479064,2.5465107,2.53447938,2.60260582,2.55193377,2.23386168,1.9072516,1.94145441,1.87612021,2.39306617,2.27826095,1.86409724,1.85097206,1.898314,1.91436803,2.38708901
Brunei Darussalam,BRN,Access to electricity (% of population),EG.ELC.ACCS.ZS,100,100,100,100,100,100,100,100,100,100,100,100,100,100,100,100
Brunei Darussalam,BRN,People using at least basic drinking water services (% of population),SH.H2O.BASW.ZS,99.9000162089371,99.9000162089371,99.9000162089371,99.9000162089371,99.9000162089371,99.9000181515347,99.9000200940569,99.9000220365035,99.9000239788747,99.9000259211704,99.9000278633906,99.9000298055354,99.9000317476047,99.9000336895986,99.900035631517,99.90003757336
Brunei Darussalam,BRN,People using at least basic sanitation services (% of population),SH.STA.BASS.ZS,72.7148465774726,73.9314819787646,75.1481173800566,76.3647527813482,77.5813881826402,78.7980235839323,80.0146589852238,81.2312943865159,82.4479297878079,83.6645651890999,84.8812005903915,86.0978359916835,87.3144713929755,88.5311067942671,89.7477421955591,90.9643775968511
Brunei Darussalam,BRN,GDP per capita (current US$),NY.GDP.PCAP.CD,20130.2571493081,18287.8271687345,18621.2922677806,20677.9001224663,24423.0947731021,29386.2703597208,34674.7995990594,36217.3291010089,42156.5685216979,30946.4674272953,34937.5555174068,46382.8274456238,46968.5971144517,44003.0644293856,41026.508391054,30625.128732694
Brunei Darussalam,BRN,"School enrollment, secondary (% gross)",SE.SEC.ENRR,82.8583526611328,84.982307434082,86.768928527832,87.8041305541992,90.8928298950195,93.6873092651367,97.5592575073242,98.3408584594727,98.7723617553711,100.720039367676,101.011688232422,102.111122131348,105.229759216309,102.392692565918,96.2848663330078,92.8161697387695
Burkina Faso,BFA,"Life expectancy at birth, total (years)",SP.DYN.LE00.IN,50.808,51.188,51.447,51.959,52.6,53.271,53.784,54.377,55.199,55.791,56.343,57.001,57.457,57.903,58.331,58.778
Burkina Faso,BFA,"Mortality rate, adult, female (per 1,000 female adults)",SP.DYN.AMRT.FE,298.431,295.539,295.473,291.818,286.764,281.001,277.432,273.348,265.423,261.194,256.962,250.431,247.25,243.874,240.328,236.15
Burkina Faso,BFA,"Mortality rate, adult, male (per 1,000 male adults)",SP.DYN.AMRT.MA,365.981,363.873,363.776,359.612,353.402,347.457,345.111,340.425,332.267,327.384,322.943,317.001,313.475,310.067,307.028,303.667
Burkina Faso,BFA,"Mortality rate, infant (per 1,000 live births)",SP.DYN.IMRT.IN,92.4,90.5,88.3,85.9,83.2,80.3,77.1,73.9,71,68.2,65.7,63.5,61.6,59.8,58,56.3
Burkina Faso,BFA,"Mortality rate, under-5 (per 1,000 live births)",SH.DYN.MORT,178.1,174,169.3,164.3,158.6,152.3,145.7,139,132.7,126.8,121.5,116.8,112.6,108.6,104.7,101.1
Burkina Faso,BFA,"Prevalence of HIV, total (% of population ages 15-49)",SH.DYN.AIDS.ZS,1.9,1.8,1.6,1.5,1.4,1.3,1.2,1.2,1.1,1.1,1,1,0.9,0.9,0.8,0.8
Burkina Faso,BFA,"Incidence of tuberculosis (per 100,000 people)",SH.TBS.INCD,70,69,67,66,65,64,63,62,61,60,58,57,55,54,54,52
Burkina Faso,BFA,Diabetes prevalence (% of population ages 20 to 79),SH.STA.DIAB.ZS,..,..,..,..,..,..,..,..,..,..,..,3,..,..,..,..
Burkina Faso,BFA,"Physicians (per 1,000 people)",SH.MED.PHYS.ZS,..,0.04,..,..,0.053,..,..,..,0.031,0.043,0.044,0.037,0.046,0.046,0.047,0.064
Burkina Faso,BFA,"Hospital beds (per 1,000 people)",SH.MED.BEDS.ZS,..,..,..,..,..,..,0.9,..,..,..,0.4,..,..,..,..,..
Burkina Faso,BFA,Current health expenditure (% of GDP),SH.XPD.CHEX.GD.ZS,2.9502635,2.88835382,2.97113013,3.14307284,4.21720934,3.95109582,4.51446247,5.23373222,4.64780712,5.08159161,5.23958349,4.64868164,4.60267258,5.56331587,5.00027227,5.13192415
Burkina Faso,BFA,Access to electricity (% of population),EG.ELC.ACCS.ZS,9.1,9.5,9.9,11.4,10.7,11.1,11.6,12,12.5,12.6,13.1,14.8,15.1,15.4,19.2,16.2
Burkina Faso,BFA,People using at least basic drinking water services (% of population),SH.H2O.BASW.ZS,57.5604209016516,57.7408444436632,57.267023312211,56.8000783226111,56.34175965484,55.8918762289044,55.4522332956733,54.9708726323817,54.4522322239556,53.9354603738644,53.4217027865086,52.911489902673,52.404975540789,51.9026696621386,51.4054752913412,50.9135475105506
Burkina Faso,BFA,People using at least basic sanitation services (% of population),SH.STA.BASS.ZS,10.1878990848946,10.5063052772592,11.3937425930332,12.2686574331796,13.1317299489599,13.9805995453405,14.8159146955023,15.5707854905595,16.2596775904484,16.9336302229932,17.5931679395271,18.2380244727644,18.8675829272628,19.4816080899317,20.0801867081172,20.6627379954545
Burkina Faso,BFA,GDP per capita (current US$),NY.GDP.PCAP.CD,248.908526921752,259.485223380436,285.654087637533,362.373899996953,403.81283743461,441.164148016012,455.513655620024,514.684451177238,619.437533256264,601.569520671859,624.957252224766,725.024767725475,731.470138867833,759.762065168498,764.861675106225,630.124750752312
Burkina Faso,BFA,"School enrollment, secondary (% gross)",SE.SEC.ENRR,9.85589981079102,10.0396404266357,..,11.2848196029663,12.3676996231079,13.3723297119141,14.1544599533081,15.2793703079224,17.9947395324707,19.4353504180908,21.1780201888507,23.1764371916742,25.2399681000378,27.6008880705968,29.5668744354491,32.8931343608996
Cabo Verde,CPV,"Life expectancy at birth, total (years)",SP.DYN.LE00.IN,68.117,68.707,69.447,70.006,70.499,70.936,71.341,71.487,71.888,72.142,72.507,72.913,73.315,73.481,73.788,74.096
Cabo Verde,CPV,"Mortality rate, adult, female (per 1,000 female adults)",SP.DYN.AMRT.FE,125.735,125.866,120.147,116.267,110.841,105.537,98.88,98.032,92.806,90.55,87.897,82.998,79.654,78.101,76.755,75.055
Cabo Verde,CPV,"Mortality rate, adult, male (per 1,000 male adults)",SP.DYN.AMRT.MA,280.253,275.645,267.86,263.644,253.104,244.65,234.139,230.429,219.947,219.604,214.207,209.785,202.928,201.721,194.894,188.117
Cabo Verde,CPV,"Mortality rate, infant (per 1,000 live births)",SP.DYN.IMRT.IN,29.4,27,25.3,24.3,23.9,23.9,24.1,24.3,24.4,24.3,23.8,22.9,21.8,20.5,19,17.6
Cabo Verde,CPV,"Mortality rate, under-5 (per 1,000 live births)",SH.DYN.MORT,36,32.8,30.5,29,28.2,28,28,28,27.9,27.5,26.7,25.6,24.2,22.6,20.9,19.1
Cabo Verde,CPV,"Prevalence of HIV, total (% of population ages 15-49)",SH.DYN.AIDS.ZS,0.7,0.7,0.7,0.7,0.7,0.7,0.7,0.7,0.7,0.7,0.7,0.7,0.7,0.7,0.8,0.8
Cabo Verde,CPV,"Incidence of tuberculosis (per 100,000 people)",SH.TBS.INCD,77,79,52,83,77,75,67,69,83,82,87,93,103,74,67,66
Cabo Verde,CPV,Diabetes prevalence (% of population ages 20 to 79),SH.STA.DIAB.ZS,..,..,..,..,..,..,..,..,..,..,..,5.4,..,..,..,..
Cabo Verde,CPV,"Physicians (per 1,000 people)",SH.MED.PHYS.ZS,..,..,..,..,0.493,..,..,..,..,0.487,0.56,0.554,0.487,0.571,..,0.743
Cabo Verde,CPV,"Hospital beds (per 1,000 people)",SH.MED.BEDS.ZS,..,..,..,..,2.04,1.99,1.98,2.01,2.1,1.96,1.99,2.05,2.1,1.99,1.93,1.93
Cabo Verde,CPV,Current health expenditure (% of GDP),SH.XPD.CHEX.GD.ZS,4.43401194,4.75244379,4.7555151,4.85960436,4.75073719,4.47569275,5.12305117,5.14727354,4.35203123,3.96602345,4.08108234,3.92477369,4.6740551,4.82468271,4.85231543,4.40073681
Cabo Verde,CPV,Access to electricity (% of population),EG.ELC.ACCS.ZS,58.6,60.3,58.6,63.7,65.4,67,68.8,70.5,72.3,74.1,81.1,82.3,83.2,84.3,85.3,86.4
Cabo Verde,CPV,People using at least basic drinking water services (% of population),SH.H2O.BASW.ZS,79.129833821059,79.3814347915271,79.6291801781171,79.8725603287821,80.3234340405093,80.7759271240546,81.2305336255711,81.6867082827309,82.1449641293727,82.6041896679173,83.0628768653601,83.467759998597,83.8738361203627,84.2809235377438,84.6889979682367,85.3679901003518
Cabo Verde,CPV,People using at least basic sanitation services (% of population),SH.STA.BASS.ZS,36.8279530117996,39.1910563286688,41.5375089977973,43.8664098956885,46.1784732946656,48.4726015407377,50.7498012152059,53.0093492318719,55.2522001426227,57.4769273640947,59.6818525468582,61.8006551686033,63.9530692607862,66.0992441827563,68.2388839996908,70.3717075171588
Cabo Verde,CPV,GDP per capita (current US$),NY.GDP.PCAP.CD,1189.51479345891,1223.33055331575,1328.57874270666,1717.97565369655,1929.49081468781,2004.14680417563,2256.99666191075,3324.57675212498,3908.64885822576,3659.72046361628,3579.46006137809,4002.01386888785,3736.81517011087,3960.97596791345,3985.60706548134,3415.06266730931
Cabo Verde,CPV,"School enrollment, secondary (% gross)",SE.SEC.ENRR,65.0551376342773,63.2078514099121,66.3999862670898,67.3274078369141,66.9400405883789,70.2636032104492,81.5834884643555,80.4710464477539,82.10888671875,81.2256927490234,83.5471330073283,86.7000153273789,89.9634082592786,94.7526092529297,93.6074664791524,96.6012286324786
Cameroon,CMR,"Life expectancy at birth, total (years)",SP.DYN.LE00.IN,53.338,53.598,53.922,54.253,54.578,54.904,55.301,55.71,56.116,56.486,56.965,57.482,58.17,58.73,59.13,59.687
Cameroon,CMR,"Mortality rate, adult, female (per 1,000 female adults)",SP.DYN.AMRT.FE,336.542,336.543,333.713,330.596,328.363,327.005,322.113,316.832,311.496,306.697,299.018,292.623,280.294,272.429,265.475,257.795
Cameroon,CMR,"Mortality rate, adult, male (per 1,000 male adults)",SP.DYN.AMRT.MA,367.514,363.725,361.42,359.834,357.895,355.557,353.756,351.369,349.093,350.014,346.953,342.34,336.811,332.07,332.981,326.922
Cameroon,CMR,"Mortality rate, infant (per 1,000 live births)",SP.DYN.IMRT.IN,82.8,80.9,78.8,76.9,74.9,73.3,71.3,69.7,67.9,66.3,63.9,62,59.8,57.4,55.4,53.2
Cameroon,CMR,"Mortality rate, under-5 (per 1,000 live births)",SH.DYN.MORT,144.4,141.4,138.1,134.7,131.3,128.1,124.6,121.3,117.7,114.3,110,105.9,101.6,97.3,93.1,89
Cameroon,CMR,"Prevalence of HIV, total (% of population ages 15-49)",SH.DYN.AIDS.ZS,5.5,5.6,5.7,5.6,5.6,5.5,5.4,5.2,5.1,5,4.8,4.7,4.5,4.3,4.1,3.9
Cameroon,CMR,"Incidence of tuberculosis (per 100,000 people)",SH.TBS.INCD,309,317,321,321,318,311,303,292,282,271,260,251,242,235,220,212
Cameroon,CMR,Diabetes prevalence (% of population ages 20 to 79),SH.STA.DIAB.ZS,0,..,..,..,..,..,..,..,..,..,..,6.1,..,..,..,..
Cameroon,CMR,"Physicians (per 1,000 people)",SH.MED.PHYS.ZS,..,..,..,..,0.186,0.061,..,0.072,..,0.07,0.086,0.09,..,..,..,..
Cameroon,CMR,"Hospital beds (per 1,000 people)",SH.MED.BEDS.ZS,..,..,..,..,..,..,1.5,..,..,..,1.3,..,..,..,..,..
Cameroon,CMR,Current health expenditure (% of GDP),SH.XPD.CHEX.GD.ZS,4.29573393,4.16830397,4.02669907,3.90227985,3.72798991,3.77274442,3.73662829,3.79498792,3.65843678,3.49997187,3.57742167,3.85282946,3.9310236,3.63136435,4.34148788,4.12600517
Cameroon,CMR,Access to electricity (% of population),EG.ELC.ACCS.ZS,41,46.2,44,45.1,47.1,47.2,49,48.2,50.6,51.7,52.8,53.7,55.2,56.3,56.8,58.6
Cameroon,CMR,People using at least basic drinking water services (% of population),SH.H2O.BASW.ZS,56.3102137004233,57.0664321951166,57.8070159706812,58.5315757764966,59.2406478259978,59.9329922487441,60.6096169460461,61.2706157127257,61.9160862352195,62.5457290378151,63.1600528512177,63.7587752998518,64.3420231310665,64.9095494694424,65.4615077465372,65.9980474433756
Cameroon,CMR,People using at least basic sanitation services (% of population),SH.STA.BASS.ZS,38.2963191886427,38.3301303382151,38.3674033125202,38.59076542374,38.8160973579278,39.042535815984,39.2707706827341,39.5008711555613,39.7329093241941,39.9666331909279,40.2024295671356,40.4400396496545,40.679527922419,40.9206144735396,41.16335571391,41.4078037782764
Cameroon,CMR,GDP per capita (current US$),NY.GDP.PCAP.CD,708.565731625965,715.470296470585,789.623811072554,988.241276791846,1133.39326749673,1142.62466252106,1191.45458990968,1325.67248215933,1492.14269801453,1461.38999232337,1398.58702025047,1513.96056994878,1449.09874362279,1575.92882118897,1649.4433905949,1415.00009710569
Cameroon,CMR,"School enrollment, secondary (% gross)",SE.SEC.ENRR,28.4606399536133,33.5832786560059,29.3418807983398,30.9356803894043,27.5096206665039,28.0079002380371,24.4080104827881,33.4497184753418,37.8488082885742,41.7743606567383,..,49.8732461065506,53.102088720007,54.9012784916851,59.1253563645436,60.4960883608074
Cayman Islands,CYM,"Life expectancy at birth, total (years)",SP.DYN.LE00.IN,74.378,74.529,74.609,74.639,74.596,74.863,75,75.152,75.386,75.671,76.069,76.562,77.121,77.652,77.865,78.119
Cayman Islands,CYM,"Mortality rate, adult, female (per 1,000 female adults)",SP.DYN.AMRT.FE,120.329,120.286,120.247,119.899,120.569,117.158,115.975,115.552,114.992,114.301,112.129,108.677,103.658,97.222,96.839,95.791
Cayman Islands,CYM,"Mortality rate, adult, male (per 1,000 male adults)",SP.DYN.AMRT.MA,185.255,181.324,179.129,178.405,177.512,175.713,174.492,172.778,170.016,166.461,161.404,154.451,146.437,141.453,139.596,136.861
Cayman Islands,CYM,"Mortality rate, infant (per 1,000 live births)",SP.DYN.IMRT.IN,..,..,..,..,..,..,..,..,..,..,..,..,..,..,..,..
Cayman Islands,CYM,"Mortality rate, under-5 (per 1,000 live births)",SH.DYN.MORT,..,..,..,..,..,..,..,..,..,..,..,..,..,..,..,..
Cayman Islands,CYM,"Prevalence of HIV, total (% of population ages 15-49)",SH.DYN.AIDS.ZS,..,..,..,..,..,..,..,..,..,..,..,..,..,..,..,..
Cayman Islands,CYM,"Incidence of tuberculosis (per 100,000 people)",SH.TBS.INCD,14,2.8,0,0,2.5,1.1,0,2.3,2.2,4.4,8.5,4.1,12,9.8,0,13
Cayman Islands,CYM,Diabetes prevalence (% of population ages 20 to 79),SH.STA.DIAB.ZS,12.1,..,..,..,..,..,..,..,..,..,..,12,..,..,..,..
Cayman Islands,CYM,"Physicians (per 1,000 people)",SH.MED.PHYS.ZS,..,..,..,..,..,..,..,..,..,..,..,..,..,..,..,..
Cayman Islands,CYM,"Hospital beds (per 1,000 people)",SH.MED.BEDS.ZS,..,..,..,..,..,..,..,..,..,..,..,..,..,..,..,..
Cayman Islands,CYM,Current health expenditure (% of GDP),SH.XPD.CHEX.GD.ZS,..,..,..,..,..,..,..,..,..,..,..,..,..,..,..,..
Cayman Islands,CYM,Access to electricity (% of population),EG.ELC.ACCS.ZS,100,100,100,100,100,100,100,100,100,100,100,100,100,100,100,100
Cayman Islands,CYM,People using at least basic drinking water services (% of population),SH.H2O.BASW.ZS,..,96.139263803681,96.139263803681,96.139263803681,96.139263803681,96.139263803681,96.1015337423313,96.0638036809816,96.0260736196319,95.9883435582822,95.9506134969325,95.9128834355828,95.8751533742332,95.8374233128834,95.7996932515338,95.7619631901841
Cayman Islands,CYM,People using at least basic sanitation services (% of population),SH.STA.BASS.ZS,..,83.9378304447852,83.9378304447852,83.9378304447852,83.9378304447852,83.9378304447852,83.8037938650307,83.669757285276,83.5357207055214,83.518925,83.5017524539877,83.4842030674846,83.4662768404908,83.4479737730061,83.4292938650307,83.4102371165644
Cayman Islands,CYM,GDP per capita (current US$),NY.GDP.PCAP.CD,..,..,..,..,..,..,87085.0937376216,89888.2618212462,89655.1196222184,81373.5711516642,76837.6699636672,75280.960764889,75101.59136128,75113.7332398618,75845.3060407986,76379.2095108681
Cayman Islands,CYM,"School enrollment, secondary (% gross)",SE.SEC.ENRR,94.2075576782227,86.3955612182617,81.6817932128906,..,87.4393005371094,88.3051910400391,88.0352325439453,89.9581604003906,94.58740234375,..,..,92.3470839260313,89.14686825054,88.6417168280555,..,..
Chad,TCD,"Life expectancy at birth, total (years)",SP.DYN.LE00.IN,47.937,48.306,48.36,48.609,48.687,48.86,48.747,49.21,49.503,49.828,50.107,50.426,50.765,51.051,51.141,51.32
Chad,TCD,"Mortality rate, adult, female (per 1,000 female adults)",SP.DYN.AMRT.FE,361.223,361.038,363.709,363.66,364.834,366.939,369.266,365.589,366.224,365.241,364.052,361.862,359.954,358.251,357.764,357.171
Chad,TCD,"Mortality rate, adult, male (per 1,000 male adults)",SP.DYN.AMRT.MA,409.399,401.166,405.884,402.745,406.606,405.864,418.423,411.622,406.93,404.159,402.787,400.941,398.666,398.123,403.577,405.914
Chad,TCD,"Mortality rate, infant (per 1,000 live births)",SP.DYN.IMRT.IN,102,100.3,98.5,96.6,94.8,93,91,89,87,84.9,82.8,80.7,78.6,76.6,74.8,72.8
Chad,TCD,"Mortality rate, under-5 (per 1,000 live births)",SH.DYN.MORT,183.6,180.2,176.8,173.4,170,166.5,162.9,159.2,155.4,151.5,147.7,143.9,140.1,136.5,133,129.3
Chad,TCD,"Prevalence of HIV, total (% of population ages 15-49)",SH.DYN.AIDS.ZS,2.4,2.4,2.3,2.2,2.2,2.1,2,1.9,1.8,1.8,1.7,1.7,1.6,1.5,1.5,1.4
Chad,TCD,"Incidence of tuberculosis (per 100,000 people)",SH.TBS.INCD,151,152,152,152,151,151,150,149,149,148,147,147,146,146,145,144
Chad,TCD,Diabetes prevalence (% of population ages 20 to 79),SH.STA.DIAB.ZS,..,..,..,..,..,..,..,..,..,..,..,3.9,..,..,..,..
Chad,TCD,"Physicians (per 1,000 people)",SH.MED.PHYS.ZS,0.029,..,..,..,0.036,..,0.036,..,..,..,..,..,0.041,0.043,0.044,0.049
Chad,TCD,"Hospital beds (per 1,000 people)",SH.MED.BEDS.ZS,..,..,..,..,..,0.4,..,..,..,..,..,..,..,..,..,0.49
Chad,TCD,Current health expenditure (% of GDP),SH.XPD.CHEX.GD.ZS,4.00526953,3.88475776,5.33389902,4.04336071,4.03654861,3.55289602,3.5379293,3.14604688,2.94988155,3.18315554,3.04079008,2.93420601,2.9589653,3.1230278,3.28550839,3.41504669
Chad,TCD,Access to electricity (% of population),EG.ELC.ACCS.ZS,3.1,3.4,3.8,4.1,3.5,4.8,5.1,5.5,5.9,6.3,6.4,9,7.8,8.1,8.4,7.7
Chad,TCD,People using at least basic drinking water services (% of population),SH.H2O.BASW.ZS,38.6325922411663,39.2138927756731,39.7975122600416,40.3843399260161,40.9739127227244,41.5662155428041,42.1612373131913,42.7593900572731,43.3598096505447,43.9629138276265,44.5760294474077,45.1988552239167,45.8314595763886,46.4730952162018,47.1234151576749,47.7824336445913
Chad,TCD,People using at least basic sanitation services (% of population),SH.STA.BASS.ZS,9.6926743015076,9.775113767504,9.85771003081794,9.94081051229209,10.0242445629892,10.1080112103308,10.1921110893801,10.2767456265106,10.3615172599108,10.4835850614972,10.6144009031658,10.7545445031211,10.904855366766,11.0657151939012,11.2377496545349,11.4218789248527
Chad,TCD,GDP per capita (current US$),NY.GDP.PCAP.CD,163.121663683369,194.32295331156,219.061391951349,289.087621122168,445.850767157087,838.092107712557,906.897260572747,980.483531485103,1166.36883453841,1035.63719694254,1141.80069268412,1308.1421872538,1354.34344701937,1304.88742971475,1278.78981422494,993.990730610869
Chad,TCD,"School enrollment, secondary (% gross)",SE.SEC.ENRR,10.964280128479,12.6534004211426,13.4368200302124,14.8295497894287,15.217809677124,15.5320997238159,15.8697900772095,18.2909908294678,20.7904891967773,22.7542705535889,22.369271805704,22.8224817551818,22.1087903431339,24.5326035474767,22.8485794067383,22.2454248795188
Chile,CHL,"Life expectancy at birth, total (years)",SP.DYN.LE00.IN,77.128,77.58,77.84,77.884,78.276,78.459,78.533,78.652,78.752,78.89,79.095,79.236,79.221,79.551,79.714,80.008
Chile,CHL,"Mortality rate, adult, female (per 1,000 female adults)",SP.DYN.AMRT.FE,71.847,70.049,68.426,66.688,64.688,65.303,65.715,65.463,65.264,66.174,64.797,64.173,63.316,62.713,61.921,60.75
Chile,CHL,"Mortality rate, adult, male (per 1,000 male adults)",SP.DYN.AMRT.MA,139.187,134.987,133.835,130.67,126.038,124.584,122.644,120.837,119.354,117.22,116.578,113.262,112.371,109.713,109.257,107.535
Chile,CHL,"Mortality rate, infant (per 1,000 live births)",SP.DYN.IMRT.IN,9.2,8.7,8.2,8,7.9,7.7,7.6,7.6,7.6,7.6,7.5,7.4,7.2,7.1,7,6.8
Chile,CHL,"Mortality rate, under-5 (per 1,000 live births)",SH.DYN.MORT,10.9,10.3,9.8,9.5,9.3,9.1,9,8.9,8.9,8.8,8.7,8.6,8.4,8.2,8.1,7.9
Chile,CHL,"Prevalence of HIV, total (% of population ages 15-49)",SH.DYN.AIDS.ZS,0.2,0.2,0.2,0.2,0.2,0.2,0.3,0.3,0.3,0.3,0.3,0.3,0.4,0.4,0.4,0.4
Chile,CHL,"Incidence of tuberculosis (per 100,000 people)",SH.TBS.INCD,22,22,18,16,19,18,18,17,17,16,16,16,16,16,15,16
Chile,CHL,Diabetes prevalence (% of population ages 20 to 79),SH.STA.DIAB.ZS,..,..,..,..,..,..,..,..,..,..,..,9.5,..,..,..,..
Chile,CHL,"Physicians (per 1,000 people)",SH.MED.PHYS.ZS,..,..,0.892,0.946,0.984,0.981,1.042,1.039,1.042,1.033,1.438,1.591,1.753,1.887,2.036,2.159
Chile,CHL,"Hospital beds (per 1,000 people)",SH.MED.BEDS.ZS,2.72,2.62,2.54,2.51,2.41,2.31,2.33,2.29,2.28,2.28,2.05,2.23,2.18,2.18,2.13,2.15
Chile,CHL,Current health expenditure (% of GDP),SH.XPD.CHEX.GD.ZS,7.00020742,7.09733105,7.20833778,7.25047779,6.91028595,6.62372065,6.07235622,6.21259642,6.73954487,7.25026846,6.81958389,6.79947519,7.01951265,7.47552681,7.84150171,8.3513937
Chile,CHL,Access to electricity (% of population),EG.ELC.ACCS.ZS,97.9,97.1,97.3,98.8,97.5,97.7,99.4,98,98.2,99.6,99.5,99.6,100,99.6,100,99.7
Chile,CHL,People using at least basic drinking water services (% of population),SH.H2O.BASW.ZS,95.7491208421222,96.062891345866,96.3584619844032,96.6106866646012,96.8614230083117,97.1101191966706,97.3573221347286,97.602715506187,97.8465856667141,98.0886728560827,98.3290115514448,98.5678197749082,98.804914353575,99.0403880891887,99.2742482208884,99.5064928801766
Chile,CHL,People using at least basic sanitation services (% of population),SH.STA.BASS.ZS,92.2438518731679,92.794465210687,93.3238349042848,93.8031360829364,94.2806647717969,94.7557878713234,95.2291336312297,95.7003393538926,96.1697322571176,96.637017176338,97.102236534404,97.5656331122127,98.0270041806951,98.4864536789725,98.9439888188306,99.3658906079959
Chile,CHL,GDP per capita (current US$),NY.GDP.PCAP.CD,5052.99245766325,4563.5952986689,4430.84741157984,4773.40177520754,6120.59152055344,7480.32330998636,9318.65655296121,10346.4138184533,10683.2188772511,10098.8017167286,12632.8704724192,14487.3927832032,15241.9069981119,15683.5486369155,14529.6767206336,13433.9202987032
Chile,CHL,"School enrollment, secondary (% gross)",SE.SEC.ENRR,86.9013595581055,..,89.4216384887695,90.6209564208984,91.0151062011719,92.0045623779297,91.9973297119141,91.5507965087891,91.5420074462891,89.8597564697266,90.99951171875,90.9826202392578,89.5031433105469,99.1520767211914,99.8654403686523,100.921676635742
Colombia,COL,"Life expectancy at birth, total (years)",SP.DYN.LE00.IN,70.905,71.185,71.537,72.309,72.76,73.156,73.497,73.751,74.206,74.531,74.876,75.18,75.611,75.834,75.95,76.067
Colombia,COL,"Mortality rate, adult, female (per 1,000 female adults)",SP.DYN.AMRT.FE,104.692,102.489,100.384,96.144,92.62,89.537,86.708,84.751,82.515,81.12,79.417,77.561,75.323,74.663,74.437,74.753
Colombia,COL,"Mortality rate, adult, male (per 1,000 male adults)",SP.DYN.AMRT.MA,234.984,230.507,224.414,208.868,198.95,190.154,183.33,179.645,173.314,167.357,163.68,158.119,152.16,147.023,143.488,141.338
Colombia,COL,"Mortality rate, infant (per 1,000 live births)",SP.DYN.IMRT.IN,21.6,21,20.4,19.9,19.3,18.8,18.3,17.8,17.3,16.8,16.3,15.8,15.3,14.8,14.4,14
Colombia,COL,"Mortality rate, under-5 (per 1,000 live births)",SH.DYN.MORT,25.1,24.3,23.5,22.8,22.2,21.5,20.9,20.2,19.6,18.9,18.3,17.7,17.2,16.6,16.1,15.6
Colombia,COL,"Prevalence of HIV, total (% of population ages 15-49)",SH.DYN.AIDS.ZS,0.4,0.5,0.5,0.5,0.5,0.5,0.5,0.5,0.5,0.5,0.5,0.5,0.5,0.5,0.5,0.5
Colombia,COL,"Incidence of tuberculosis (per 100,000 people)",SH.TBS.INCD,37,36,35,35,33,30,32,31,32,32,32,33,33,32,31,31
Colombia,COL,Diabetes prevalence (% of population ages 20 to 79),SH.STA.DIAB.ZS,..,..,..,..,..,..,..,..,..,..,..,9.8,..,..,..,..
Colombia,COL,"Physicians (per 1,000 people)",SH.MED.PHYS.ZS,1.26,1.285,1.317,1.348,1.387,1.429,1.467,1.509,1.561,1.616,1.664,1.752,1.811,1.88,1.955,2.015
Colombia,COL,"Hospital beds (per 1,000 people)",SH.MED.BEDS.ZS,..,..,..,1.1000000238,1.2,..,1,1,..,..,1.51,1.49,1.52,1.58,1.63,1.65
Colombia,COL,Current health expenditure (% of GDP),SH.XPD.CHEX.GD.ZS,5.63529348,5.94238281,5.73296547,5.77505445,5.79892111,6.06710577,6.33546638,6.49102163,6.84192181,7.31134558,7.07130194,6.78076792,6.74601603,7.01724052,7.18553209,7.52338505
Colombia,COL,Access to electricity (% of population),EG.ELC.ACCS.ZS,95.2,98.5,94.9,95.1,95.3,96.8,95.7,96,96.8,96.1,96.8,96.7,97,97.8,97.8,98.2
Colombia,COL,People using at least basic drinking water services (% of population),SH.H2O.BASW.ZS,91.9600501288055,92.2691173355502,92.5729955519748,92.8717379215959,93.1651930443208,93.4534280310835,93.7365220800179,94.014341189398,94.2871908166194,94.555130092227,94.8180493749797,95.0760498001745,95.3293842263037,95.5779768800422,95.821895841302,96.0614092543758
Colombia,COL,People using at least basic sanitation services (% of population),SH.STA.BASS.ZS,75.4237027446631,76.3209690547615,77.2165816983729,78.1105144810919,79.0025604937672,79.8927082484828,80.7809581807122,81.6671233440099,82.5514083234022,83.4338012855543,84.314142164482,85.1924601803427,86.0689202628907,86.9433990132741,87.8159017312967,88.6866119402668
Colombia,COL,GDP per capita (current US$),NY.GDP.PCAP.CD,2555.00751039968,2472.99084035833,2428.92969771584,2311.94218760291,2818.57195413044,3456.06610874512,3789.85361217027,4769.926147194,5541.83629665898,5250.97292433518,6398.2958447102,7400.9940695669,8108.59838244229,8279.10255642981,8187.20824890084,6248.51490534512
Colombia,COL,"School enrollment, secondary (% gross)",SE.SEC.ENRR,76.4044799804688,..,78.1551971435547,..,82.9504623413086,86.9616470336914,90.2876663208008,93.012809753418,94.2315521240234,98.2700805664062,99.9543685913086,101.20581817627,97.2326889038086,98.1015014648438,97.3632888793945,97.6741180419922
Burundi,BDI,"Life expectancy at birth, total (years)",SP.DYN.LE00.IN,47.617,48.509,49.924,50.997,52.217,53.053,53.962,54.832,55.581,56.422,57.088,57.804,58.501,59.179,59.764,60.107
Burundi,BDI,"Mortality rate, adult, female (per 1,000 female adults)",SP.DYN.AMRT.FE,381.306,369.538,356.821,347.185,335.342,327.888,319.636,312.126,305.002,297.573,292.864,286.337,279.716,272.227,265.651,260.208
Burundi,BDI,"Mortality rate, adult, male (per 1,000 male adults)",SP.DYN.AMRT.MA,483.699,473.057,438.589,417.708,396.55,386.264,375.467,365.842,360.011,350.555,343.77,336.939,329.951,323.957,319.147,321.905
Burundi,BDI,"Mortality rate, infant (per 1,000 live births)",SP.DYN.IMRT.IN,88.6,86.1,83.3,80.4,77.1,73.4,69.5,65.6,61.8,58.3,55,51.9,49,46.3,44,41.8
Burundi,BDI,"Mortality rate, under-5 (per 1,000 live births)",SH.DYN.MORT,153.7,148.5,143,137.3,131,124.1,116.8,109.7,102.8,96.6,90.8,85.3,80.2,75.5,71.3,67.6
Burundi,BDI,"Prevalence of HIV, total (% of population ages 15-49)",SH.DYN.AIDS.ZS,3.4,3.1,2.8,2.6,2.4,2.2,2,1.9,1.8,1.7,1.6,1.6,1.5,1.4,1.4,1.3
Burundi,BDI,"Incidence of tuberculosis (per 100,000 people)",SH.TBS.INCD,290,270,250,230,211,195,181,169,160,152,144,138,133,128,126,122
Burundi,BDI,Diabetes prevalence (% of population ages 20 to 79),SH.STA.DIAB.ZS,..,..,..,..,..,..,..,..,..,..,..,2.7,..,..,..,..
Burundi,BDI,"Physicians (per 1,000 people)",SH.MED.PHYS.ZS,0.052,..,..,..,0.028,..,..,..,..,..,0.046,0.038,0.051,0.055,0.058,0.047
Burundi,BDI,"Hospital beds (per 1,000 people)",SH.MED.BEDS.ZS,..,..,..,..,..,..,0.7,..,..,..,..,..,1.02,0.73,0.71,..
Burundi,BDI,Current health expenditure (% of GDP),SH.XPD.CHEX.GD.ZS,4.22181606,5.68180418,5.34983587,5.27245188,7.09572744,7.56016588,8.71264839,9.1855402,7.74147511,9.23238468,11.28196716,10.06996346,8.63756466,8.62834644,7.21081543,6.29022646
Burundi,BDI,Access to electricity (% of population),EG.ELC.ACCS.ZS,2.5,2.8,3.1,3.4,3.7,3.2,2.7,4.7,4.8,5.4,5.3,6.2,6.5,6.9,7,7.9
Burundi,BDI,People using at least basic drinking water services (% of population),SH.H2O.BASW.ZS,50.6631178584695,51.2344752955927,51.8093345293413,52.3873260532119,52.9684349998327,53.5526302502999,54.1402304455378,54.730870293527,55.3251988251528,55.9221740462688,56.5231180583941,57.12765967771,57.7354291237771,58.3474042437146,58.9625419122028,59.5814707751426
Burundi,BDI,People using at least basic sanitation services (% of population),SH.STA.BASS.ZS,45.2147429343412,45.4235595145127,45.634367840651,45.8472924386413,45.8686367474088,45.8870569615053,45.9023891144522,45.91453002842,45.9232637088484,45.9285444534239,45.930071391903,45.9277113706051,45.9213248562526,45.9106159973544,45.8955074527913,45.8757132011188
Burundi,BDI,GDP per capita (current US$),NY.GDP.PCAP.CD,134.537861752389,132.159554541932,120.952308575468,111.406682804391,125.194965184533,147.234619294225,161.892755640319,166.162744906755,189.502074570768,199.097633037708,216.727705301976,230.070577369084,231.688496393569,234.843045388828,250.540481111877,280.966831311923
Burundi,BDI,"School enrollment, secondary (% gross)",SE.SEC.ENRR,..,9.41998958587646,9.92739963531494,10.2563495635986,11.8093099594116,12.9770698547363,14.3381099700928,15.3361196517944,..,20.8934001922607,23.7647094726562,26.7943801879883,29.5732898712158,34.2124507321275,40.2641258748146,43.9351929825496
Cambodia,KHM,"Life expectancy at birth, total (years)",SP.DYN.LE00.IN,59.491,60.457,61.395,62.345,63.256,64.113,64.886,65.549,66.147,66.747,67.311,67.869,68.371,68.755,69.117,69.398
Cambodia,KHM,"Mortality rate, adult, female (per 1,000 female adults)",SP.DYN.AMRT.FE,232.108,224.092,215.108,207.343,202.189,196.468,190.149,185.246,180.206,174.061,168.644,162.269,156.674,151.911,148.454,145.696
Cambodia,KHM,"Mortality rate, adult, male (per 1,000 male adults)",SP.DYN.AMRT.MA,297.308,289.797,284.418,277.128,266.887,257.558,250.563,244.151,239.507,235.086,230.394,225.549,222.141,219.749,217.013,215.206
Cambodia,KHM,"Mortality rate, infant (per 1,000 live births)",SP.DYN.IMRT.IN,86.7,79.4,71.8,65,59.3,54.5,50.5,47.1,43.8,40.6,37.7,35.1,32.8,30.8,29.1,27.7
Cambodia,KHM,"Mortality rate, under-5 (per 1,000 live births)",SH.DYN.MORT,105.9,96.5,86.7,78,70.8,64.8,59.8,55.4,51.3,47.4,43.7,40.5,37.7,35.3,33.3,31.6
Cambodia,KHM,"Prevalence of HIV, total (% of population ages 15-49)",SH.DYN.AIDS.ZS,1.2,1.1,1.1,1.1,1,1,1,0.9,0.9,0.9,0.9,0.9,0.8,0.8,0.8,0.8
Cambodia,KHM,"Incidence of tuberculosis (per 100,000 people)",SH.TBS.INCD,579,566,553,539,525,510,495,481,466,452,438,425,412,398,383,366
Cambodia,KHM,Diabetes prevalence (% of population ages 20 to 79),SH.STA.DIAB.ZS,..,..,..,..,..,..,..,..,..,..,..,2.9,..,..,..,..
Cambodia,KHM,"Physicians (per 1,000 people)",SH.MED.PHYS.ZS,0.169,..,..,..,..,..,..,..,0.243,0.237,0.229,0.226,0.165,..,0.194,..
Cambodia,KHM,"Hospital beds (per 1,000 people)",SH.MED.BEDS.ZS,..,0.6,0.62,..,0.1,0.6,..,..,0.64,..,0.81,0.7,..,0.83,..,0.85
Cambodia,KHM,Current health expenditure (% of GDP),SH.XPD.CHEX.GD.ZS,6.48248434,6.76128578,6.92060709,6.45833635,6.4859705,6.15047693,5.3646059,4.20612955,5.61296654,6.3089695,5.62713194,6.00443649,5.72469473,5.46154881,5.07833052,4.62506533
Cambodia,KHM,Access to electricity (% of population),EG.ELC.ACCS.ZS,16.6,9.5,13.1,19.3,14.2,20.5,27.5,20.2,26.4,25.6,31.1,37.4,42.3,50.9,56.1,62.7
Cambodia,KHM,People using at least basic drinking water services (% of population),SH.H2O.BASW.ZS,51.899880591249,53.6084259872673,55.3148453414085,57.0191403415165,58.53308870878,59.8022578613588,61.0435915393988,62.2574600533449,63.4540973985695,64.676667603416,65.8701567479709,67.0347427632734,68.17060774941,69.2776988970285,70.3567098391523,71.4076002072769
Cambodia,KHM,People using at least basic sanitation services (% of population),SH.STA.BASS.ZS,10.1863241737143,11.3935107421311,14.2304196427319,17.0917223528328,19.9778491724546,22.8886756357962,25.8235906865063,28.7829838695833,31.7836066371633,34.8956032926961,38.0261681716986,41.1748173469742,44.3410593815793,47.5240172212346,50.7239587338179,53.9399800809398
Cambodia,KHM,GDP per capita (current US$),NY.GDP.PCAP.CD,296.426687526334,327.500984314444,350.147276634294,386.691123931778,444.199067529081,525.797325120926,612.252648550727,731.692295125426,866.283999789749,875.748936193569,952.274616324008,1088.98152823081,1192.80263041673,1305.6600972686,1431.56396469993,1547.32010444393
Cambodia,KHM,"School enrollment, secondary (% gross)",SE.SEC.ENRR,18.1284408569336,20.176570892334,23.8959407806396,27.8392200469971,30.9775104522705,..,39.1435394287109,41.7365608215332,44.2504997253418,..,..,..,..,..,..,..
Canada,CAN,"Life expectancy at birth, total (years)",SP.DYN.LE00.IN,79.1668292682927,79.3980487804878,79.5307317073171,79.7151219512195,79.9921951219512,80.1126829268293,80.5436585365854,80.5436585365854,80.7246341463415,81.0660975609756,81.3221951219512,81.4826829268293,81.6636585365854,81.7448780487805,81.7843902439025,81.8258536585366
Canada,CAN,"Mortality rate, adult, female (per 1,000 female adults)",SP.DYN.AMRT.FE,61.046,59.364,59.492,58.315,57.049,57.113,55.878,55.476,55.899,54.782,52.66,52.671,52.44,50.975,51.4,50.736
Canada,CAN,"Mortality rate, adult, male (per 1,000 male adults)",SP.DYN.AMRT.MA,100.915,99.426,96.835,96.936,94.71,94.342,91.811,91.755,89.926,87.755,85.399,82.916,82.45,81.208,81.436,81.203
Canada,CAN,"Mortality rate, infant (per 1,000 live births)",SP.DYN.IMRT.IN,5.3,5.3,5.3,5.3,5.3,5.2,5.2,5.1,5.1,5,5,4.9,4.8,4.8,4.7,4.7
Canada,CAN,"Mortality rate, under-5 (per 1,000 live births)",SH.DYN.MORT,6.2,6.2,6.2,6.2,6.1,6.1,6,6,5.9,5.8,5.7,5.6,5.6,5.5,5.4,5.4
Canada,CAN,"Prevalence of HIV, total (% of population ages 15-49)",SH.DYN.AIDS.ZS,0.2,0.2,0.2,0.2,0.2,0.2,0.2,0.2,0.2,0.2,0.2,0.2,0.2,0.2,0.2,0.2
Canada,CAN,"Incidence of tuberculosis (per 100,000 people)",SH.TBS.INCD,6.4,6.5,6.1,5.9,5.5,5.5,5.4,5.3,5.4,5.3,4.6,4.8,5.4,5.3,5.1,5.2
Canada,CAN,Diabetes prevalence (% of population ages 20 to 79),SH.STA.DIAB.ZS,..,..,..,..,..,..,..,..,..,..,..,8.4,..,..,..,..
Canada,CAN,"Physicians (per 1,000 people)",SH.MED.PHYS.ZS,..,1.8871,1.8969,..,1.8971,..,1.9086,..,1.959,..,2.0384,..,2.3962,2.4509,2.4961,2.5388
Canada,CAN,"Hospital beds (per 1,000 people)",SH.MED.BEDS.ZS,3.77,3.69,3.65,3.5,3.44,3.1,3.02,2.97,2.85,2.81,2.79,2.8,2.79,2.72,2.68,2.62
Canada,CAN,Current health expenditure (% of GDP),SH.XPD.CHEX.GD.ZS,8.24814415,8.62482357,8.85670471,9.01090145,9.06628132,9.03540611,9.32523441,9.42872047,9.58826923,10.69968033,10.70405102,10.40832329,10.54460621,10.43964291,10.28526115,10.76850224
Canada,CAN,Access to electricity (% of population),EG.ELC.ACCS.ZS,100,100,100,100,100,100,100,100,100,100,100,100,100,100,100,100
Canada,CAN,People using at least basic drinking water services (% of population),SH.H2O.BASW.ZS,99.2269903286955,99.2315101664022,99.2325718904839,99.2336503304193,99.2347121695379,99.2346442640093,99.2346171625691,99.2354956393385,99.2360771293293,99.2363564521171,99.2363491901291,99.2358946686257,99.2343230962045,99.2326886789969,99.230983411354,99.2292213269659
Canada,CAN,People using at least basic sanitation services (% of population),SH.STA.BASS.ZS,99.8666821077475,99.868836370374,99.8693423385411,99.8698578955467,99.870363930459,99.8639633593088,99.8430141586711,99.7607594665167,99.6782744503742,99.5955579339671,99.5126201247374,99.4293799049063,99.3455538928115,99.2616789369925,99.177750681856,99.0937756062702
Canada,CAN,GDP per capita (current US$),NY.GDP.PCAP.CD,24271.0020563821,23822.096210932,24256.0192337185,28301.8645937428,32145.5412620217,36383.6600068095,40504.0370977806,44660.0838892281,46710.2526864484,40874.8831932903,47560.6666009406,52223.8588398531,52670.3447335415,52638.1187235237,50960.8431174661,43594.1941045394
Canada,CAN,"School enrollment, secondary (% gross)",SE.SEC.ENRR,101.992736816406,..,..,..,..,100.274856567383,100.449310302734,101.272247314453,102.278419494629,102.979949951172,102.510261535645,102.823951721191,110.873832702637,111.407608032227,111.68155670166,111.737281799316
Central African Republic,CAF,"Life expectancy at birth, total (years)",SP.DYN.LE00.IN,46.609,46.734,46.84,47.306,47.696,48.207,48.687,49.327,49.873,14.665,46.871,50.107,51.336,49.487,40.265,51.934
Central African Republic,CAF,"Mortality rate, adult, female (per 1,000 female adults)",SP.DYN.AMRT.FE,492.248,495.45,499.342,499.57,496.832,490.385,482.032,471.903,467.953,841.557,470.225,438.968,425.915,424.879,496.135,392.347
Central African Republic,CAF,"Mortality rate, adult, male (per 1,000 male adults)",SP.DYN.AMRT.MA,523.217,524.305,528.227,517.642,512.537,505.968,501.599,490.857,482.259,995.058,571.503,499.162,474.162,533.953,734.33,480.133
Central African Republic,CAF,"Mortality rate, infant (per 1,000 live births)",SP.DYN.IMRT.IN,99.8,98.3,96.5,94.7,92.6,90.5,87.8,85.6,83.6,234.9,88.1,78.1,76.5,81,100.2,72.4
Central African Republic,CAF,"Mortality rate, under-5 (per 1,000 live births)",SH.DYN.MORT,165.5,162.8,159.4,156,152.2,148.4,143.8,139.5,135.6,478.9,149.2,125.4,122.3,133.6,182.6,114.1
Central African Republic,CAF,"Prevalence of HIV, total (% of population ages 15-49)",SH.DYN.AIDS.ZS,7.5,7.3,7,6.7,6.4,6,5.7,5.5,5.2,5.1,4.9,4.6,4.4,4.2,4,3.8
Central African Republic,CAF,"Incidence of tuberculosis (per 100,000 people)",SH.TBS.INCD,540,540,540,540,540,540,540,540,540,540,540,540,540,540,540,540
Central African Republic,CAF,Diabetes prevalence (% of population ages 20 to 79),SH.STA.DIAB.ZS,..,..,..,..,..,..,..,..,..,..,..,3.2,..,..,..,..
Central African Republic,CAF,"Physicians (per 1,000 people)",SH.MED.PHYS.ZS,..,..,..,..,0.08,..,..,..,0.0405,0.045,..,..,..,..,..,0.067
Central African Republic,CAF,"Hospital beds (per 1,000 people)",SH.MED.BEDS.ZS,..,..,..,..,..,..,1.2,..,..,..,..,1,..,..,..,..
Central African Republic,CAF,Current health expenditure (% of GDP),SH.XPD.CHEX.GD.ZS,4.3808217,4.01043987,4.23633623,4.18572474,4.14367914,4.22857571,4.31108665,4.6338892,4.02635765,4.68325615,3.56699872,3.67561865,3.91814446,4.76660204,4.56557369,5.03434181
Central African Republic,CAF,Access to electricity (% of population),EG.ELC.ACCS.ZS,6,5.7,6.1,6.6,7,7.4,7.8,8.4,7.5,9.4,9.8,10.4,11,11.5,12,12.7
Central African Republic,CAF,People using at least basic drinking water services (% of population),SH.H2O.BASW.ZS,59.0104896097958,57.8285774419049,56.6533341018037,55.4843768966866,54.3217048702171,53.1725556583242,52.0363867203351,50.9129856057539,49.8014654368029,48.7012770247174,47.6121816825573,46.5333203530459,45.4644281462994,44.4049338962724,43.354001474842,42.3113462015146
Central African Republic,CAF,People using at least basic sanitation services (% of population),SH.STA.BASS.ZS,20.5939673265979,20.5472815173527,20.5005931077099,20.4536056364778,20.40631886511,19.9721489886999,19.5450444000148,19.1248922472729,18.7110296424231,18.3030851796557,17.9009514050434,17.504011935079,17.1121604556915,16.7250416362785,16.3420826919898,15.9631874719448
Central African Republic,CAF,GDP per capita (current US$),NY.GDP.PCAP.CD,239.154133726071,237.951702544735,248.639290978403,278.403992150941,303.461321152782,311.950023138687,333.942519903031,380.887048839475,437.24827472489,456.471673898404,476.873786950728,534.057281471636,544.395849142785,364.36696260838,409.8504859647,366.322853938121
Central African Republic,CAF,"School enrollment, secondary (% gross)",SE.SEC.ENRR,..,10.9798498153687,10.9962396621704,..,..,..,..,..,..,11.9955196380615,..,15.9189596176147,15.6197595596313,..,..,..
Channel Islands,CHI,"Life expectancy at birth, total (years)",SP.DYN.LE00.IN,78.8,79,79.1,79.4,79.8,80.1,80.4,80.6,80.8,81,81.2,81.4,81.3,81.5,81.6,81.4
Channel Islands,CHI,"Mortality rate, adult, female (per 1,000 female adults)",SP.DYN.AMRT.FE,52,51,50,49,46,45,43,42,41,40,39,38,39,38,38,38
Channel Islands,CHI,"Mortality rate, adult, male (per 1,000 male adults)",SP.DYN.AMRT.MA,83,82,80,77,74,71,69,67,66,64,62,61,61,60,60,61
Channel Islands,CHI,"Mortality rate, infant (per 1,000 live births)",SP.DYN.IMRT.IN,..,..,..,..,..,..,..,..,..,..,..,..,..,..,..,..
Channel Islands,CHI,"Mortality rate, under-5 (per 1,000 live births)",SH.DYN.MORT,..,..,..,..,..,..,..,..,..,..,..,..,..,..,..,..
Channel Islands,CHI,"Prevalence of HIV, total (% of population ages 15-49)",SH.DYN.AIDS.ZS,..,..,..,..,..,..,..,..,..,..,..,..,..,..,..,..
Channel Islands,CHI,"Incidence of tuberculosis (per 100,000 people)",SH.TBS.INCD,..,..,..,..,..,..,..,..,..,..,..,..,..,..,..,..
Channel Islands,CHI,Diabetes prevalence (% of population ages 20 to 79),SH.STA.DIAB.ZS,..,..,..,..,..,..,..,..,..,..,..,..,..,..,..,..
Channel Islands,CHI,"Physicians (per 1,000 people)",SH.MED.PHYS.ZS,..,..,..,..,..,..,..,..,..,..,..,..,..,..,..,..
Channel Islands,CHI,"Hospital beds (per 1,000 people)",SH.MED.BEDS.ZS,..,..,..,..,..,..,..,..,..,..,..,..,..,..,..,..
Channel Islands,CHI,Current health expenditure (% of GDP),SH.XPD.CHEX.GD.ZS,..,..,..,..,..,..,..,..,..,..,..,..,..,..,..,..
Channel Islands,CHI,Access to electricity (% of population),EG.ELC.ACCS.ZS,100,100,100,100,100,100,100,100,100,100,100,100,100,100,100,100
Channel Islands,CHI,People using at least basic drinking water services (% of population),SH.H2O.BASW.ZS,..,..,..,..,..,..,..,..,..,..,..,..,..,..,..,..
Channel Islands,CHI,People using at least basic sanitation services (% of population),SH.STA.BASS.ZS,..,..,..,..,..,..,..,..,..,..,..,..,..,..,..,..
Channel Islands,CHI,GDP per capita (current US$),NY.GDP.PCAP.CD,43479.1940767689,41873.7406146127,44459.7318188977,48570.7796632166,56259.5344226334,57647.1188908006,62745.1006593557,74139.97799443,..,57778.5407063052,56121.6387322912,60419.2321641296,58813.9364818794,59304.850854272,64700.7423916131,61852.0735568957
Channel Islands,CHI,"School enrollment, secondary (% gross)",SE.SEC.ENRR,..,..,..,..,..,..,..,..,..,..,..,..,..,..,..,..
China,CHN,"Life expectancy at birth, total (years)",SP.DYN.LE00.IN,72.288,72.675,73.034,73.385,73.727,74.085,74.404,74.789,74.833,75.317,75.668,75.889,76.2,76.452,76.714,76.975
China,CHN,"Mortality rate, adult, female (per 1,000 female adults)",SP.DYN.AMRT.FE,86.709,84.386,82.333,80.443,78.688,76.559,74.942,73.205,74.313,69.963,68.828,67.374,65.855,64.887,63.521,62.188
China,CHN,"Mortality rate, adult, male (per 1,000 male adults)",SP.DYN.AMRT.MA,148.896,146.095,143.85,141.796,139.817,138.01,136.346,133.268,134.56,130.415,127.481,127.107,124.948,122.974,121.058,119.046
China,CHN,"Mortality rate, infant (per 1,000 live births)",SP.DYN.IMRT.IN,30,27.8,25.6,23.5,21.3,19.4,17.7,16.1,14.8,13.6,12.5,11.5,10.5,9.7,8.9,8.2
China,CHN,"Mortality rate, under-5 (per 1,000 live births)",SH.DYN.MORT,36.7,34.2,31.5,28.9,26.4,24,21.9,20.1,18.5,17.1,15.8,14.6,13.5,12.5,11.5,10.7
China,CHN,"Prevalence of HIV, total (% of population ages 15-49)",SH.DYN.AIDS.ZS,..,..,..,..,..,..,..,..,..,..,..,..,..,..,..,..
China,CHN,"Incidence of tuberculosis (per 100,000 people)",SH.TBS.INCD,107,104,100,97,94,91,88,85,82,81,76,75,73,70,67,65
China,CHN,Diabetes prevalence (% of population ages 20 to 79),SH.STA.DIAB.ZS,..,..,..,..,..,..,..,..,..,..,..,8.8,..,..,..,..
China,CHN,"Physicians (per 1,000 people)",SH.MED.PHYS.ZS,1.268,1.287,1.143,1.19,1.22,1.244,1.278,1.298,1.347,1.423,1.463,1.489,1.565,1.661,1.715,1.8
China,CHN,"Hospital beds (per 1,000 people)",SH.MED.BEDS.ZS,1.71,1.69,1.73,1.76,1.82,1.87,1.95,2.02,2.17,2.33,2.51,2.73,3.05,3.33,3.58,3.82
China,CHN,Current health expenditure (% of GDP),SH.XPD.CHEX.GD.ZS,4.50828123,4.25330067,4.38285255,4.41762781,4.29347467,4.17605019,3.94742203,3.67491412,3.900002,4.34958458,4.23068333,4.34274387,4.56584787,4.71490669,4.77790594,4.93827963
China,CHN,Access to electricity (% of population),EG.ELC.ACCS.ZS,96.7,97,97.2,97.4,97.7,97.9,98.2,98.5,98.8,99.1,99.7,99.9,99.9,100,100,100
China,CHN,People using at least basic drinking water services (% of population),SH.H2O.BASW.ZS,78.8969610642735,79.2533944100334,80.4400534180013,81.5969254609016,82.7229101344337,83.8157983145536,84.8656287015905,85.8774230526273,86.8568300680798,87.8020666993308,88.7139650125555,89.5812134561724,90.4108956703725,91.2079079481676,91.9731192427815,92.7063422881616
China,CHN,People using at least basic sanitation services (% of population),SH.STA.BASS.ZS,56.8201112825324,57.5684585923258,59.7190892301783,61.8436133436577,63.9406211866297,66.007415268661,68.0323494379767,70.0209795374,71.9796256382187,73.906056089948,75.801047562911,77.6512534109342,79.464668205991,81.2467982370502,82.9984788355712,84.7193140289753
China,CHN,GDP per capita (current US$),NY.GDP.PCAP.CD,969.199513696287,1065.40597574519,1163.55957673426,1306.97245408557,1530.92726215723,1777.64496828464,2129.25696999613,2734.72709877693,3523.44302065213,3898.24459158811,4629.24551710077,5703.76027973346,6405.0574241349,7147.03518622344,7781.06597484974,8175.33285077393
China,CHN,"School enrollment, secondary (% gross)",SE.SEC.ENRR,59.4924812316895,62.2098388671875,62.8378982543945,64.0541305541992,..,..,74.0575637817383,78.1607131958008,82.6792526245117,88.2874984741211,90.7829173331445,92.0329425203903,92.2603063015232,..,..,..
Comoros,COM,"Life expectancy at birth, total (years)",SP.DYN.LE00.IN,58.941,59.587,59.723,60.24,60.557,60.883,61.229,61.475,61.955,62.302,62.747,63.105,63.463,63.839,64.143,64.473
Comoros,COM,"Mortality rate, adult, female (per 1,000 female adults)",SP.DYN.AMRT.FE,253.858,245.868,245.281,239.038,235.984,232.922,229.445,227.218,221.644,218,212.925,208.987,204.251,199.894,195.916,192.036
Comoros,COM,"Mortality rate, adult, male (per 1,000 male adults)",SP.DYN.AMRT.MA,311.187,302.896,302.537,296.331,293.07,289.455,285.564,283.185,277.069,272.783,266.943,262.682,259.155,255.23,253.106,250.135
Comoros,COM,"Mortality rate, infant (per 1,000 live births)",SP.DYN.IMRT.IN,64.8,62.7,60.5,58.5,56.5,54.6,52.9,51.2,49.7,48.3,47,45.9,44.9,44,43.2,42.5
Comoros,COM,"Mortality rate, under-5 (per 1,000 live births)",SH.DYN.MORT,79.6,76.5,73.6,70.7,68,65.5,63.1,60.8,58.8,56.9,55.1,53.6,52.1,50.8,49.7,48.7
Comoros,COM,"Prevalence of HIV, total (% of population ages 15-49)",SH.DYN.AIDS.ZS,0.1,0.1,0.1,0.1,0.1,0.1,0.1,0.1,0.1,0.1,0.1,0.1,0.1,0.1,0.1,0.1
Comoros,COM,"Incidence of tuberculosis (per 100,000 people)",SH.TBS.INCD,39,38,37,37,36,36,36,35,34,33,33,34,34,34,35,35
Comoros,COM,Diabetes prevalence (% of population ages 20 to 79),SH.STA.DIAB.ZS,..,..,..,..,..,..,..,..,..,..,..,8.4,..,..,..,..
Comoros,COM,"Physicians (per 1,000 people)",SH.MED.PHYS.ZS,..,..,..,..,0.198,0.196,..,..,..,0.199,..,..,0.18,..,..,..
Comoros,COM,"Hospital beds (per 1,000 people)",SH.MED.BEDS.ZS,..,..,..,..,..,..,2.2,..,..,..,2.16,..,..,..,..,..
Comoros,COM,Current health expenditure (% of GDP),SH.XPD.CHEX.GD.ZS,7.52074909,6.66054344,6.68822765,6.66024828,6.58576155,6.12670708,5.77341843,5.41753864,5.06897497,4.92694378,4.99181557,5.3021183,5.17354631,5.10299301,5.23849726,4.60089922
Comoros,COM,Access to electricity (% of population),EG.ELC.ACCS.ZS,39.8,42,44.8,46.5,48.7,51,53.2,55.5,57.8,60.1,69.7,69.3,69.3,69.4,71.8,74.1
Comoros,COM,People using at least basic drinking water services (% of population),SH.H2O.BASW.ZS,90.9479272603879,90.8413592153922,90.0056399286359,89.171600346343,88.3392638096421,87.5090844921955,86.6815099521752,85.8569961968811,85.0359214715664,84.2187523114491,83.405978062016,82.5978775221597,81.7949137164735,80.9975676784484,80.2060315486897,80.1319987781875
Comoros,COM,People using at least basic sanitation services (% of population),SH.STA.BASS.ZS,29.2036888401516,30.4360322594528,31.0518318596718,31.6201289990803,32.1413169353801,32.6181080742434,33.0502370446673,33.4374468041965,33.7793067711292,34.0757324816563,34.3266154418974,34.5313813628435,34.6899269606426,34.802124546897,34.8674297281274,35.8152661023519
Comoros,COM,GDP per capita (current US$),NY.GDP.PCAP.CD,655.007796688241,691.699908770798,762.116930318449,959.787894504834,1091.27216412426,1103.20658498402,1154.90422349749,1289.73631056361,1455.02768595586,1410.30516959473,1386.57533553376,1531.43969320468,1490.31425650871,1603.32653496691,1615.71718460209,1329.3704808998
Comoros,COM,"School enrollment, secondary (% gross)",SE.SEC.ENRR,..,..,35.0426712036133,38.9220008850098,42.5534706115723,..,..,..,..,..,..,..,..,58.998580844006,61.5078774291294,..
"Congo, Dem. Rep.",COD,"Life expectancy at birth, total (years)",SP.DYN.LE00.IN,51.887,52.205,52.371,52.952,53.534,54.001,54.498,54.954,55.388,55.798,56.411,56.911,57.35,57.795,58.236,58.658
"Congo, Dem. Rep.",COD,"Mortality rate, adult, female (per 1,000 female adults)",SP.DYN.AMRT.FE,304.934,304.231,305.008,302.801,300.395,297.436,294.514,291.993,288.613,284.368,279.349,275.055,270.099,265.874,261.894,257.577
"Congo, Dem. Rep.",COD,"Mortality rate, adult, male (per 1,000 male adults)",SP.DYN.AMRT.MA,371.265,369.309,373.831,363.697,353.74,349.87,344.967,340.695,338.008,338.399,329.614,324.937,322.99,319.714,315.444,312.278
"Congo, Dem. Rep.",COD,"Mortality rate, infant (per 1,000 live births)",SP.DYN.IMRT.IN,91.2,89,86.5,84,81.3,78.6,75.9,73.3,70.7,68.3,65.9,63.8,61.8,59.9,58,56.2
"Congo, Dem. Rep.",COD,"Mortality rate, under-5 (per 1,000 live births)",SH.DYN.MORT,159.2,154.8,150.2,145.5,140.7,135.9,131.1,126.5,121.9,117.5,113.5,109.6,106,102.5,99,95.6
"Congo, Dem. Rep.",COD,"Prevalence of HIV, total (% of population ages 15-49)",SH.DYN.AIDS.ZS,2.1,2,1.9,1.8,1.8,1.7,1.6,1.5,1.4,1.4,1.3,1.2,1.2,1.1,1.1,1
"Congo, Dem. Rep.",COD,"Incidence of tuberculosis (per 100,000 people)",SH.TBS.INCD,327,327,327,327,327,327,327,327,327,327,327,327,327,326,325,324
"Congo, Dem. Rep.",COD,Diabetes prevalence (% of population ages 20 to 79),SH.STA.DIAB.ZS,..,..,..,..,..,..,..,..,..,..,..,3.1,..,..,..,..
"Congo, Dem. Rep.",COD,"Physicians (per 1,000 people)",SH.MED.PHYS.ZS,..,..,..,..,0.107,..,..,..,..,0.091,..,..,..,0.087,..,..
"Congo, Dem. Rep.",COD,"Hospital beds (per 1,000 people)",SH.MED.BEDS.ZS,..,..,..,..,..,1.1,0.8,..,..,..,..,..,..,..,..,..
"Congo, Dem. Rep.",COD,Current health expenditure (% of GDP),SH.XPD.CHEX.GD.ZS,1.46594739,2.62310982,2.57012939,3.73353338,4.33564186,3.98558235,4.06210661,3.89384961,4.31254816,4.51133156,3.72224283,3.19435549,3.2215035,3.34057522,3.72520614,3.74785447
"Congo, Dem. Rep.",COD,Access to electricity (% of population),EG.ELC.ACCS.ZS,6.7,7.1,7.7,8.3,9,6,10.2,15.2,11.6,12.3,13,13.7,15.4,15.2,13.5,16.6
"Congo, Dem. Rep.",COD,People using at least basic drinking water services (% of population),SH.H2O.BASW.ZS,37.5599290974999,37.5302771813177,37.4915911237134,37.4438330895772,37.386960666757,37.3229285473962,37.2526545744487,37.1760567323265,37.0920627877911,37.0015774870099,36.9035407166746,36.7988406005702,36.6864278096926,36.5662249259828,36.4386349050569,36.3030975519295
"Congo, Dem. Rep.",COD,People using at least basic sanitation services (% of population),SH.STA.BASS.ZS,23.7477301582402,23.2925769390313,22.8409802290181,22.392974466149,21.9485955381886,21.5079475709645,21.0891378494807,20.6788066870991,20.2769264617238,19.8835864068139,19.4987268908352,19.1224516966063,18.7546676228376,18.3953627320994,18.044594711176,17.7022826880082
"Congo, Dem. Rep.",COD,GDP per capita (current US$),NY.GDP.PCAP.CD,377.925421481395,142.678142604412,162.38052907429,161.491553524396,180.664764963633,203.561668860749,238.417639415512,267.88850879878,307.319638606745,280.798051526498,314.53858629844,364.714191777632,400.059901824342,431.191528160935,458.004541775676,467.9145805459
"Congo, Dem. Rep.",COD,"School enrollment, secondary (% gross)",SE.SEC.ENRR,..,..,..,..,..,..,..,33.6185607910156,35.8376388549805,37.3938407897949,37.0387916564941,38.9499206542969,38.8012313842773,38.5140419006348,41.1783905029297,42.1804618835449
Costa Rica,CRI,"Life expectancy at birth, total (years)",SP.DYN.LE00.IN,77.317,77.609,77.939,78.214,78.512,78.877,79.049,79.098,79.18,79.372,79.354,79.624,79.925,80.189,80.231,80.407
Costa Rica,CRI,"Mortality rate, adult, female (per 1,000 female adults)",SP.DYN.AMRT.FE,67.939,66.665,64.972,64.559,64.009,61.632,61.043,61.97,61.825,60.739,62.179,61.805,60.076,58.637,58.339,56.124
Costa Rica,CRI,"Mortality rate, adult, male (per 1,000 male adults)",SP.DYN.AMRT.MA,122.491,121.555,118.85,117.52,117.262,114.8,116.802,118.927,119.91,118.698,119.727,115.925,112.711,111.522,112.671,113.642
Costa Rica,CRI,"Mortality rate, infant (per 1,000 live births)",SP.DYN.IMRT.IN,11.2,10.8,10.4,10.1,9.9,9.7,9.6,9.5,9.4,9.3,9,8.8,8.5,8.2,8,7.8
Costa Rica,CRI,"Mortality rate, under-5 (per 1,000 live births)",SH.DYN.MORT,13.1,12.6,12.2,11.8,11.5,11.3,11.2,11.1,10.9,10.7,10.5,10.2,9.8,9.5,9.2,9
Costa Rica,CRI,"Prevalence of HIV, total (% of population ages 15-49)",SH.DYN.AIDS.ZS,0.1,0.2,0.2,0.2,0.2,0.2,0.2,0.3,0.3,0.3,0.3,0.3,0.4,0.4,0.4,0.4
Costa Rica,CRI,"Incidence of tuberculosis (per 100,000 people)",SH.TBS.INCD,18,20,17,16,21,16,14,16,14,12,13,14,13,11,12,11
Costa Rica,CRI,Diabetes prevalence (% of population ages 20 to 79),SH.STA.DIAB.ZS,..,..,..,..,..,..,..,..,..,..,..,9.6,..,..,..,..
Costa Rica,CRI,"Physicians (per 1,000 people)",SH.MED.PHYS.ZS,1.308,..,..,..,..,..,2.026,2.074,2.139,2.197,2.283,2.348,2.433,2.516,2.617,1.778
Costa Rica,CRI,"Hospital beds (per 1,000 people)",SH.MED.BEDS.ZS,1.6,1.57,1.53,1.5,1.46,1.32,1.29,1.27,1.23,1.22,1.21,1.2,1.18,1.16,1.15,1.15
Costa Rica,CRI,Current health expenditure (% of GDP),SH.XPD.CHEX.GD.ZS,6.56498718,6.47409868,6.8690877,6.9691925,6.63006067,6.66429663,6.93530846,6.99642611,7.4685483,7.86019182,8.02937698,8.12197781,7.78642273,7.68229342,7.66376209,7.59196186
Costa Rica,CRI,Access to electricity (% of population),EG.ELC.ACCS.ZS,96.9,98.2,98.5,98.7,99,99.1,99.1,99.2,99.3,99.4,99,99.2,99.5,99.6,99.4,99.4
Costa Rica,CRI,People using at least basic drinking water services (% of population),SH.H2O.BASW.ZS,94.4644859668649,94.9068629158445,95.3307081825732,95.7362071019001,96.1233820197563,96.4921818938613,96.8432839776983,97.1768756785301,97.4934661058073,97.7930308434146,98.0541345560176,98.2983162995522,98.560150584186,98.8067821772786,99.0392479916441,99.2586047982486
Costa Rica,CRI,People using at least basic sanitation services (% of population),SH.STA.BASS.ZS,93.6880568867232,93.9266211777237,94.1582854576318,94.3830783570755,94.6008968531799,94.8115543367313,95.015385531609,95.2123537998796,95.4026651772125,95.6665594679328,95.9220323752263,96.1690382840474,96.4067319723308,96.6355955226859,96.856159062387,97.0690171918129
Costa Rica,CRI,GDP per capita (current US$),NY.GDP.PCAP.CD,3812.75388284924,3985.12984506207,4067.71851429092,4173.14856415514,4431.0117207843,4703.00721784778,5256.59640859159,6137.71199925542,6937.24261596055,6832.69829924138,8265.78820275899,9276.39107510528,10126.999102414,10803.2401961972,10911.4978783227,11714.7105980803
Costa Rica,CRI,"School enrollment, secondary (% gross)",SE.SEC.ENRR,59.6520385742188,63.9812812805176,65.6379089355469,..,77.7891998291016,79.1932067871094,85.9572372436523,86.9762496948242,88.2622985839844,94.3034362792969,97.5067367553711,99.7109375,103.267303466797,108.534126281738,114.289863586426,115.72087097168
Croatia,HRV,"Life expectancy at birth, total (years)",SP.DYN.LE00.IN,72.8078048780488,74.5129268292683,74.7173170731707,74.6139024390244,75.520243902439,75.2446341463415,75.8368292682927,75.7056097560976,75.9121951219512,76.1682926829268,76.4756097560976,76.7756097560976,77.1682926829268,77.5707317073171,77.7243902439024,77.2756097560976
Croatia,HRV,"Mortality rate, adult, female (per 1,000 female adults)",SP.DYN.AMRT.FE,76.161,73.086,72.737,73.852,70.298,67.589,65.958,66.091,64.873,63.748,62.186,61.701,59.986,58.185,57.739,55.308
Croatia,HRV,"Mortality rate, adult, male (per 1,000 male adults)",SP.DYN.AMRT.MA,181.982,182.657,180.949,179.884,168.416,166.988,167.264,166.28,163.226,157.312,148.959,144.296,138.61,133.954,130.093,127.876
Croatia,HRV,"Mortality rate, infant (per 1,000 live births)",SP.DYN.IMRT.IN,7.2,6.9,6.6,6.6,6.1,5.8,5.5,5.3,5,4.8,4.7,4.5,4.4,4.3,4.2,4.2
Croatia,HRV,"Mortality rate, under-5 (per 1,000 live births)",SH.DYN.MORT,8.3,8,7.7,8.2,7.1,6.7,6.4,6.1,5.9,5.7,5.5,5.3,5.2,5.1,5,4.9
Croatia,HRV,"Prevalence of HIV, total (% of population ages 15-49)",SH.DYN.AIDS.ZS,0.1,0.1,0.1,0.1,0.1,0.1,0.1,0.1,0.1,0.1,0.1,0.1,0.1,0.1,0.1,0.1
Croatia,HRV,"Incidence of tuberculosis (per 100,000 people)",SH.TBS.INCD,43,37,39,37,31,28,27,25,26,22,18,17,15,14,14,13
Croatia,HRV,Diabetes prevalence (% of population ages 20 to 79),SH.STA.DIAB.ZS,..,..,..,..,..,..,..,..,..,..,..,5.2,..,..,..,..
Croatia,HRV,"Physicians (per 1,000 people)",SH.MED.PHYS.ZS,2.295,2.341,2.362,2.425,2.497,2.506,2.547,2.678,2.686,2.696,2.816,2.87,2.949,2.995,3.105,3.156
Croatia,HRV,"Hospital beds (per 1,000 people)",SH.MED.BEDS.ZS,5.93,5.91,5.62,5.59,5.52,5.47,5.49,5.53,5.53,5.43,5.68,5.86,5.8,5.79,5.84,5.5
Croatia,HRV,Current health expenditure (% of GDP),SH.XPD.CHEX.GD.ZS,7.65291882,7.17128897,6.14294004,6.29590559,6.50386047,6.83877182,6.90203142,7.38673019,7.63114071,8.0626564,7.96871901,7.64100933,7.65283728,6.4009738,6.57961845,6.65469885
Croatia,HRV,Access to electricity (% of population),EG.ELC.ACCS.ZS,100,100,100,100,99.9,99.9,99.8,99.8,100,100,100,100,100,100,100,100
Croatia,HRV,People using at least basic drinking water services (% of population),SH.H2O.BASW.ZS,98.6494084688423,98.6556186910646,98.6604882204456,98.6653891097357,98.6702624334108,98.675132965539,98.6800083674408,98.6848785750542,..,..,..,..,..,..,..,..
Croatia,HRV,People using at least basic sanitation services (% of population),SH.STA.BASS.ZS,98.4673896923743,98.4686815526785,98.2785442459873,98.0890792989927,97.9002674968397,97.7121132025588,97.5246243646124,97.3377914294057,97.1516233780872,96.9661112309625,96.7812677036741,96.5970541205811,96.4140137300953,96.2322227648439,96.0518221685209,96.0776328879522
Croatia,HRV,GDP per capita (current US$),NY.GDP.PCAP.CD,4953.65158789022,5364.83824691607,6219.58164143945,8190.11135193887,9718.97322801967,10443.5278353294,11502.753124287,13757.605654192,15889.4347074759,14475.9632928725,13731.2865213989,14694.9993201417,13508.6836989693,14136.3967669505,14187.9694531493,12285.3032582105
Croatia,HRV,"School enrollment, secondary (% gross)",SE.SEC.ENRR,..,94.7751998901367,95.021728515625,95.4956436157227,..,99.0768890380859,99.0345077514648,99.0125274658203,98.9992294311523,98.9394226074219,98.8955230712891,99.2656021118164,99.3463897705078,101.800498962402,102.528923034668,102.981330871582
Curacao,CUW,"Life expectancy at birth, total (years)",SP.DYN.LE00.IN,73.283,73.36,73.472,73.603,73.735,73.873,73.978,74.137,74.314,74.485,75.117,75.576,75.96,76.239,76.384,76.482
Curacao,CUW,"Mortality rate, adult, female (per 1,000 female adults)",SP.DYN.AMRT.FE,90.165,89.257,87.956,86.562,85.189,83.851,82.537,81.251,79.889,78.514,71.441,66.006,63.261,61.072,59.418,57.597
Curacao,CUW,"Mortality rate, adult, male (per 1,000 male adults)",SP.DYN.AMRT.MA,165.911,165.207,164.105,162.507,160.987,159.412,158.599,156.499,153.862,151.684,144.701,141.292,135.647,132.554,132.602,134.507
Curacao,CUW,"Mortality rate, infant (per 1,000 live births)",SP.DYN.IMRT.IN,..,..,..,..,..,..,..,..,..,..,..,..,..,..,..,..
Curacao,CUW,"Mortality rate, under-5 (per 1,000 live births)",SH.DYN.MORT,..,..,..,..,..,..,..,..,..,..,..,..,..,..,..,..
Curacao,CUW,"Prevalence of HIV, total (% of population ages 15-49)",SH.DYN.AIDS.ZS,..,..,..,..,..,..,..,..,..,..,..,..,..,..,..,..
Curacao,CUW,"Incidence of tuberculosis (per 100,000 people)",SH.TBS.INCD,..,..,..,..,..,..,..,..,..,..,3.7,0.73,0.71,1.4,3.5,5.5
Curacao,CUW,Diabetes prevalence (% of population ages 20 to 79),SH.STA.DIAB.ZS,..,..,..,..,..,..,..,..,..,..,..,..,..,..,..,..
Curacao,CUW,"Physicians (per 1,000 people)",SH.MED.PHYS.ZS,..,..,..,..,..,..,..,..,..,..,..,..,..,..,..,..
Curacao,CUW,"Hospital beds (per 1,000 people)",SH.MED.BEDS.ZS,..,..,..,..,..,..,..,..,..,..,..,..,..,..,..,..
Curacao,CUW,Current health expenditure (% of GDP),SH.XPD.CHEX.GD.ZS,..,..,..,..,..,..,..,..,..,..,..,..,..,..,..,..
Curacao,CUW,Access to electricity (% of population),EG.ELC.ACCS.ZS,100,99.9,99.9,99.8,99.8,99.7,99.7,99.7,99.7,99.7,100,100,100,100,100,100
Curacao,CUW,People using at least basic drinking water services (% of population),SH.H2O.BASW.ZS,98.6852087388099,98.7477120548644,98.8102153709188,98.8727186869733,98.9352220030277,98.9977253190822,99.0602286351366,99.1227319511911,99.1852352672455,99.2477385833,99.3102418993544,99.3727452154089,99.4352485314633,99.4977518475178,99.4977518475178,99.4977518475178
Curacao,CUW,People using at least basic sanitation services (% of population),SH.STA.BASS.ZS,98.0945513612261,98.1603762656102,98.2262011699943,98.2920260743783,98.3578509787624,98.4236758831465,98.4895007875306,98.5553256919147,98.6211505962987,98.6869755006828,98.7528004050669,98.818625309451,98.8844502138351,98.9502751182192,98.9502751182192,98.9502751182192
Curacao,CUW,GDP per capita (current US$),NY.GDP.PCAP.CD,15841.2612359949,16609.8454536485,16723.6925253468,16695.7351137757,16671.3403391655,17032.3356620744,17400.1637780186,18005.7165850772,19423.3352430175,19540.2476579348,19847.2310127979,19426.326382752,19809.8223198624,19721.2921646576,19623.029993395,19361.8130008678
Curacao,CUW,"School enrollment, secondary (% gross)",SE.SEC.ENRR,..,..,..,..,..,..,..,..,..,..,..,..,..,86.3066389722286,..,..
Czechia,CZE,"Life expectancy at birth, total (years)",SP.DYN.LE00.IN,74.9682926829268,75.1731707317073,75.2219512195122,75.1707317073171,75.7219512195122,75.9243902439025,76.5243902439024,76.7243902439025,76.9756097560976,77.0780487804878,77.4243902439025,77.8731707317073,78.0756097560976,78.1756097560976,78.8243902439024,78.5780487804878
Czechia,CZE,"Mortality rate, adult, female (per 1,000 female adults)",SP.DYN.AMRT.FE,76.137,75.735,72.549,74.23,68.716,69.669,66.353,64.729,65.342,62.774,60.281,59.481,58.347,56.75,53.443,53.074
Czechia,CZE,"Mortality rate, adult, male (per 1,000 male adults)",SP.DYN.AMRT.MA,172.623,167.58,164.947,166.235,159.881,154.618,146.736,145.864,143.699,138.751,135.428,131.678,125.77,120.745,114.572,112.244
Czechia,CZE,"Mortality rate, infant (per 1,000 live births)",SP.DYN.IMRT.IN,4.5,4.2,4.1,3.9,3.7,3.5,3.3,3.2,3,2.8,2.7,2.6,2.6,2.5,2.5,2.6
Czechia,CZE,"Mortality rate, under-5 (per 1,000 live births)",SH.DYN.MORT,5.5,5.2,5,4.8,4.6,4.4,4.1,3.9,3.7,3.5,3.4,3.3,3.2,3.1,3.1,3.2
Czechia,CZE,"Prevalence of HIV, total (% of population ages 15-49)",SH.DYN.AIDS.ZS,..,..,..,..,..,..,..,..,..,..,..,..,..,..,..,..
Czechia,CZE,"Incidence of tuberculosis (per 100,000 people)",SH.TBS.INCD,16,15,13,13,12,11,11,8.8,8.9,7,6.8,6.2,6.2,5.2,5.2,5.6
Czechia,CZE,Diabetes prevalence (% of population ages 20 to 79),SH.STA.DIAB.ZS,11.7,..,..,..,..,..,..,..,..,..,..,5.3,..,..,..,..
Czechia,CZE,"Physicians (per 1,000 people)",SH.MED.PHYS.ZS,3.381,3.443,3.492,3.509,3.499,3.539,3.551,3.561,3.557,3.584,3.599,3.637,3.675,3.688,3.9345,3.9516
Czechia,CZE,"Hospital beds (per 1,000 people)",SH.MED.BEDS.ZS,7.82,7.76,7.73,7.69,7.6,7.52,7.4,7.3,7.22,7.16,7.3,7.06,6.93,6.7,6.68,6.68
Czechia,CZE,Current health expenditure (% of GDP),SH.XPD.CHEX.GD.ZS,5.70103025,5.86295414,6.17736149,6.52412462,6.35071039,6.34086704,6.16380167,5.98578405,6.33024931,7.24880648,7.55343866,7.5335784,7.59409809,7.49541759,7.59510136,7.3351512
Czechia,CZE,Access to electricity (% of population),EG.ELC.ACCS.ZS,100,100,100,100,100,100,100,100,100,100,100,100,100,100,100,100
Czechia,CZE,People using at least basic drinking water services (% of population),SH.H2O.BASW.ZS,99.8061242632048,99.8058281701324,99.8113947196304,99.8169768378774,99.8225809403984,99.8282004771013,99.8338407530519,99.8394987580009,99.8451804477981,99.8508809210618,99.8565979650639,99.8623365893999,99.8681822613728,99.8741097401901,99.8800124959238,99.8800959139295
Czechia,CZE,People using at least basic sanitation services (% of population),SH.STA.BASS.ZS,99.1129481699863,99.1131321549657,99.1150281553211,99.1169245883962,99.1188235397962,99.1207184948973,99.1226147543375,99.1245127560232,99.1264113408985,99.1283124601447,99.1302073873726,99.1321073376404,99.1338671315178,99.1354987475892,99.1366300174793,99.1369522900558
Czechia,CZE,GDP per capita (current US$),NY.GDP.PCAP.CD,6062.92152842793,6669.07494847497,8101.26018588111,9852.45677945801,11782.5546676117,13442.4916284309,15259.0788162004,18452.6532812196,22774.7045076205,19817.4215836554,20160.4355077059,22049.1080788682,20014.0354015165,20260.4954999375,20038.4163180257,17931.5987670768
Czechia,CZE,"School enrollment, secondary (% gross)",SE.SEC.ENRR,89.3995208740234,94.5851364135742,95.2897491455078,96.0471115112305,95.4745712280273,96.0492401123047,97.459716796875,97.7152786254883,98.0813293457031,97.9063034057617,98.6544189453125,99.4467315673828,99.7749633789062,106.875068664551,106.118507385254,104.810516357422
Djibouti,DJI,"Life expectancy at birth, total (years)",SP.DYN.LE00.IN,56.734,57.506,57.824,58.041,58.103,58.548,58.962,59.362,59.815,60.351,60.743,61.337,61.719,62.116,62.427,62.833
Djibouti,DJI,"Mortality rate, adult, female (per 1,000 female adults)",SP.DYN.AMRT.FE,288.311,275.602,269.708,265.568,262.496,256.708,251.788,247.199,241.898,237.466,233.561,226.864,222.237,218.011,213.725,208.828
Djibouti,DJI,"Mortality rate, adult, male (per 1,000 male adults)",SP.DYN.AMRT.MA,340.885,331.467,331.398,333.116,336.366,334.609,330.408,326.147,321.97,312.541,307.79,299.884,296.063,291.616,289.904,286.379
Djibouti,DJI,"Mortality rate, infant (per 1,000 live births)",SP.DYN.IMRT.IN,80.9,79.5,78,76.4,74.9,73.3,71.6,69.9,68.1,66.6,64.9,63.3,61.6,59.9,58.3,56.6
Djibouti,DJI,"Mortality rate, under-5 (per 1,000 live births)",SH.DYN.MORT,99.5,97.2,94.8,92.4,90,87.7,85.3,82.8,80.3,78.1,75.9,73.6,71.4,69.3,67.2,65.1
Djibouti,DJI,"Prevalence of HIV, total (% of population ages 15-49)",SH.DYN.AIDS.ZS,3.6,3.6,3.6,3.5,3.4,3.3,3.2,3,2.8,2.7,2.5,2.4,2.2,2,1.9,1.7
Djibouti,DJI,"Incidence of tuberculosis (per 100,000 people)",SH.TBS.INCD,664,680,501,496,445,463,440,457,516,519,561,486,449,401,302,329
Djibouti,DJI,Diabetes prevalence (% of population ages 20 to 79),SH.STA.DIAB.ZS,..,..,..,..,..,..,..,..,..,..,..,6.3,..,..,..,..
Djibouti,DJI,"Physicians (per 1,000 people)",SH.MED.PHYS.ZS,..,..,..,..,0.158,0.169,0.218,..,..,..,..,..,..,..,0.203,..
Djibouti,DJI,"Hospital beds (per 1,000 people)",SH.MED.BEDS.ZS,1.75,1.75,1.75,1.61,1.61,1.61,1.61,..,..,..,1.42,1.42,1.11,1.09,1.2,1.28
Djibouti,DJI,Current health expenditure (% of GDP),SH.XPD.CHEX.GD.ZS,3.39641857,3.1960845,3.75243783,4.27048731,3.53544688,3.80321956,4.21972466,4.05262756,3.6125772,3.63905573,3.35699701,3.37387872,3.29730988,2.91782117,2.95930099,3.3475771
Djibouti,DJI,Access to electricity (% of population),EG.ELC.ACCS.ZS,56,56.1,49.7,56.4,56.6,56.8,55.5,57.2,57.4,57.6,57.9,58.1,54.6,58.6,58.9,59.1
Djibouti,DJI,People using at least basic drinking water services (% of population),SH.H2O.BASW.ZS,75.4481658444559,75.4630899656442,75.4784679935487,75.4942853592069,75.5105548429446,75.5269644878306,75.5441214032279,75.5617207584813,75.5797689458878,75.5979440556317,75.6198067136345,75.6454983860587,75.6748317959716,75.7082796157219,75.7452990400743,75.787045749845
Djibouti,DJI,People using at least basic sanitation services (% of population),SH.STA.BASS.ZS,47.0517885702948,47.0731455077118,47.0945090520722,47.1158673678357,47.1372280107641,48.4452790170061,49.7498541308704,51.0504745031168,52.3471301664621,53.6393075112832,54.9325895806101,56.2271822953844,57.5227688121713,58.8200628177634,60.1181814104924,61.4189057021902
Djibouti,DJI,GDP per capita (current US$),NY.GDP.PCAP.CD,737.612183644052,742.133791107063,743.013270420348,764.634465224597,806.261652944964,844.4483573908,898.464628136774,969.573220191902,1119.15233346969,1150.9375857489,1213.23352553429,1306.34552844977,1400.19357858954,2075.94498424748,2214.62084142432,2376.12554719873
Djibouti,DJI,"School enrollment, secondary (% gross)",SE.SEC.ENRR,..,..,..,..,..,..,..,..,..,..,..,..,..,..,..,..
Dominican Republic,DOM,"Life expectancy at birth, total (years)",SP.DYN.LE00.IN,70.365,70.553,70.719,70.856,70.73,71.043,71.054,71.097,71.331,71.587,72.039,72.496,72.817,73.038,73.145,72.982
Dominican Republic,DOM,"Mortality rate, adult, female (per 1,000 female adults)",SP.DYN.AMRT.FE,141.801,140.435,139.885,140.202,142.576,143.734,144.574,142.656,136.193,127.901,117.108,109.748,104.699,103.433,103.729,108.612
Dominican Republic,DOM,"Mortality rate, adult, male (per 1,000 male adults)",SP.DYN.AMRT.MA,231.982,230.183,228.105,225.725,224.929,219.441,216.387,214.194,212.516,211.107,206.742,203.206,197.414,192.56,189.607,188.566
Dominican Republic,DOM,"Mortality rate, infant (per 1,000 live births)",SP.DYN.IMRT.IN,33.6,32.9,32.3,31.8,31.5,31.2,31,30.9,30.8,30.7,30.7,30.8,30.8,30.9,31,31.2
Dominican Republic,DOM,"Mortality rate, under-5 (per 1,000 live births)",SH.DYN.MORT,39.8,38.8,38,37.3,36.7,36.2,35.9,35.6,35.4,35.2,35.1,35,34.9,35,35,35
Dominican Republic,DOM,"Prevalence of HIV, total (% of population ages 15-49)",SH.DYN.AIDS.ZS,1.4,1.4,1.4,1.4,1.3,1.3,1.3,1.2,1.2,1.2,1.2,1.2,1.1,1.1,1.1,1.1
Dominican Republic,DOM,"Incidence of tuberculosis (per 100,000 people)",SH.TBS.INCD,78,69,58,68,63,69,62,56,57,56,51,55,54,55,54,55
Dominican Republic,DOM,Diabetes prevalence (% of population ages 20 to 79),SH.STA.DIAB.ZS,..,..,..,..,..,..,..,..,..,..,..,8.1,..,..,..,..
Dominican Republic,DOM,"Physicians (per 1,000 people)",SH.MED.PHYS.ZS,1.835,..,..,..,..,..,..,..,1.091,..,..,1.513,..,..,..,..
Dominican Republic,DOM,"Hospital beds (per 1,000 people)",SH.MED.BEDS.ZS,..,..,..,2.0999999046,..,2,..,1.21,1.59,1.46,1.61,1.58,1.73,1.72,1.53,1.52
Dominican Republic,DOM,Current health expenditure (% of GDP),SH.XPD.CHEX.GD.ZS,4.88427496,4.88183308,4.98649025,4.38888264,4.2877388,4.35391188,3.99365425,4.08935308,4.56146193,4.76337624,4.92355442,5.03797865,5.04897833,4.91598225,4.79757166,4.72216797
Dominican Republic,DOM,Access to electricity (% of population),EG.ELC.ACCS.ZS,88.8,89.8,89.7,89.2,90.3,90.1,90.1,96.9,97.6,97.9,98.1,97.9,97.9,98.4,98.5,98.6
Dominican Republic,DOM,People using at least basic drinking water services (% of population),SH.H2O.BASW.ZS,90.7924722514787,91.1178324253381,91.435646539085,91.8077852060939,92.1921556677702,92.560501429008,92.913697850273,93.2516903933828,93.5748270114348,93.8825382524856,94.1760683245957,94.4444256486131,94.6933128036424,94.9309985562416,95.1580058945339,95.3747469801697
Dominican Republic,DOM,People using at least basic sanitation services (% of population),SH.STA.BASS.ZS,76.9636611789654,77.4731184262681,77.9820353057035,78.5437918746167,79.1254708313504,79.7030292527123,80.2769680495933,80.8469439336186,81.4129705361053,81.9741070669218,82.5312234804459,83.0716701410363,83.6001473961909,84.125197712206,84.647073342206,85.1659174636995
Dominican Republic,DOM,GDP per capita (current US$),NY.GDP.PCAP.CD,2831.45883638033,2935.89367312668,3065.60329524196,2383.26171780393,2451.69161616569,3878.31206735244,4055.14270347371,4649.64558875814,5023.58513403515,4973.95186999952,5478.62470398954,5826.51014109195,6013.81965002603,6136.59429329301,6496.45166971142,6800.95309395474
Dominican Republic,DOM,"School enrollment, secondary (% gross)",SE.SEC.ENRR,59.4400787353516,..,67.816276550293,..,68.8893127441406,70.5230407714844,..,79.9215469360352,78.7571563720703,80.7119979858398,77.9718275378447,77.4272200156803,77.986106386808,79.1714978028552,80.11454424521,79.9378896410207
"Congo, Rep.",COG,"Life expectancy at birth, total (years)",SP.DYN.LE00.IN,55.371,55.885,56.414,57.131,57.957,58.73,59.474,60.05,60.79,61.215,61.731,62.286,62.662,62.969,63.349,63.662
"Congo, Rep.",COG,"Mortality rate, adult, female (per 1,000 female adults)",SP.DYN.AMRT.FE,367.03,359.471,351.788,344.544,335.869,325.38,316.026,306.825,294.636,288.72,280.79,268.502,264.322,256.428,252.994,247.102
"Congo, Rep.",COG,"Mortality rate, adult, male (per 1,000 male adults)",SP.DYN.AMRT.MA,370.155,361.269,356.954,346.042,336.412,329.718,323.863,324.071,318.683,318.48,310.842,308.195,304.13,303.037,298.725,296.135
"Congo, Rep.",COG,"Mortality rate, infant (per 1,000 live births)",SP.DYN.IMRT.IN,73.3,71.5,68.6,64.8,60.6,56.3,52.1,48.4,45.3,42.9,41,39.5,38.3,37.2,36.1,35
"Congo, Rep.",COG,"Mortality rate, under-5 (per 1,000 live births)",SH.DYN.MORT,113.7,110.7,106,100.1,93.5,86.6,80.2,74.3,69.5,65.5,62.5,60.2,58.2,56.4,54.5,52.7
"Congo, Rep.",COG,"Prevalence of HIV, total (% of population ages 15-49)",SH.DYN.AIDS.ZS,4.5,4.3,4.2,4,3.9,3.7,3.6,3.5,3.5,3.4,3.4,3.4,3.3,3.3,3.3,3.2
"Congo, Rep.",COG,"Incidence of tuberculosis (per 100,000 people)",SH.TBS.INCD,356,379,398,413,423,426,422,413,403,393,386,383,382,382,381,379
"Congo, Rep.",COG,Diabetes prevalence (% of population ages 20 to 79),SH.STA.DIAB.ZS,..,..,..,..,..,..,..,..,..,..,..,5.5,..,..,..,..
"Congo, Rep.",COG,"Physicians (per 1,000 people)",SH.MED.PHYS.ZS,..,..,..,..,0.213,..,0.205,0.101,..,..,0.111,0.158,..,..,..,..
"Congo, Rep.",COG,"Hospital beds (per 1,000 people)",SH.MED.BEDS.ZS,..,..,..,..,..,1.6,..,..,..,..,..,..,..,..,..,..
"Congo, Rep.",COG,Current health expenditure (% of GDP),SH.XPD.CHEX.GD.ZS,1.50500846,2.18529987,1.70167828,1.91852403,1.92152369,1.71774101,1.70861316,1.90200174,2.2392714,2.1422224,1.85172856,1.75237322,1.90971065,1.94347155,1.97311735,2.45668483
"Congo, Rep.",COG,Access to electricity (% of population),EG.ELC.ACCS.ZS,29.4,30.3,31.2,32.1,33,33.8,34.9,35.8,36.8,37.1,40,40.8,41.6,42.5,43.4,44.3
"Congo, Rep.",COG,People using at least basic drinking water services (% of population),SH.H2O.BASW.ZS,57.1558732950325,57.4633268356124,57.9533597334294,58.4413266271749,59.5097243830066,60.5769397308556,61.6425661631839,62.7068121458873,63.7703887855653,64.8327577829855,65.8939089725679,66.9521763941775,68.0075710023272,69.0595370271782,70.1070424458081,71.1495835987263
"Congo, Rep.",COG,People using at least basic sanitation services (% of population),SH.STA.BASS.ZS,11.9201110505529,11.9684716643306,12.2942565476214,12.6236774657936,13.0815252399964,13.5511103750175,14.032535254429,14.5260420328821,15.0320394097892,15.5506898875387,16.0823109686403,16.6267536896129,17.1843319776117,17.7552084286539,18.3393599953142,18.9369277755163
"Congo, Rep.",COG,GDP per capita (current US$),NY.GDP.PCAP.CD,1024.30159109181,854.598314408095,905.538135544704,1016.82363412143,1306.10136324599,1799.05158366154,2103.5821381211,2206.47101863414,2832.09177777643,2271.15219175966,2946.55798067708,3396.16505817952,3732.32737320389,3697.41705884249,3601.2365808718,2439.35189403696
"Congo, Rep.",COG,"School enrollment, secondary (% gross)",SE.SEC.ENRR,..,..,36.9716186523438,38.03369140625,42.6813201904297,..,..,..,..,..,..,..,50.520320892334,..,..,..
Cote d'Ivoire,CIV,"Life expectancy at birth, total (years)",SP.DYN.LE00.IN,51.393,51.428,51.544,51.443,51.939,52.432,52.885,53.452,54.179,54.744,55.282,55.972,56.57,57.057,57.772,58.281
Cote d'Ivoire,CIV,"Mortality rate, adult, female (per 1,000 female adults)",SP.DYN.AMRT.FE,415.409,425.035,431.742,445.008,436.068,426.872,425.85,414.908,396.369,385.497,376.955,363.207,353.604,346.136,336.396,327.799
Cote d'Ivoire,CIV,"Mortality rate, adult, male (per 1,000 male adults)",SP.DYN.AMRT.MA,428.367,432.247,434.443,443.222,441.184,438.953,432.565,427.817,421.696,416.615,410.858,399.84,392.217,387.018,371.161,365.066
Cote d'Ivoire,CIV,"Mortality rate, infant (per 1,000 live births)",SP.DYN.IMRT.IN,91.4,89.4,87.3,85.1,82.8,80.2,78.1,75.6,73,70.9,68.8,67,64.9,62.8,60.8,59
Cote d'Ivoire,CIV,"Mortality rate, under-5 (per 1,000 live births)",SH.DYN.MORT,140.5,137.1,133.4,129.6,125.7,121.6,117.8,113.9,109.5,105.8,102.2,99.1,96,92.7,89.2,86.1
Cote d'Ivoire,CIV,"Prevalence of HIV, total (% of population ages 15-49)",SH.DYN.AIDS.ZS,6.7,6.4,6,5.7,5.3,4.9,4.6,4.3,4,3.8,3.6,3.4,3.2,3.1,2.9,2.7
Cote d'Ivoire,CIV,"Incidence of tuberculosis (per 100,000 people)",SH.TBS.INCD,367,350,330,309,288,267,249,233,219,207,196,186,178,170,165,159
Cote d'Ivoire,CIV,Diabetes prevalence (% of population ages 20 to 79),SH.STA.DIAB.ZS,..,..,..,..,..,..,..,..,..,..,..,4.9,..,..,..,..
Cote d'Ivoire,CIV,"Physicians (per 1,000 people)",SH.MED.PHYS.ZS,..,..,..,..,0.112,0.09,..,..,0.136,..,..,0.149,..,..,0.228,..
Cote d'Ivoire,CIV,"Hospital beds (per 1,000 people)",SH.MED.BEDS.ZS,..,..,..,..,..,..,0.4,..,..,..,..,..,..,..,..,..
Cote d'Ivoire,CIV,Current health expenditure (% of GDP),SH.XPD.CHEX.GD.ZS,4.00220871,3.98514533,3.92374444,3.95147705,4.02148724,3.96639085,3.92861462,4.19379663,4.1387105,4.63971424,4.57494831,4.39700699,4.4273715,3.71773791,3.7310183,3.2198832
Cote d'Ivoire,CIV,Access to electricity (% of population),EG.ELC.ACCS.ZS,48.7,49.7,51.4,51.5,52.4,58.9,60.2,55.3,60.3,57.3,58.4,55.8,55.8,61.5,61.9,62.6
Cote d'Ivoire,CIV,People using at least basic drinking water services (% of population),SH.H2O.BASW.ZS,70.6328654119712,70.7542299686215,70.8735531188732,70.9904699748775,71.1053199610773,71.217059799243,71.326376049963,71.4332608666322,71.5377104551999,71.6390606663563,71.7379636235924,71.8344159722769,71.928094480601,72.0190003098845,72.1071370058076,72.1952372438825
Cote d'Ivoire,CIV,People using at least basic sanitation services (% of population),SH.STA.BASS.ZS,20.683503003502,21.2855190678722,21.8879803598737,22.4905747331287,23.0936137803389,23.818461396621,24.5514184482042,25.2923605973269,26.0411623083941,26.7970814130263,27.5606050351637,28.3316063644831,29.1096545103652,29.894622861839,30.6863860760485,31.4875187108368
Cote d'Ivoire,CIV,GDP per capita (current US$),NY.GDP.PCAP.CD,936.636541348798,924.727294962066,967.815864415991,1111.17135087887,1199.82524528546,1197.74616979415,1230.43056838584,1367.53817722326,1583.97066701372,1540.45393569596,1553.54887048143,1596.62826565998,1546.9460184731,1786.15862031324,1991.36539423404,1814.71855088017
Cote d'Ivoire,CIV,"School enrollment, secondary (% gross)",SE.SEC.ENRR,..,..,..,..,..,..,..,..,..,..,..,..,..,..,40.4629922041554,43.9865647318392
Cuba,CUB,"Life expectancy at birth, total (years)",SP.DYN.LE00.IN,75.922,76.429,76.766,77.405,77.326,77.54,77.406,77.55,77.589,77.584,77.876,78.051,78.162,78.028,77.825,77.745
Cuba,CUB,"Mortality rate, adult, female (per 1,000 female adults)",SP.DYN.AMRT.FE,97.409,94.572,92.577,89.648,89.059,86.634,85.127,84.582,84.289,83.491,80.216,78.802,77.704,77.434,77.102,76.454
Cuba,CUB,"Mortality rate, adult, male (per 1,000 male adults)",SP.DYN.AMRT.MA,148.745,143.696,140.015,136.176,136.335,134.39,133.657,130.019,129.394,127.579,125.235,124.737,125.492,127.728,129.327,130.179
Cuba,CUB,"Mortality rate, infant (per 1,000 live births)",SP.DYN.IMRT.IN,6.8,6.5,6.3,6,5.8,5.6,5.4,5.2,5.1,5,4.9,4.8,4.8,4.7,4.8,4.8
Cuba,CUB,"Mortality rate, under-5 (per 1,000 live births)",SH.DYN.MORT,8.6,8.2,7.9,7.6,7.3,7.1,6.9,6.6,6.5,6.3,6.2,6.1,6,6,6,6.1
Cuba,CUB,"Prevalence of HIV, total (% of population ages 15-49)",SH.DYN.AIDS.ZS,0.1,0.1,0.1,0.1,0.2,0.2,0.2,0.2,0.3,0.3,0.3,0.4,0.4,0.4,0.4,0.5
Cuba,CUB,"Incidence of tuberculosis (per 100,000 people)",SH.TBS.INCD,12,9.5,9.2,8.6,8,7.9,7.8,7.8,8.4,7.3,8.5,8.2,7.5,7.7,7.4,7.1
Cuba,CUB,Diabetes prevalence (% of population ages 20 to 79),SH.STA.DIAB.ZS,..,..,..,..,..,..,..,..,..,..,..,9.4,..,..,..,..
Cuba,CUB,"Physicians (per 1,000 people)",SH.MED.PHYS.ZS,5.943,5.954,6.005,6.073,6.21,6.277,6.349,6.426,6.611,6.636,6.776,6.959,7.256,7.393,7.551,7.759
Cuba,CUB,"Hospital beds (per 1,000 people)",SH.MED.BEDS.ZS,5.29,5.11,5,4.95,4.93,4.88,4.86,4.86,4.64,4.57,4.56,4.04,4.04,4.04,4.01,4.05
Cuba,CUB,Current health expenditure (% of GDP),SH.XPD.CHEX.GD.ZS,6.58189821,6.9820981,7.11481619,7.10295439,6.83178711,8.75525475,8.2719059,10.9674921,11.31422806,12.29053974,10.6880827,11.31298637,9.29940987,10.43099499,12.14121914,12.81404305
Cuba,CUB,Access to electricity (% of population),EG.ELC.ACCS.ZS,97,96.2,95.5,96.5,96.6,96.8,96.9,97.1,97.3,97.6,97.8,98,98.3,98.5,98.7,99
Cuba,CUB,People using at least basic drinking water services (% of population),SH.H2O.BASW.ZS,91.7215961948775,91.8814444562861,92.0383543686758,92.181103098938,92.3108240096068,92.4415137233702,92.5712507526727,92.7000365634027,92.827847997466,92.954565201603,93.080334807091,93.2051308266797,93.3289737767197,93.4470309691531,93.5635722640959,93.680024663775
Cuba,CUB,People using at least basic sanitation services (% of population),SH.STA.BASS.ZS,82.5615538922255,82.7544308951035,82.9457140298599,83.1276663792287,83.3008797642013,83.7877802873086,84.2753300409681,84.7635206491616,85.2523216728143,85.7416462920433,86.2315854351565,86.722105942958,87.2132172546292,87.7018476965811,88.1908288474041,88.6810722290966
Cuba,CUB,GDP per capita (current US$),NY.GDP.PCAP.CD,2751.3817714814,2842.96704310394,3005.21104247868,3202.78109865637,3399.21962893402,3786.33799225291,4329.98265964383,4807.43888960684,4986.12436479175,5089.23519757167,5272.26755824835,6104.46105236166,6470.83673392653,6828.36428245396,7146.70459051328,7727.91997207998
Cuba,CUB,"School enrollment, secondary (% gross)",SE.SEC.ENRR,81.8830108642578,84.3682479858398,88.5996932983398,91.7871322631836,91.1237411499023,92.3748474121094,93.1539993286133,93.1459197998047,93.1690521240234,92.1000823974609,92.4079409432897,92.221518431358,90.9268566341812,91.3310039372362,95.9867990183168,96.0929099069438
Cyprus,CYP,"Life expectancy at birth, total (years)",SP.DYN.LE00.IN,77.9,78.185,78.758,78.908,79.007,79.198,79.456,79.798,79.906,80.375,80.632,80.855,81.128,81.317,81.337,81.464
Cyprus,CYP,"Mortality rate, adult, female (per 1,000 female adults)",SP.DYN.AMRT.FE,55.014,52.471,49.934,48.926,48.441,46.967,44.993,43.097,41.677,40.181,38.898,37.926,36.338,35.568,35.294,34.187
Cyprus,CYP,"Mortality rate, adult, male (per 1,000 male adults)",SP.DYN.AMRT.MA,104.129,102,95.403,93.921,92.524,90.963,89.043,85.931,85.299,79.625,76.571,73.612,71.044,68.446,67.29,65.924
Cyprus,CYP,"Mortality rate, infant (per 1,000 live births)",SP.DYN.IMRT.IN,5.8,5.4,5,4.6,4.3,3.9,3.6,3.3,3.1,2.9,2.8,2.6,2.5,2.5,2.4,2.4
Cyprus,CYP,"Mortality rate, under-5 (per 1,000 live births)",SH.DYN.MORT,6.6,6.2,5.8,5.4,5,4.6,4.2,3.9,3.7,3.5,3.3,3.2,3,3,2.9,2.9
Cyprus,CYP,"Prevalence of HIV, total (% of population ages 15-49)",SH.DYN.AIDS.ZS,..,..,..,..,..,..,..,..,..,..,..,..,..,..,..,..
Cyprus,CYP,"Incidence of tuberculosis (per 100,000 people)",SH.TBS.INCD,4,4.8,2.3,4,3.4,3.8,3.9,4.4,5.1,5.3,6.2,5.1,6.2,4,3.7,5.9
Cyprus,CYP,Diabetes prevalence (% of population ages 20 to 79),SH.STA.DIAB.ZS,..,..,..,..,..,..,..,..,..,..,..,9.3,..,..,..,..
Cyprus,CYP,"Physicians (per 1,000 people)",SH.MED.PHYS.ZS,1.898,1.906,1.868,1.849,1.897,1.879,1.82,1.971,2.005,2.043,2.124,2.209,2.253,2.36,2.447,2.566
Cyprus,CYP,"Hospital beds (per 1,000 people)",SH.MED.BEDS.ZS,3.31,4.4,4.4,4.3,4.2,2.74,2.71,2.72,2.73,2.74,2.62,2.61,2.59,2.52,2.47,2.44
Cyprus,CYP,Current health expenditure (% of GDP),SH.XPD.CHEX.GD.ZS,5.30800056,5.33940458,5.61565971,5.63568783,5.40558147,5.43580961,5.46357489,5.35744858,6.01427698,6.46531534,6.50055742,6.43139076,6.53638792,6.92774534,6.93137264,6.79382181
Cyprus,CYP,Access to electricity (% of population),EG.ELC.ACCS.ZS,100,100,100,100,100,100,100,100,100,100,100,100,100,100,100,100
Cyprus,CYP,People using at least basic drinking water services (% of population),SH.H2O.BASW.ZS,99.8893890513179,99.8893195547174,99.8893600206594,99.8815427738961,99.87373901707,99.8659436901861,99.8581592027536,99.8503882351774,99.8426288416274,99.8348860329783,99.8271484477565,99.8194224153679,99.8117166379647,99.8039948994153,99.7962635128942,99.7885226504475
Cyprus,CYP,People using at least basic sanitation services (% of population),SH.STA.BASS.ZS,99.7397454246139,99.7394978100271,99.739648678612,99.7194199376839,99.6989975774277,99.6783743316369,99.6575518737631,99.6365328958002,99.6153154383816,99.5939008190619,99.5722799385489,99.5504539398208,99.5284351936915,99.5063262859759,99.4841577073006,99.4619935122178
Cyprus,CYP,GDP per capita (current US$),NY.GDP.PCAP.CD,14388.3525390625,14821.44921875,16093.2158203125,20252.24609375,23792.619140625,24959.26171875,26729.28125,31244.87890625,35397.296875,32236.44921875,31105.02734375,32485.796875,28991.935546875,27797.45703125,27244.3515625,23487.228515625
Cyprus,CYP,"School enrollment, secondary (% gross)",SE.SEC.ENRR,93.3721389770508,93.4450607299805,96.9152069091797,97.5562286376953,96.2935333251953,94.0052337646484,93.1404724121094,92.9139404296875,92.3691635131836,91.9261779785156,91.440803527832,92.8256225585938,95.2998504638672,98.3116912841797,99.4167327880859,99.7783126831055
Denmark,DNK,"Life expectancy at birth, total (years)",SP.DYN.LE00.IN,76.5926829268293,76.7926829268293,76.8951219512195,77.1439024390244,77.4926829268293,77.8439024390244,78.0951219512195,78.1951219512195,78.4463414634146,78.5975609756098,79.1,79.8,80.0512195121951,80.3,80.7,80.7024390243902
Denmark,DNK,"Mortality rate, adult, female (per 1,000 female adults)",SP.DYN.AMRT.FE,78.859,78.517,75.793,73.484,71.842,69.267,68.409,69.511,67.182,64.924,63.005,59.047,57.616,54.62,51.817,51.397
Denmark,DNK,"Mortality rate, adult, male (per 1,000 male adults)",SP.DYN.AMRT.MA,125.917,123.926,124.075,121.097,118.165,111.142,115.834,115.937,107.446,106.703,104.849,97.155,92.572,90.145,86.724,82.945
Denmark,DNK,"Mortality rate, infant (per 1,000 live births)",SP.DYN.IMRT.IN,4.7,4.6,4.5,4.4,4.2,4.1,3.9,3.8,3.7,3.6,3.5,3.5,3.5,3.5,3.5,3.5
Denmark,DNK,"Mortality rate, under-5 (per 1,000 live births)",SH.DYN.MORT,5.6,5.5,5.4,5.2,5,4.8,4.6,4.5,4.3,4.2,4.1,4.1,4.1,4.1,4.1,4.1
Denmark,DNK,"Prevalence of HIV, total (% of population ages 15-49)",SH.DYN.AIDS.ZS,0.1,0.1,0.1,0.1,0.1,0.1,0.1,0.1,0.1,0.1,0.1,0.1,0.1,0.1,0.1,0.1
Denmark,DNK,"Incidence of tuberculosis (per 100,000 people)",SH.TBS.INCD,13,11,8.6,8.3,7.6,8.4,7.2,7.5,6.9,6.1,6.9,7.4,7,6.8,6,6.5
Denmark,DNK,Diabetes prevalence (% of population ages 20 to 79),SH.STA.DIAB.ZS,..,..,..,..,..,..,..,..,..,..,..,5.6,..,..,..,..
Denmark,DNK,"Physicians (per 1,000 people)",SH.MED.PHYS.ZS,2.912,2.932,3.035,3.078,3.22,3.324,3.411,3.447,3.573,3.648,3.724,3.785,3.831,3.842,3.872,3.934
Denmark,DNK,"Hospital beds (per 1,000 people)",SH.MED.BEDS.ZS,4.29,4.22,4.28,4.13,3.96,3.84,3.78,3.68,3.56,3.49,3.5,3.13,..,3.06,2.69,2.53
Denmark,DNK,Current health expenditure (% of GDP),SH.XPD.CHEX.GD.ZS,8.10438347,8.44832516,8.70251179,8.9036293,9.00743198,9.0905695,9.16879559,9.3251543,9.51134396,10.67432022,10.60774708,10.40702915,10.5219717,10.32915878,10.30918217,10.34411812
Denmark,DNK,Access to electricity (% of population),EG.ELC.ACCS.ZS,100,100,100,100,100,100,100,100,100,100,100,100,100,100,100,100
Denmark,DNK,People using at least basic drinking water services (% of population),SH.H2O.BASW.ZS,99.9999994057231,99.9999997358549,100,99.9999973759776,99.9999988459236,99.9999975389743,100,100,100,99.9999960594349,99.9999977832783,99.9999998423774,99.9999953621224,99.9999969186137,99.9999981075887,100
Denmark,DNK,People using at least basic sanitation services (% of population),SH.STA.BASS.ZS,99.5972400523787,99.597240178573,99.5972404342065,99.5972369771534,99.5972376063599,99.5972351294476,99.5972401907383,99.5972388625503,99.5972390180501,99.5972304219648,99.5972315674596,99.5972329617576,99.5972277498307,99.5972286921987,99.597229398165,99.5972333139117
Denmark,DNK,GDP per capita (current US$),NY.GDP.PCAP.CD,30722.0251837567,30768.4775471112,33257.1622586509,40519.0974905924,46625.050098011,48925.8076698784,52119.1787984282,58631.6566433635,64616.6657583663,58412.7472358513,58104.5445594981,61809.737898222,58443.7747103968,61377.5940590412,62520.4509747011,53094.0133607574
Denmark,DNK,"School enrollment, secondary (% gross)",SE.SEC.ENRR,126.853088378906,129.876510620117,125.105667114258,124.619468688965,121.348091125488,122.080146789551,118.173477172852,117.994140625,117.272972106934,117.131889343262,118.944053649902,121.816520690918,124.577186584473,131.692306518555,132.451354980469,133.795471191406
Dominica,DMA,"Life expectancy at birth, total (years)",SP.DYN.LE00.IN,71.715,71.862,71.927,71.942,71.987,72.016,72.007,71.901,71.945,71.835,71.68,71.517,71.391,71.228,71.189,69.968
Dominica,DMA,"Mortality rate, adult, female (per 1,000 female adults)",SP.DYN.AMRT.FE,121.424,117.809,115.339,113.82,111.61,109.474,107.89,106.961,104.13,103.84,104.911,106.451,108.366,110.128,109.609,124.826
Dominica,DMA,"Mortality rate, adult, male (per 1,000 male adults)",SP.DYN.AMRT.MA,197.561,193.386,190.802,188.508,186.166,184.133,182.717,182.66,181.853,182.455,183.553,184.414,184.435,184.952,185.124,189.708
Dominica,DMA,"Mortality rate, infant (per 1,000 live births)",SP.DYN.IMRT.IN,16.6,17,17.5,18,18.5,19,19.6,20.3,21,21.7,22.5,23.3,24.1,25,25.9,26.8
Dominica,DMA,"Mortality rate, under-5 (per 1,000 live births)",SH.DYN.MORT,19.4,19.7,20.1,20.6,21.1,21.6,22.2,22.8,23.5,24.2,25,25.7,26.6,27.4,28.3,29.3
Dominica,DMA,"Prevalence of HIV, total (% of population ages 15-49)",SH.DYN.AIDS.ZS,0.4,0.4,0.4,0.4,0.4,0.4,0.4,0.4,0.4,0.4,0.4,0.4,0.4,0.4,0.4,0.4
Dominica,DMA,"Incidence of tuberculosis (per 100,000 people)",SH.TBS.INCD,4.5,5.6,3.3,8.4,10,12,31,4.9,21,6.5,13,3.2,11,4.9,1.6,11
Dominica,DMA,Diabetes prevalence (% of population ages 20 to 79),SH.STA.DIAB.ZS,..,..,..,..,..,..,..,..,..,..,..,8.9,..,..,..,..
Dominica,DMA,"Physicians (per 1,000 people)",SH.MED.PHYS.ZS,..,1.818,..,..,..,..,..,..,..,..,..,..,..,..,..,..
Dominica,DMA,"Hospital beds (per 1,000 people)",SH.MED.BEDS.ZS,3.8,3.5,3.9000000954,3.9,3.9,3.9,..,4,3.8,3.8,3.8,4.02,4.01,4.01,3.98,3.7
Dominica,DMA,Current health expenditure (% of GDP),SH.XPD.CHEX.GD.ZS,5.32374382,4.64501858,4.6531105,4.84617901,4.74520159,4.97772503,4.78092194,4.79109955,5.04968786,4.98329306,5.15711927,5.33450365,5.79509926,5.34749842,5.26141691,5.15941811
Dominica,DMA,Access to electricity (% of population),EG.ELC.ACCS.ZS,81.1,82.1,87.7,84,85,86,87,88.1,90.9,90.2,91.3,90.1,93.5,94.6,95.7,96.7
Dominica,DMA,People using at least basic drinking water services (% of population),SH.H2O.BASW.ZS,93.8314189861825,93.9536679921043,94.0759169980261,94.1981660039479,94.3204150098697,94.4426640157915,94.5649130217133,94.6871620276351,94.8094110335569,94.9316600394787,95.0539090454005,95.1761580513223,95.2984070572441,95.4206560631659,95.4206560631659,95.4206560631659
Dominica,DMA,People using at least basic sanitation services (% of population),SH.STA.BASS.ZS,64.0425728567548,65.298253781627,66.5539347064993,67.8096156313715,69.0652965562438,70.3209774811161,71.5766584059883,72.8323393308606,74.0880202557328,75.3437011806051,76.5993821054773,77.8550630303496,79.1107439552219,80.3664248800941,80.3664248800941,80.3664248800941
Dominica,DMA,GDP per capita (current US$),NY.GDP.PCAP.CD,4867.39896323759,5527.51527300496,5488.02784969357,5447.44011496284,5778.83306546506,5695.22442394675,6055.78109574854,6459.03503689609,6971.32633839289,7487.49010395154,7549.61964680375,7705.40717248319,7528.51001990155,7822.21797211398,8131.74876096735,8282.59874702141
Dominica,DMA,"School enrollment, secondary (% gross)",SE.SEC.ENRR,106.89208984375,109.117523193359,112.225051879883,117.79776763916,114.818801879883,114.346900939941,113.30908203125,112.818580627441,110.860000610352,111.792961120605,108.655853271484,109.177848815918,102.783400809717,..,93.3871994018555,95.9454803466797
Ecuador,ECU,"Life expectancy at birth, total (years)",SP.DYN.LE00.IN,72.09,72.571,73.164,73.632,73.868,73.909,74.01,74.226,74.709,74.901,75.188,75.179,75.486,75.832,76.141,76.222
Ecuador,ECU,"Mortality rate, adult, female (per 1,000 female adults)",SP.DYN.AMRT.FE,115.615,112.073,108.283,104.421,102.766,101.944,100.553,98.51,96.724,95.175,93.776,92.493,90.846,88.107,84.418,84.02
Ecuador,ECU,"Mortality rate, adult, male (per 1,000 male adults)",SP.DYN.AMRT.MA,196.126,192.415,186.918,183.382,181.443,180.087,179.207,176.636,175.322,173.073,168.222,162.109,154.248,147.155,141.557,139.826
Ecuador,ECU,"Mortality rate, infant (per 1,000 live births)",SP.DYN.IMRT.IN,24.1,23,21.9,21.1,20.3,19.5,18.8,18.1,17.4,16.7,16,15.3,14.6,14,13.4,12.9
Ecuador,ECU,"Mortality rate, under-5 (per 1,000 live births)",SH.DYN.MORT,29.6,28.1,26.8,25.7,24.6,23.7,22.8,21.9,21,20,19.2,18.3,17.4,16.6,15.9,15.3
Ecuador,ECU,"Prevalence of HIV, total (% of population ages 15-49)",SH.DYN.AIDS.ZS,0.3,0.3,0.4,0.4,0.4,0.4,0.4,0.4,0.4,0.4,0.4,0.4,0.4,0.4,0.4,0.4
Ecuador,ECU,"Incidence of tuberculosis (per 100,000 people)",SH.TBS.INCD,68,58,55,64,58,40,41,43,42,40,40,42,44,42,40,39
Ecuador,ECU,Diabetes prevalence (% of population ages 20 to 79),SH.STA.DIAB.ZS,..,..,..,..,..,..,..,..,..,..,..,6.6,..,..,..,..
Ecuador,ECU,"Physicians (per 1,000 people)",SH.MED.PHYS.ZS,0.816,0.856,0.853,0.813,0.889,0.907,0.9,0.983,1.102,1.223,1.291,1.39,1.57,1.654,1.692,1.814
Ecuador,ECU,"Hospital beds (per 1,000 people)",SH.MED.BEDS.ZS,1.55,1.57,1.5,1.39,1.57,1.55,1.42,1.44,1.63,1.52,1.59,1.61,1.49,1.51,1.54,1.53
Ecuador,ECU,Current health expenditure (% of GDP),SH.XPD.CHEX.GD.ZS,3.4825685,3.97254419,4.72293711,5.70121288,5.790411,5.76793766,5.84506655,5.55722475,5.52174902,6.03388453,6.34925699,6.60509682,6.87859821,6.77866411,6.76601839,7.76786041
Ecuador,ECU,Access to electricity (% of population),EG.ELC.ACCS.ZS,93.7,94,94.2,95,94.8,95.8,96.3,96.8,97.2,96.5,97.5,96.9,97.2,98,99,98.8
Ecuador,ECU,People using at least basic drinking water services (% of population),SH.H2O.BASW.ZS,82.307372343955,83.0397753678423,83.7853304814912,84.5049724237034,85.2242831812291,85.9430527454143,86.661280805982,87.3793619728247,88.0969010489875,88.8138907242714,89.5305233009271,90.2407039603204,90.9465125066669,91.6523257841324,92.3579685609702,93.0637815799392
Ecuador,ECU,People using at least basic sanitation services (% of population),SH.STA.BASS.ZS,70.2769836057393,71.2058646927027,72.0815379211086,72.9234098845217,73.7606513816893,74.8640284637925,75.9674946038846,77.0714321378658,78.175463960346,79.2795986257367,80.3840121976879,81.4838302709146,82.5812991805288,83.68006815604,84.7800135093502,85.8813735545442
Ecuador,ECU,GDP per capita (current US$),NY.GDP.PCAP.CD,1382.23421759909,1791.30359685037,2059.1585535974,2315.62215223014,2586.20914663347,2909.02606014388,3243.67010359339,3478.92488770671,4194.75750661981,4053.36331139298,4520.30959039763,5153.6916424375,5634.08393191094,6109.29031510341,6405.79979300441,5976.1596805651
Ecuador,ECU,"School enrollment, secondary (% gross)",SE.SEC.ENRR,55.9612693786621,56.2870216369629,57.2436103820801,56.8165702819824,57.409610748291,59.8716011047363,61.9531517028809,63.4471893310547,..,85.9710388183594,91.5583877563477,95.6929702758789,98.554801940918,100.659210205078,102.590339660645,100.791786193848
"Egypt, Arab Rep.",EGY,"Life expectancy at birth, total (years)",SP.DYN.LE00.IN,67.332,67.612,67.846,68.045,68.211,68.355,68.493,68.627,68.761,68.915,69.078,69.232,69.464,69.632,69.911,70.135
"Egypt, Arab Rep.",EGY,"Mortality rate, adult, female (per 1,000 female adults)",SP.DYN.AMRT.FE,143.769,142.597,141.832,141.391,141.173,140.961,140.536,139.743,138.442,136.392,133.86,131.057,127.546,124.366,120.476,117.052
"Egypt, Arab Rep.",EGY,"Mortality rate, adult, male (per 1,000 male adults)",SP.DYN.AMRT.MA,231.873,231.889,232.275,232.627,232.887,232.871,232.291,231.149,229.329,226.573,223.076,219.497,213.763,209.481,202.537,197.066
"Egypt, Arab Rep.",EGY,"Mortality rate, infant (per 1,000 live births)",SP.DYN.IMRT.IN,39.6,37.5,35.7,34,32.6,31.2,30,28.8,27.7,26.7,25.6,24.6,23.7,22.8,22,21.2
"Egypt, Arab Rep.",EGY,"Mortality rate, under-5 (per 1,000 live births)",SH.DYN.MORT,46.6,43.9,41.5,39.4,37.5,35.7,34.1,32.7,31.2,29.9,28.6,27.4,26.2,25.2,24.1,23.3
"Egypt, Arab Rep.",EGY,"Prevalence of HIV, total (% of population ages 15-49)",SH.DYN.AIDS.ZS,0.1,0.1,0.1,0.1,0.1,0.1,0.1,0.1,0.1,0.1,0.1,0.1,0.1,0.1,0.1,0.1
"Egypt, Arab Rep.",EGY,"Incidence of tuberculosis (per 100,000 people)",SH.TBS.INCD,26,25,24,23,22,21,21,20,19,19,18,17,17,16,15,15
"Egypt, Arab Rep.",EGY,Diabetes prevalence (% of population ages 20 to 79),SH.STA.DIAB.ZS,..,..,..,..,..,..,..,..,..,..,..,16.6,..,..,..,..
"Egypt, Arab Rep.",EGY,"Physicians (per 1,000 people)",SH.MED.PHYS.ZS,2.118,..,..,0.507,..,..,..,..,..,..,..,..,..,..,0.745,0.777
"Egypt, Arab Rep.",EGY,"Hospital beds (per 1,000 people)",SH.MED.BEDS.ZS,1.96,1.96,1.94,1.95,1.97,1.92,2.14,1.86,1.63,1.51,1.43,1.43,1.41,1.4,1.37,1.27
"Egypt, Arab Rep.",EGY,Current health expenditure (% of GDP),SH.XPD.CHEX.GD.ZS,4.92244291,5.40030336,5.5107379,5.2242527,4.85732365,4.92229176,4.84190083,4.44493246,4.46634817,4.37870932,4.15319157,4.35707569,4.45891809,4.6710043,4.77415323,5.06153202
"Egypt, Arab Rep.",EGY,Access to electricity (% of population),EG.ELC.ACCS.ZS,97.7,97.4,97.5,98.8,97.8,99.4,99,98.4,99.8,98.9,99.4,99.4,99.7,99.9,99.8,99.3
"Egypt, Arab Rep.",EGY,People using at least basic drinking water services (% of population),SH.H2O.BASW.ZS,98.2428696788173,98.2736396834303,98.3043525753378,98.335021524034,98.365643197958,98.3962203294697,98.426743408475,98.4565570321653,98.4859930462561,98.5154718531203,98.5449648922307,98.574504181642,98.6036168042443,98.6328142113716,98.6620775238515,98.6914116257754
"Egypt, Arab Rep.",EGY,People using at least basic sanitation services (% of population),SH.STA.BASS.ZS,91.2317016114182,91.5447294384506,91.8580995381136,92.1718235585916,92.4858978069016,92.8003242543512,93.1150933728137,93.4279651849764,93.7399490225332,94.0524838097041,94.3654653837058,94.6790002685632,94.9913271486837,95.3042855607555,95.6177859083195,95.9318698997967
"Egypt, Arab Rep.",EGY,GDP per capita (current US$),NY.GDP.PCAP.CD,1366.09274372613,1295.1374184163,1116.82884626213,1031.27556291284,991.255689145253,1105.53920713903,1298.97900203124,1547.74170735909,1896.21594269779,2161.63964573927,2455.08194645282,2590.64384891965,2996.0677072015,3025.52563552448,3133.39102265541,3306.98159414141
"Egypt, Arab Rep.",EGY,"School enrollment, secondary (% gross)",SE.SEC.ENRR,77.8339462280273,79.3897399902344,78.8174133300781,78.5066070556641,77.7841796875,..,..,..,..,63.2154998779297,64.7296371459961,72.5487594604492,73.0182495117188,73.8954466194364,73.3723421134374,..
Equatorial Guinea,GNQ,"Life expectancy at birth, total (years)",SP.DYN.LE00.IN,53.395,53.827,54.324,54.791,55.307,55.766,56.354,56.857,57.384,57.881,58.344,58.827,59.301,59.784,60.228,60.635
Equatorial Guinea,GNQ,"Mortality rate, adult, female (per 1,000 female adults)",SP.DYN.AMRT.FE,303.685,301.686,298.353,294.63,289.737,287.05,282.648,278.408,272.013,267.243,262.639,258.17,252.636,247.158,241.714,237.817
Equatorial Guinea,GNQ,"Mortality rate, adult, male (per 1,000 male adults)",SP.DYN.AMRT.MA,349.478,345.133,340.056,336.738,333.061,328.825,323.301,319.51,314.801,310.518,307.028,302.467,298.738,294.209,290.862,287.465
Equatorial Guinea,GNQ,"Mortality rate, infant (per 1,000 live births)",SP.DYN.IMRT.IN,106.5,103.4,100.4,97.2,93.9,90.6,87.3,84.1,80.8,77.9,75.1,72.4,69.9,67.6,65.5,63.4
Equatorial Guinea,GNQ,"Mortality rate, under-5 (per 1,000 live births)",SH.DYN.MORT,155.9,151.5,147,142.5,137.8,133.2,128.6,124,119.4,115.2,111.1,107.1,103.4,99.9,96.6,93.3
Equatorial Guinea,GNQ,"Prevalence of HIV, total (% of population ages 15-49)",SH.DYN.AIDS.ZS,..,..,..,..,..,..,..,..,..,..,..,..,..,..,..,..
Equatorial Guinea,GNQ,"Incidence of tuberculosis (per 100,000 people)",SH.TBS.INCD,187,187,187,187,187,192,198,203,209,196,217,224,236,248,260,274
Equatorial Guinea,GNQ,Diabetes prevalence (% of population ages 20 to 79),SH.STA.DIAB.ZS,..,..,..,..,..,..,..,..,..,..,..,4.2,..,..,..,..
Equatorial Guinea,GNQ,"Physicians (per 1,000 people)",SH.MED.PHYS.ZS,..,..,..,..,0.185,..,..,..,..,..,..,..,..,..,..,..
Equatorial Guinea,GNQ,"Hospital beds (per 1,000 people)",SH.MED.BEDS.ZS,..,1.1,..,..,..,2.2,..,..,..,1.9,2.1,..,..,..,..,..
Equatorial Guinea,GNQ,Current health expenditure (% of GDP),SH.XPD.CHEX.GD.ZS,1.10719955,1.20301223,2.74982214,1.82749844,1.45293236,1.29643011,1.29171872,1.30165792,1.11555505,1.76790512,1.62134743,1.42923641,1.51459455,1.64174414,1.7540164,2.34058237
Equatorial Guinea,GNQ,Access to electricity (% of population),EG.ELC.ACCS.ZS,64.8,64.9,64.9,64.9,64.9,65,65.1,65.1,65.2,65.4,66.1,66.1,65.7,65.9,66,66.1
Equatorial Guinea,GNQ,People using at least basic drinking water services (% of population),SH.H2O.BASW.ZS,51.0981422023709,51.7904428199064,52.5419955641362,53.3504179262998,54.2150291513885,55.1317211538696,56.1005772869023,57.1185695757547,58.183796416463,59.291794552573,60.4413645239922,61.6296107592161,62.8538882126968,63.6715134756131,63.9264743902707,64.178599499821
Equatorial Guinea,GNQ,People using at least basic sanitation services (% of population),SH.STA.BASS.ZS,54.7905329053303,55.7769654189352,56.747003244862,57.6992353221695,58.6335887149041,59.5483761004959,60.4443364825893,61.3207802854585,62.177714886634,63.0143172996571,63.8311923686012,64.6283691531245,65.4060707706963,66.0469430159927,66.1151118654474,66.1825226445462
Equatorial Guinea,GNQ,GDP per capita (current US$),NY.GDP.PCAP.CD,1487.3165506701,1948.61145907844,2264.21065580365,2930.60183743733,4901.30127408119,8673.9026086535,10184.8841248541,12616.9532942011,18210.5552970599,13232.5019378102,13720.1658723222,17198.2136668275,17308.5723924575,16304.0713196418,15548.6624656619,9068.91003238645
Equatorial Guinea,GNQ,"School enrollment, secondary (% gross)",SE.SEC.ENRR,21.7535190582275,18.6993808746338,18.1188793182373,..,..,17.7594795227051,..,..,..,..,..,..,..,..,..,..
Estonia,EST,"Life expectancy at birth, total (years)",SP.DYN.LE00.IN,70.4170731707317,70.2585365853659,70.9048780487805,71.3170731707317,71.909756097561,72.5682926829268,72.6914634146341,72.8146341463415,73.7707317073171,74.8243902439024,75.4292682926829,76.2292682926829,76.3268292682927,77.1414634146341,77.0341463414634,77.590243902439
Estonia,EST,"Mortality rate, adult, female (per 1,000 female adults)",SP.DYN.AMRT.FE,118.066,121.666,110.566,107.107,99.418,99.322,96.011,92.312,84.723,77.471,67.753,70.866,67.859,67.015,65.288,62.825
Estonia,EST,"Mortality rate, adult, male (per 1,000 male adults)",SP.DYN.AMRT.MA,308.009,325.356,312.834,292.249,288.777,274.185,272.526,276.966,243.48,229.24,203.039,203.78,198.315,169.327,181.112,169.877
Estonia,EST,"Mortality rate, infant (per 1,000 live births)",SP.DYN.IMRT.IN,8.8,8.1,7.4,6.8,6.2,5.6,5.1,4.7,4.3,3.9,3.6,3.3,3,2.8,2.6,2.5
Estonia,EST,"Mortality rate, under-5 (per 1,000 live births)",SH.DYN.MORT,11,10.1,9.3,8.5,7.8,7.1,6.5,5.9,5.4,5,4.6,4.2,3.9,3.6,3.4,3.2
Estonia,EST,"Prevalence of HIV, total (% of population ages 15-49)",SH.DYN.AIDS.ZS,0.1,0.2,0.3,0.4,0.5,0.5,0.6,0.6,0.7,0.7,0.8,0.8,0.8,0.8,0.8,0.8
Estonia,EST,"Incidence of tuberculosis (per 100,000 people)",SH.TBS.INCD,65,59,52,49,45,41,36,39,34,31,25,25,23,23,21,18
Estonia,EST,Diabetes prevalence (% of population ages 20 to 79),SH.STA.DIAB.ZS,..,..,..,..,..,..,..,..,..,..,..,7,..,..,..,..
Estonia,EST,"Physicians (per 1,000 people)",SH.MED.PHYS.ZS,2.942,2.783,2.965,2.996,3.024,3.142,3.183,3.26,3.343,3.28,3.244,3.294,3.283,3.335,3.361,3.417
Estonia,EST,"Hospital beds (per 1,000 people)",SH.MED.BEDS.ZS,7.04,6.6,5.98,5.73,5.64,5.38,5.55,5.48,5.63,5.37,5.27,5.36,5.53,4.9,4.9,4.82
Estonia,EST,Current health expenditure (% of GDP),SH.XPD.CHEX.GD.ZS,5.17029095,4.78060246,4.70329475,5.13883257,5.33758926,5.29536009,4.97390509,5.18455648,5.95724869,6.84477043,6.59433842,6.0781703,6.09506845,6.28062296,6.36199951,6.64135027
Estonia,EST,Access to electricity (% of population),EG.ELC.ACCS.ZS,100,100,100,100,100,100,100,100,100,100,100,100,100,100,100,100
Estonia,EST,People using at least basic drinking water services (% of population),SH.H2O.BASW.ZS,97.3621551958531,97.523173119615,97.6852897163375,97.8484501498915,98.0127184478021,98.1780911832145,98.344536613704,98.5120963651077,98.6807683659568,98.8505580234212,99.0214415324715,99.1934474893278,99.3681632506101,99.5437917222656,99.7181271894266,99.8911870771644
Estonia,EST,People using at least basic sanitation services (% of population),SH.STA.BASS.ZS,99.68320718373,99.6870039567612,99.6893529794882,99.6506610270267,99.5954393777572,99.5403975592733,99.4855362979446,99.4308575251118,99.3763585936255,99.3220447392028,99.2679099670805,99.213957197269,99.1602852566758,99.1065936886103,99.0526845935872,99.0579702827243
Estonia,EST,GDP per capita (current US$),NY.GDP.PCAP.CD,4070.60902410208,4502.66614992392,5343.18310760735,7205.40703313243,8916.0728274602,10414.6381183565,12641.4800976473,16745.4308011148,18205.9064113446,14712.4494217916,14663.7041018705,17555.5455239426,17568.2137969714,19310.3874900757,20581.7898991695,17722.1557669523
Estonia,EST,"School enrollment, secondary (% gross)",SE.SEC.ENRR,95.0215377807617,96.2154312133789,99.0828704833984,99.0774383544922,101.44522857666,104.22184753418,104.028030395508,105.091178894043,105.395011901855,107.425552368164,110.888679504395,112.287406921387,112.536003112793,110.521713256836,107.685821533203,108.18879699707
Ethiopia,ETH,"Life expectancy at birth, total (years)",SP.DYN.LE00.IN,50.88,51.428,52.085,52.877,53.735,54.364,55.402,56.566,57.733,58.715,59.709,60.595,61.443,62.161,62.927,63.592
Ethiopia,ETH,"Mortality rate, adult, female (per 1,000 female adults)",SP.DYN.AMRT.FE,366.109,363.196,354.628,345.896,333.005,325.604,310.376,291.437,273.616,259.863,247.057,237.149,226.406,215.882,205.427,196.33
Ethiopia,ETH,"Mortality rate, adult, male (per 1,000 male adults)",SP.DYN.AMRT.MA,386.006,381.735,380.898,372.963,368.901,366.811,357.127,347.808,336.128,326.665,315.312,304.045,295.347,289.429,282.274,276.759
Ethiopia,ETH,"Mortality rate, infant (per 1,000 live births)",SP.DYN.IMRT.IN,92.2,88.7,85.1,81.6,77.9,74.4,70.9,67.7,64.7,61.9,59.3,56.8,54.5,52.2,50.1,48
Ethiopia,ETH,"Mortality rate, under-5 (per 1,000 live births)",SH.DYN.MORT,140.4,134.1,127.7,121.4,115,108.8,102.9,97.4,92.3,87.6,83.2,79.1,75.3,71.6,68.2,64.9
Ethiopia,ETH,"Prevalence of HIV, total (% of population ages 15-49)",SH.DYN.AIDS.ZS,2.7,2.6,2.4,2.2,2,1.8,1.7,1.6,1.5,1.4,1.4,1.3,1.3,1.2,1.2,1.1
Ethiopia,ETH,"Incidence of tuberculosis (per 100,000 people)",SH.TBS.INCD,421,409,393,376,358,341,325,310,296,282,268,253,239,224,207,192
Ethiopia,ETH,Diabetes prevalence (% of population ages 20 to 79),SH.STA.DIAB.ZS,..,..,..,..,..,..,..,..,..,..,..,3.4,..,..,..,..
Ethiopia,ETH,"Physicians (per 1,000 people)",SH.MED.PHYS.ZS,0.021,0.028,0.029,0.027,0.027,0.032,0.027,0.022,0.025,0.025,..,..,..,..,..,..
Ethiopia,ETH,"Hospital beds (per 1,000 people)",SH.MED.BEDS.ZS,..,..,..,..,0.2,..,0.2,..,0.2,..,..,6.3,..,..,..,0.3
Ethiopia,ETH,Current health expenditure (% of GDP),SH.XPD.CHEX.GD.ZS,4.36504698,4.72316694,4.7126298,4.89970922,4.31281853,4.10098124,4.45757294,5.00128317,4.28063869,4.6496563,5.46637249,4.46897745,4.5395956,4.07506514,4.03365517,3.82316828
Ethiopia,ETH,Access to electricity (% of population),EG.ELC.ACCS.ZS,12.7,10.2,11.9,13.5,15.2,14,18.6,20.3,22,23.7,25.5,23,29,30.8,27.2,29
Ethiopia,ETH,People using at least basic drinking water services (% of population),SH.H2O.BASW.ZS,18.6823027003951,20.2320410406542,21.77133078604,23.2981637789492,24.8131815247792,26.3163660068506,27.8082946441902,29.2977073978485,30.8752129693809,32.4383798883198,33.98875142441,35.5250490303748,37.0481962437743,38.548228349882,40.034664721558,41.506855299013
Ethiopia,ETH,People using at least basic sanitation services (% of population),SH.STA.BASS.ZS,2.79389711000458,3.09531157596367,3.39684063568474,3.69805219630623,4.0092482931609,4.31644032463521,4.61983246123029,4.92163262678547,5.24481811104458,5.56530539724539,5.88367348842843,6.19978430281278,6.51408999312917,6.82389059062955,7.1320081780504,7.43845438341403
Ethiopia,ETH,GDP per capita (current US$),NY.GDP.PCAP.CD,122.269202606069,118.457204255261,109.593813612988,116.800491132777,133.169812538096,158.243458082465,189.345737521418,237.146255996319,316.410475118075,368.574712267445,330.619412798644,343.024942351887,452.101031885754,484.039833104062,549.986577082588,621.845673808133
Ethiopia,ETH,"School enrollment, secondary (% gross)",SE.SEC.ENRR,14.451319694519,17.3430194854736,19.1939201354981,19.5667705535889,21.47705078125,23.8548793792725,27.4775695800781,30.251350402832,31.3109302520752,31.649019241333,33.0478591918945,34.4468994140625,36.2193489074707,..,..,33.9114221981431
Fiji,FJI,"Life expectancy at birth, total (years)",SP.DYN.LE00.IN,66.194,66.205,65.492,65.653,65.841,65.983,66.126,66.161,66.32,66.347,66.778,66.88,65.812,66.545,66.581,66.48
Fiji,FJI,"Mortality rate, adult, female (per 1,000 female adults)",SP.DYN.AMRT.FE,199.037,199.225,210.789,209.748,208.205,204.807,203.336,203.677,202.993,201.208,196.547,194.863,209.243,204.502,197.524,198.556
Fiji,FJI,"Mortality rate, adult, male (per 1,000 male adults)",SP.DYN.AMRT.MA,301.761,300.761,315.063,308.218,302.404,300.88,296.985,295.351,290.375,290.838,280.555,279.232,304.221,282.371,288.062,289.36
Fiji,FJI,"Mortality rate, infant (per 1,000 live births)",SP.DYN.IMRT.IN,16.6,16.6,16.7,16.8,17.1,17.3,17.4,17.5,17.4,17.1,16.8,16.4,16.1,15.9,16,16.3
Fiji,FJI,"Mortality rate, under-5 (per 1,000 live births)",SH.DYN.MORT,22.7,22.6,22.7,22.8,23.1,23.3,23.5,23.5,23.2,22.8,22.2,21.6,21,20.7,20.6,20.9
Fiji,FJI,"Prevalence of HIV, total (% of population ages 15-49)",SH.DYN.AIDS.ZS,0.1,0.1,0.1,0.1,0.1,0.1,0.1,0.1,0.1,0.1,0.1,0.1,0.1,0.1,0.1,0.1
Fiji,FJI,"Incidence of tuberculosis (per 100,000 people)",SH.TBS.INCD,22,28,23,28,20,20,17,14,16,21,27,31,30,37,55,52
Fiji,FJI,Diabetes prevalence (% of population ages 20 to 79),SH.STA.DIAB.ZS,..,..,..,..,..,..,..,..,..,..,..,10.9,..,..,..,..
Fiji,FJI,"Physicians (per 1,000 people)",SH.MED.PHYS.ZS,..,..,..,0.443,..,..,..,..,0.376,0.413,..,..,..,0.773,..,0.814
Fiji,FJI,"Hospital beds (per 1,000 people)",SH.MED.BEDS.ZS,..,..,..,..,2.1,2.07,1.94,1.94,1.94,2.2,2.2,1.91,..,1.92,1.89,1.88
Fiji,FJI,Current health expenditure (% of GDP),SH.XPD.CHEX.GD.ZS,3.42441177,2.90547299,2.98349524,2.97298193,3.25768542,3.25656676,3.34798193,3.41514993,3.18467116,3.53587627,3.41664124,3.14293504,3.2655499,3.20040679,3.36860466,3.32468939
Fiji,FJI,Access to electricity (% of population),EG.ELC.ACCS.ZS,76.8,77.7,79.6,80,80.6,81.6,82.6,88.9,86.2,85.6,92.4,92.5,92.6,91.8,93,93.2
Fiji,FJI,People using at least basic drinking water services (% of population),SH.H2O.BASW.ZS,94.817182547085,94.844077072259,94.8709690390527,94.8927016974863,94.914794848648,94.9370420416946,94.9596473119568,94.9825509051552,95.0125414917812,95.04453638774,95.0769806101148,95.1097371692021,95.1429467538414,95.1763202593056,95.2100702737926,95.2442022172526
Fiji,FJI,People using at least basic sanitation services (% of population),SH.STA.BASS.ZS,87.5905789177023,87.6452078199926,87.6998341010554,88.3372841055676,88.9689419190711,89.5944363980002,89.9493446355002,90.29461668123,90.6391438709654,90.9745049067261,91.2985218075568,91.6111001750027,91.9124417799051,92.2023749695212,92.4811611042925,92.7488650261902
Fiji,FJI,GDP per capita (current US$),NY.GDP.PCAP.CD,1995.72071163264,1944.997414609,2136.56794118683,2655.58079586044,3097.19096651759,3377.69126953493,3455.10599907349,3762.74692789299,3899.92231512129,3164.13275408169,3449.14452883369,4139.60288609702,4341.40338748749,4572.44377544245,5293.35676680464,5097.53106864695
Fiji,FJI,"School enrollment, secondary (% gross)",SE.SEC.ENRR,75.6572799682617,74.7156372070312,76.0836715698242,77.7666320800781,80.5614318847656,..,79.7871704101562,79.2860107421875,79.2769012451172,79.3391189575195,..,83.9304962158203,82.1471405029297,..,88.1849686883865,87.836769819804
France,FRA,"Life expectancy at birth, total (years)",SP.DYN.LE00.IN,79.0560975609756,79.1585365853659,79.2609756097561,79.1146341463415,80.1634146341463,80.1634146341463,80.8121951219512,81.1121951219512,81.2146341463415,81.4146341463415,81.6634146341463,82.1146341463415,81.9682926829268,82.219512195122,82.719512195122,82.3219512195122
France,FRA,"Mortality rate, adult, female (per 1,000 female adults)",SP.DYN.AMRT.FE,60.936,60.998,60.634,60.006,57.921,56.754,56.165,54.815,55.022,55.372,53.661,52.563,51.592,50.507,49.309,49.377
France,FRA,"Mortality rate, adult, male (per 1,000 male adults)",SP.DYN.AMRT.MA,138.639,138.186,136.68,134.868,126.87,126.589,123.283,120.77,118.248,118.419,115.675,112.601,109.097,105.322,100.472,101.59
France,FRA,"Mortality rate, infant (per 1,000 live births)",SP.DYN.IMRT.IN,4.1,3.9,3.8,3.6,3.5,3.4,3.3,3.2,3.2,3.1,3.1,3.1,3.1,3.1,3.1,3.2
France,FRA,"Mortality rate, under-5 (per 1,000 live births)",SH.DYN.MORT,5.4,5.2,5.1,4.9,4.8,4.6,4.5,4.4,4.4,4.3,4.2,4.2,4.1,4.1,4.1,4.2
France,FRA,"Prevalence of HIV, total (% of population ages 15-49)",SH.DYN.AIDS.ZS,0.2,0.2,0.2,0.2,0.2,0.2,0.3,0.3,0.3,0.3,0.3,0.3,0.3,0.3,0.3,0.3
France,FRA,"Incidence of tuberculosis (per 100,000 people)",SH.TBS.INCD,12,12,11,12,10,9.8,9.7,11,10,9.4,9.2,9,8.9,8.8,8.5,8.4
France,FRA,Diabetes prevalence (% of population ages 20 to 79),SH.STA.DIAB.ZS,..,..,..,..,..,..,..,..,..,..,..,5.4,..,..,..,..
France,FRA,"Physicians (per 1,000 people)",SH.MED.PHYS.ZS,3.375,3.408,3.435,3.454,3.473,3.476,3.469,3.449,3.443,3.394,3.397,3.171,3.188,3.209,3.224,3.239
France,FRA,"Hospital beds (per 1,000 people)",SH.MED.BEDS.ZS,8.25,8.12,8.01,7.84,7.69,7.52,7.41,7.35,7.18,6.92,6.67,6.6,6.58,6.52,6.46,6.4
France,FRA,Current health expenditure (% of GDP),SH.XPD.CHEX.GD.ZS,9.58447742,9.7056284,10.02218628,10.08283424,10.16429329,10.2148447,10.38566494,10.31564426,10.50084686,11.28756237,11.22560215,11.18497562,11.29740047,11.39591122,11.52531433,11.43985462
France,FRA,Access to electricity (% of population),EG.ELC.ACCS.ZS,100,100,100,100,100,100,100,100,100,100,100,100,100,100,100,100
France,FRA,People using at least basic drinking water services (% of population),SH.H2O.BASW.ZS,99.999998548443,100,99.9999969340962,99.9999995291174,100,100,100,100,100,100,99.9999974852696,99.9999993279599,99.9999984764295,100,99.9999972602157,100
France,FRA,People using at least basic sanitation services (% of population),SH.STA.BASS.ZS,98.6630267590173,98.6622571907922,98.6614874028866,98.6607286420978,98.6599731788186,98.6592263247654,98.658480570518,98.6577427172428,98.6569961783517,98.6562440835058,98.6554788973478,98.6547163513233,98.653942111776,98.6531697214729,98.6523819892693,98.6515985082272
France,FRA,GDP per capita (current US$),NY.GDP.PCAP.CD,22340.5939516217,22331.7948343036,24144.5727019529,29479.5222101175,33644.9282220364,34696.3718316971,36431.5658906555,41486.1907828787,45464.8181385158,41728.0884164132,40694.8211697025,43929.7840873812,40863.5814412333,42669.1795111893,43148.0459288416,36702.4323733379
France,FRA,"School enrollment, secondary (% gross)",SE.SEC.ENRR,105.590217590332,104.571113586426,103.186340332031,102.772102355957,102.220016479492,106.781677246094,106.927520751953,106.69352722168,106.432838439941,106.239227294922,106.424942016602,106.610641479492,105.813583374023,104.376602172852,103.425827026367,103.396041870117
El Salvador,SLV,"Life expectancy at birth, total (years)",SP.DYN.LE00.IN,67.711,67.965,68.526,68.792,69.295,69.336,69.612,69.82,70.138,70.359,70.909,71.192,71.42,71.225,71.144,70.952
El Salvador,SLV,"Mortality rate, adult, female (per 1,000 female adults)",SP.DYN.AMRT.FE,140.344,143.139,134.496,133.387,128.971,129.363,128.08,128.351,127.155,128.23,123.918,122.849,120.193,120.692,120.535,122.319
El Salvador,SLV,"Mortality rate, adult, male (per 1,000 male adults)",SP.DYN.AMRT.MA,324.472,313.919,315.246,312.351,306.745,311.361,310.737,308.986,302.865,296.463,285.922,279.776,276.861,287.741,293.612,302.296
El Salvador,SLV,"Mortality rate, infant (per 1,000 live births)",SP.DYN.IMRT.IN,26.5,25,23.7,22.4,21.2,20.1,19,18.1,17.2,16.4,15.6,14.9,14.3,13.6,13.1,12.5
El Salvador,SLV,"Mortality rate, under-5 (per 1,000 live births)",SH.DYN.MORT,32.3,30.4,28.6,27,25.5,24,22.7,21.5,20.4,19.4,18.4,17.5,16.7,15.9,15.2,14.5
El Salvador,SLV,"Prevalence of HIV, total (% of population ages 15-49)",SH.DYN.AIDS.ZS,0.5,0.5,0.6,0.6,0.6,0.6,0.6,0.6,0.6,0.6,0.5,0.5,0.5,0.5,0.5,0.5
El Salvador,SLV,"Incidence of tuberculosis (per 100,000 people)",SH.TBS.INCD,31,31,32,29,29,37,34,35,36,35,35,39,42,44,45,50
El Salvador,SLV,Diabetes prevalence (% of population ages 20 to 79),SH.STA.DIAB.ZS,..,..,..,..,..,..,..,..,..,..,..,9.4,..,..,..,..
El Salvador,SLV,"Physicians (per 1,000 people)",SH.MED.PHYS.ZS,..,..,1.321,..,..,1.715,..,..,1.902,..,..,..,..,..,..,..
El Salvador,SLV,"Hospital beds (per 1,000 people)",SH.MED.BEDS.ZS,..,..,..,..,..,0.9,0.9,0.7,0.8,1.1,1,1.04,1.08,1.08,1.37,1.03
El Salvador,SLV,Current health expenditure (% of GDP),SH.XPD.CHEX.GD.ZS,7.84342813,7.88604879,7.88565731,7.77182293,8.1302166,9.20057869,8.69338894,8.47836304,8.49585915,8.83749676,8.90416241,8.87645435,8.60625362,9.05235958,8.5989418,8.75833225
El Salvador,SLV,Access to electricity (% of population),EG.ELC.ACCS.ZS,84.5,87.1,87.5,87,87.4,87.5,89.2,91.1,91,91.1,91.6,92.6,93.7,95,95.1,95.4
El Salvador,SLV,People using at least basic drinking water services (% of population),SH.H2O.BASW.ZS,78.6360268784025,78.8357152170907,80.0285290995464,81.2157868750133,82.3977563954932,83.5728135392811,84.74156283604,85.9168220429352,87.1619584784562,88.3843344376465,89.5841918914407,90.7614868095957,91.9155629608669,93.0459632736078,94.1529283986877,95.236218443692
El Salvador,SLV,People using at least basic sanitation services (% of population),SH.STA.BASS.ZS,80.5686084030559,80.6612610620906,80.7535749388269,81.1327572570181,81.5045537894438,81.8685229941508,82.2253614750701,82.583060105739,82.9828897716493,83.3732415179839,83.7547743731515,84.1280076806049,84.4929764471639,84.8497505668913,85.198960719006,85.5407927310038
El Salvador,SLV,GDP per capita (current US$),NY.GDP.PCAP.CD,1982.87093542615,2058.04459070452,2115.41187355626,2207.83089518069,2285.68907438892,2447.39140845394,2665.61807194853,2830.65693770733,2983.24829577976,2910.18651752011,3040.07300952878,3330.60049486653,3497.91256915509,3582.26694005169,3666.01248913873,3790.34089108162
El Salvador,SLV,"School enrollment, secondary (% gross)",SE.SEC.ENRR,54.8399314880371,57.1768608093262,60.6978416442871,64.1438369750977,67.8388290405273,67.6287612915039,67.4043807983398,67.3213119506836,66.1245803833008,66.7064819335938,68.1448218125398,69.7446217742312,70.8309781500769,72.2452860122263,71.3858349113676,70.725825383614
Eritrea,ERI,"Life expectancy at birth, total (years)",SP.DYN.LE00.IN,56.285,58.359,58.941,59.455,60.063,60.628,61.457,61.998,62.422,63.203,63.665,64.231,64.697,65.005,65.517,65.909
Eritrea,ERI,"Mortality rate, adult, female (per 1,000 female adults)",SP.DYN.AMRT.FE,296.901,281.16,274.607,268.505,262.35,255.327,246.094,239.091,232.595,223.602,217.476,210.126,204.275,199.921,193.951,188.944
Eritrea,ERI,"Mortality rate, adult, male (per 1,000 male adults)",SP.DYN.AMRT.MA,377.313,331.518,326.373,323.116,314.5,308.635,296.374,290.702,288.138,276.212,272.335,264.935,259.588,258.421,250.982,247.112
Eritrea,ERI,"Mortality rate, infant (per 1,000 live births)",SP.DYN.IMRT.IN,50.8,49,47.5,46,44.6,43.3,42.1,40.9,39.8,38.6,37.5,36.5,35.5,34.4,33.4,32.4
Eritrea,ERI,"Mortality rate, under-5 (per 1,000 live births)",SH.DYN.MORT,85.3,81.1,77.3,73.8,70.5,67.5,64.6,61.9,59.4,57.1,55,53.1,51.2,49.4,47.8,46.1
Eritrea,ERI,"Prevalence of HIV, total (% of population ages 15-49)",SH.DYN.AIDS.ZS,2.3,2.2,2,1.9,1.7,1.6,1.4,1.3,1.2,1.1,1,1,0.9,0.8,0.8,0.7
Eritrea,ERI,"Incidence of tuberculosis (per 100,000 people)",SH.TBS.INCD,177,175,173,299,257,209,171,200,160,154,149,157,160,144,119,102
Eritrea,ERI,Diabetes prevalence (% of population ages 20 to 79),SH.STA.DIAB.ZS,..,..,..,..,..,..,..,..,..,..,..,3.6,..,..,..,..
Eritrea,ERI,"Physicians (per 1,000 people)",SH.MED.PHYS.ZS,0.042,0.039,0.052,0.039,0.051,0.043,0.047,0.042,0.042,0.042,0.041,0.042,0.047,0.052,0.061,0.064
Eritrea,ERI,"Hospital beds (per 1,000 people)",SH.MED.BEDS.ZS,..,..,..,1.48,1.51,1.39,1.34,1.38,1.31,1.31,1.19,1.24,1.21,1.16,1.15,1.15
Eritrea,ERI,Current health expenditure (% of GDP),SH.XPD.CHEX.GD.ZS,5.76670074,5.91931677,6.68857431,7.33703375,7.00984907,6.8641758,6.85727453,5.2786293,6.57807541,5.42343187,4.81866503,5.1622901,3.74245787,4.96765137,3.91432285,4.50776815
Eritrea,ERI,Access to electricity (% of population),EG.ELC.ACCS.ZS,29.3,30.3,32.2,32.4,33.4,34.5,35.6,36.7,37.8,38.9,40.1,41.2,42.3,43.5,44.6,45.8
Eritrea,ERI,People using at least basic drinking water services (% of population),SH.H2O.BASW.ZS,46.8142131635351,47.1204254367107,47.440924376313,47.7752200043611,48.1234179210885,48.4844084006916,48.8594940550192,49.24695322535,49.6487021973559,49.810322427133,49.9773803285471,50.1505279457527,50.3291729374741,50.7051291303828,51.0835649326091,51.4650911306671
Eritrea,ERI,People using at least basic sanitation services (% of population),SH.STA.BASS.ZS,8.28530044207824,8.64047942200959,8.98629582134225,9.32208585596108,9.64744725375952,9.96153547102589,10.2644175947139,10.5550787915381,10.8337736915036,11.0220410741386,11.2019449777584,11.3735399803252,11.5365169297833,11.6362700513655,11.7366811006634,11.8379122916262
Eritrea,ERI,GDP per capita (current US$),NY.GDP.PCAP.CD,314.357396753501,325.409161513593,304.775756465092,348.950327077742,426.840947887032,412.753079199423,447.997404727201,480.44762365456,490.066956003333,642.92572288007,539.699512069686,688.68165957684,..,..,..,..
Eritrea,ERI,"School enrollment, secondary (% gross)",SE.SEC.ENRR,45.2635498046875,45.8157081604004,46.5302581787109,47.3321685791016,47.4052391052246,51.6001396179199,53.1192588806152,50.1338500976562,51.3945808410645,51.8130187988281,51.5608596801758,51.8398818969727,52.7079315185547,51.34619140625,50.6653785705566,46.171501159668
Eswatini,SWZ,"Life expectancy at birth, total (years)",SP.DYN.LE00.IN,47.627,46.344,45.38,44.632,43.906,43.958,44.563,45.16,45.853,46.913,48.331,49.057,50.714,52.11,53.491,54.941
Eswatini,SWZ,"Mortality rate, adult, female (per 1,000 female adults)",SP.DYN.AMRT.FE,568.415,594.416,611.833,634.848,664.135,664.082,644.564,637.291,641.115,624.318,593.457,587.757,543.183,511.988,479.261,444.55
Eswatini,SWZ,"Mortality rate, adult, male (per 1,000 male adults)",SP.DYN.AMRT.MA,619.415,649.891,683.419,698.442,712.389,717.34,717.814,710.444,692.475,675.968,658.396,652.666,630.408,606.3,578.37,548.842
Eswatini,SWZ,"Mortality rate, infant (per 1,000 live births)",SP.DYN.IMRT.IN,73,74.3,75.2,75.9,75.7,74.7,65.6,66.3,68.5,65.5,62,57.8,58,57.4,57.9,54.9
Eswatini,SWZ,"Mortality rate, under-5 (per 1,000 live births)",SH.DYN.MORT,109.1,112.6,114.3,115.7,116.2,115.5,105.3,100,98.2,92.5,81.8,68.1,63.8,61.6,61.7,58.6
Eswatini,SWZ,"Prevalence of HIV, total (% of population ages 15-49)",SH.DYN.AIDS.ZS,24.2,25.2,25.9,26.3,26.6,26.8,27,27.2,27.5,27.7,28,28.4,28.8,29.2,29.4,29.3
Eswatini,SWZ,"Incidence of tuberculosis (per 100,000 people)",SH.TBS.INCD,981,1010,1110,1270,1320,1420,1460,1430,1390,1590,1590,1300,1110,1030,855,648
Eswatini,SWZ,Diabetes prevalence (% of population ages 20 to 79),SH.STA.DIAB.ZS,..,..,..,..,..,..,..,..,..,..,..,3.1,..,..,..,..
Eswatini,SWZ,"Physicians (per 1,000 people)",SH.MED.PHYS.ZS,..,0.172,..,0.151,0.16,..,..,..,..,0.158,..,0.099,..,..,..,..
Eswatini,SWZ,"Hospital beds (per 1,000 people)",SH.MED.BEDS.ZS,..,..,..,..,..,..,2.1,..,..,..,..,2.1,..,2.04,..,..
Eswatini,SWZ,Current health expenditure (% of GDP),SH.XPD.CHEX.GD.ZS,4.60951757,5.13895369,5.52298307,6.37864399,6.81432486,7.37623358,7.82560062,7.93004131,8.85792923,8.63292217,8.5912571,8.46997261,7.82047606,7.45703411,7.25596571,7.05855274
Eswatini,SWZ,Access to electricity (% of population),EG.ELC.ACCS.ZS,20.4,26.9,25.9,28.7,31.4,34.2,35.2,39.8,42.6,38.6,45.6,51.2,54.3,57.5,65,64.1
Eswatini,SWZ,People using at least basic drinking water services (% of population),SH.H2O.BASW.ZS,53.4105715325038,54.2574981440142,55.0998409942203,55.9375462219659,56.7697315469993,57.5976119971747,58.4203102022392,59.2567740613856,60.2061843024601,61.1476109828719,62.0811041747319,63.0070945325043,63.8977283648777,64.7811557082718,65.6570323901846,66.5257676585086
Eswatini,SWZ,People using at least basic sanitation services (% of population),SH.STA.BASS.ZS,48.7302667749111,49.2498381249684,49.9803456069521,50.728760409513,51.4947686131405,52.278905393274,53.0808750186675,53.9052519498547,54.7677996973881,55.633631590641,56.502583277554,57.3744948770296,58.2500075134818,59.1312693070047,60.0182001380012,60.9106487570296
Eswatini,SWZ,GDP per capita (current US$),NY.GDP.PCAP.CD,1668.9749133064,1467.5389023828,1351.86550182919,2060.18418135789,2581.24172793045,2945.36394872311,3035.06156119205,3180.86121498525,2999.82816920508,3239.7578007877,3992.95199562618,4312.34243414155,4347.99569336631,3951.12008139006,3771.90796458406,3420.75357067279
Eswatini,SWZ,"School enrollment, secondary (% gross)",SE.SEC.ENRR,43.3038711547852,43.7772598266602,44.738208770752,44.4690589904785,48.3460006713867,50.5027885437012,54.4987907409668,58.3698616027832,..,59.5709686279297,64.5977020263672,67.2353363037109,69.2019271850586,70.8080825805664,73.7052383422852,76.2872772216797
Faroe Islands,FRO,"Life expectancy at birth, total (years)",SP.DYN.LE00.IN,78.3829268292683,78.5853658536585,78.7878048780488,78.9390243902439,79.190243902439,79.4414634146342,79.6926829268293,79.9414634146342,80.1414634146341,80.390243902439,80.6390243902439,80.890243902439,81.090243902439,81.3414634146341,81.5926829268293,81.7926829268293
Faroe Islands,FRO,"Mortality rate, adult, female (per 1,000 female adults)",SP.DYN.AMRT.FE,49.359,48.9,48.479,48.158,47.961,47.685,47.401,46.917,46.325,45.62,44.918,44.099,43.345,42.584,41.91,41.31
Faroe Islands,FRO,"Mortality rate, adult, male (per 1,000 male adults)",SP.DYN.AMRT.MA,89.495,88.953,89.196,89.88,90.916,91.882,92.031,91.528,90.195,88.287,86.026,83.552,80.944,78.41,75.61,73.042
Faroe Islands,FRO,"Mortality rate, infant (per 1,000 live births)",SP.DYN.IMRT.IN,..,..,..,..,..,..,..,..,..,..,..,..,..,..,..,..
Faroe Islands,FRO,"Mortality rate, under-5 (per 1,000 live births)",SH.DYN.MORT,..,..,..,..,..,..,..,..,..,..,..,..,..,..,..,..
Faroe Islands,FRO,"Prevalence of HIV, total (% of population ages 15-49)",SH.DYN.AIDS.ZS,..,..,..,..,..,..,..,..,..,..,..,..,..,..,..,..
Faroe Islands,FRO,"Incidence of tuberculosis (per 100,000 people)",SH.TBS.INCD,..,..,..,..,..,..,..,..,..,..,..,..,..,..,..,..
Faroe Islands,FRO,Diabetes prevalence (% of population ages 20 to 79),SH.STA.DIAB.ZS,..,..,..,..,..,..,..,..,..,..,..,..,..,..,..,..
Faroe Islands,FRO,"Physicians (per 1,000 people)",SH.MED.PHYS.ZS,..,..,..,..,..,..,..,..,..,..,..,..,..,..,..,..
Faroe Islands,FRO,"Hospital beds (per 1,000 people)",SH.MED.BEDS.ZS,..,..,..,..,..,..,..,..,..,..,..,..,..,..,..,..
Faroe Islands,FRO,Current health expenditure (% of GDP),SH.XPD.CHEX.GD.ZS,..,..,..,..,..,..,..,..,..,..,..,..,..,..,..,..
Faroe Islands,FRO,Access to electricity (% of population),EG.ELC.ACCS.ZS,100,100,100,100,100,100,100,100,100,100,100,100,100,100,100,100
Faroe Islands,FRO,People using at least basic drinking water services (% of population),SH.H2O.BASW.ZS,100,100,100,100,100,100,100,100,100,100,100,100,100,100,100,100
Faroe Islands,FRO,People using at least basic sanitation services (% of population),SH.STA.BASS.ZS,..,..,..,..,..,..,..,90.8834757181354,90.8834757181354,90.8834757181354,90.8834757181354,90.8834757181354,90.8834757181354,90.8834757181354,90.8834757181354,90.8834757181354
Faroe Islands,FRO,GDP per capita (current US$),NY.GDP.PCAP.CD,23322.7593357515,24879.7729617864,26937.6505602847,31269.6031997217,35647.5440400531,36389.081644098,41743.6812847661,48348.7393711011,51287.8911081663,47059.1947296738,47923.1515374991,51618.9907766392,50261.9616267693,55758.2083680611,60172.0632541664,52635.0375463609
Faroe Islands,FRO,"School enrollment, secondary (% gross)",SE.SEC.ENRR,..,..,..,..,..,..,..,..,..,..,..,..,..,..,..,..
Finland,FIN,"Life expectancy at birth, total (years)",SP.DYN.LE00.IN,77.4658536585366,77.9658536585366,78.119512195122,78.3682926829268,78.7146341463415,78.8170731707317,79.2146341463415,79.2634146341464,79.5682926829268,79.719512195122,79.8707317073171,80.4707317073171,80.6268292682927,80.9756097560976,81.1804878048781,81.4804878048781
Finland,FIN,"Mortality rate, adult, female (per 1,000 female adults)",SP.DYN.AMRT.FE,63.322,59.853,60.744,57.94,61.1,62.699,57.272,56.788,56.723,55.862,53.674,50.994,50.791,48.344,45.05,43.601
Finland,FIN,"Mortality rate, adult, male (per 1,000 male adults)",SP.DYN.AMRT.MA,144.431,137.82,133.525,134.905,136.514,137.234,132.326,133.39,129.197,123.904,120.426,115.107,107.877,104.868,98.834,94.538
Finland,FIN,"Mortality rate, infant (per 1,000 live births)",SP.DYN.IMRT.IN,3.5,3.4,3.3,3.2,3.1,3,2.9,2.8,2.7,2.6,2.4,2.3,2.2,2.1,2,2
Finland,FIN,"Mortality rate, under-5 (per 1,000 live births)",SH.DYN.MORT,4.3,4.2,4.1,4,3.9,3.7,3.6,3.5,3.3,3.2,3,2.9,2.8,2.6,2.6,2.5
Finland,FIN,"Prevalence of HIV, total (% of population ages 15-49)",SH.DYN.AIDS.ZS,..,..,..,..,..,..,..,..,..,..,..,..,..,..,..,..
Finland,FIN,"Incidence of tuberculosis (per 100,000 people)",SH.TBS.INCD,12,10,9.9,8.7,7,7.4,6.1,6.5,7.2,8.7,6.6,6.7,5.5,5.6,5.3,5.6
Finland,FIN,Diabetes prevalence (% of population ages 20 to 79),SH.STA.DIAB.ZS,..,..,..,..,..,..,..,..,..,..,..,5.8,..,..,..,..
Finland,FIN,"Physicians (per 1,000 people)",SH.MED.PHYS.ZS,3.746,3.827,3.891,3.996,2.81,2.851,2.865,3.004,3.07,3.129,3.184,3.259,3.264,3.335,3.383,3.413
Finland,FIN,"Hospital beds (per 1,000 people)",SH.MED.BEDS.ZS,7.54,7.46,7.35,7.24,7.1,7.05,6.99,6.73,6.57,6.25,5.86,5.53,5.29,4.86,4.53,4.28
Finland,FIN,Current health expenditure (% of GDP),SH.XPD.CHEX.GD.ZS,7.09253168,7.25090456,7.62769508,7.9380517,8.05912876,8.28795624,8.2841177,8.08359432,8.34310627,9.16122341,9.14202785,9.22303009,9.5857954,9.80534649,9.78115082,9.64523888
Finland,FIN,Access to electricity (% of population),EG.ELC.ACCS.ZS,100,100,100,100,100,100,100,100,100,100,100,100,100,100,100,100
Finland,FIN,People using at least basic drinking water services (% of population),SH.H2O.BASW.ZS,100,100,100,100,100,100,100,100,99.9999983918014,100,99.9999976511244,99.9999991572243,100,100,100,100
Finland,FIN,People using at least basic sanitation services (% of population),SH.STA.BASS.ZS,99.4482020506084,99.4481856184533,99.4481765547326,99.4481700460466,99.4481595869354,99.4481483410373,99.4481371864477,99.4481294849787,99.4481142034914,99.4481061780891,99.448080130139,99.4480446005614,99.4480129972437,99.4479910161812,99.4479877733853,99.4479823694262
Finland,FIN,GDP per capita (current US$),NY.GDP.PCAP.CD,24335.9225082659,24965.202996776,26989.389260959,32920.0857192568,37768.1334202029,39049.8703780223,41214.0187765069,48473.0240091455,53769.4726240385,47478.3495310999,46506.2919016566,51060.3242589767,47551.6740841369,49691.0145200739,50073.7760815871,42560.3456767103
Finland,FIN,"School enrollment, secondary (% gross)",SE.SEC.ENRR,125.493049621582,128.174865722656,129.487838745117,132.235412597656,110.782669067383,111.326103210449,110.277038574219,109.042900085449,108.298301696777,107.702293395996,108.609390258789,109.248931884766,109.962677001953,145.653442382812,147.413314819336,150.819213867188
French Polynesia,PYF,"Life expectancy at birth, total (years)",SP.DYN.LE00.IN,79,79.316,79.544,79.71,79.829,79.951,80.1,80.328,80.587,80.867,81.141,81.434,81.695,81.935,82.151,82.339
French Polynesia,PYF,"Mortality rate, adult, female (per 1,000 female adults)",SP.DYN.AMRT.FE,49.052,47.119,45.796,44.859,44.107,43.268,42.231,41.035,39.708,38.314,37.092,35.637,34.478,33.471,32.611,31.875
French Polynesia,PYF,"Mortality rate, adult, male (per 1,000 male adults)",SP.DYN.AMRT.MA,80.869,78.355,76.554,75.243,74.203,73.245,72.185,70.353,68.31,66.131,63.982,61.82,59.886,58.174,56.685,55.386
French Polynesia,PYF,"Mortality rate, infant (per 1,000 live births)",SP.DYN.IMRT.IN,..,..,..,..,..,..,..,..,..,..,..,..,..,..,..,..
French Polynesia,PYF,"Mortality rate, under-5 (per 1,000 live births)",SH.DYN.MORT,..,..,..,..,..,..,..,..,..,..,..,..,..,..,..,..
French Polynesia,PYF,"Prevalence of HIV, total (% of population ages 15-49)",SH.DYN.AIDS.ZS,..,..,..,..,..,..,..,..,..,..,..,..,..,..,..,..
French Polynesia,PYF,"Incidence of tuberculosis (per 100,000 people)",SH.TBS.INCD,30,29,31,23,28,28,30,28,21,23,17,27,21,22,23,19
French Polynesia,PYF,Diabetes prevalence (% of population ages 20 to 79),SH.STA.DIAB.ZS,..,..,..,..,..,..,..,..,..,..,..,8.6,..,..,..,..
French Polynesia,PYF,"Physicians (per 1,000 people)",SH.MED.PHYS.ZS,1.697,..,..,..,..,..,..,..,..,..,..,..,..,..,..,..
French Polynesia,PYF,"Hospital beds (per 1,000 people)",SH.MED.BEDS.ZS,..,..,..,..,..,..,..,..,..,..,..,..,..,..,..,..
French Polynesia,PYF,Current health expenditure (% of GDP),SH.XPD.CHEX.GD.ZS,..,..,..,..,..,..,..,..,..,..,..,..,..,..,..,..
French Polynesia,PYF,Access to electricity (% of population),EG.ELC.ACCS.ZS,100,100,100,100,100,100,100,100,100,100,100,100,100,100,100,100
French Polynesia,PYF,People using at least basic drinking water services (% of population),SH.H2O.BASW.ZS,99.9998431747407,99.9998842480229,99.9999253213051,99.9999663945873,100,100,100,100,100,100,100,100,100,100,100,100
French Polynesia,PYF,People using at least basic sanitation services (% of population),SH.STA.BASS.ZS,98.1022511901512,98.0444159211492,97.9865806521472,97.9287453831452,97.8709101141432,97.8130748451413,97.7552395761393,97.6974043071373,97.6395690381353,97.5817337691333,97.5238985001313,97.4660632311293,97.4082279621274,97.3503926931254,97.2925574241234,97.2347221551214
French Polynesia,PYF,GDP per capita (current US$),NY.GDP.PCAP.CD,14978.324104668,14640.9360062298,16004.0583292112,19582.8936395312,21764.2203208782,21984.1936230719,22330.8676659055,24888.1781337361,26592.0262835732,24434.2197555208,22494.806706186,22831.5185348524,20846.5457478364,21955.6329264095,22258.6321384251,19166.9594761931
French Polynesia,PYF,"School enrollment, secondary (% gross)",SE.SEC.ENRR,..,..,..,..,..,..,..,..,..,..,..,..,..,..,..,..
Gabon,GAB,"Life expectancy at birth, total (years)",SP.DYN.LE00.IN,61.81,61.982,62.175,62.463,62.694,62.978,63.259,63.619,64.011,64.361,64.715,65.102,65.438,65.751,66.07,66.336
Gabon,GAB,"Mortality rate, adult, female (per 1,000 female adults)",SP.DYN.AMRT.FE,246.161,244.232,241.16,239.754,237.37,234.537,232.488,225.142,217.965,211.695,204.982,199.63,194.555,190.035,185.831,184.588
Gabon,GAB,"Mortality rate, adult, male (per 1,000 male adults)",SP.DYN.AMRT.MA,277.615,277.404,277.829,274.494,274.129,272.511,270.428,269.89,268.258,267.418,266.449,262.755,261.321,260.893,259.643,258.185
Gabon,GAB,"Mortality rate, infant (per 1,000 live births)",SP.DYN.IMRT.IN,50.8,49.5,48.3,46.9,45.6,44.4,43.3,41.8,40.7,40,38.7,37.5,36.4,35.2,34.6,33.5
Gabon,GAB,"Mortality rate, under-5 (per 1,000 live births)",SH.DYN.MORT,73.7,71.9,70.1,68.1,66,63.9,62.1,59.9,57.7,55.7,53.5,51.4,49.4,47.3,45.7,44.2
Gabon,GAB,"Prevalence of HIV, total (% of population ages 15-49)",SH.DYN.AIDS.ZS,4.7,4.8,4.8,4.7,4.7,4.6,4.6,4.5,4.4,4.4,4.3,4.2,4.1,4,4,3.9
Gabon,GAB,"Incidence of tuberculosis (per 100,000 people)",SH.TBS.INCD,515,548,574,590,596,592,576,572,567,563,559,554,550,546,541,537
Gabon,GAB,Diabetes prevalence (% of population ages 20 to 79),SH.STA.DIAB.ZS,..,..,..,..,..,..,..,..,..,..,..,10.3,..,..,..,..
Gabon,GAB,"Physicians (per 1,000 people)",SH.MED.PHYS.ZS,..,..,..,..,0.279,..,..,..,0.0968,..,..,..,..,..,..,..
Gabon,GAB,"Hospital beds (per 1,000 people)",SH.MED.BEDS.ZS,..,..,..,..,..,..,2,..,1.3,..,6.3,1.96,..,..,..,..
Gabon,GAB,Current health expenditure (% of GDP),SH.XPD.CHEX.GD.ZS,2.90124774,3.1483891,3.32413292,3.53187943,3.32979941,2.93180609,3.14270139,3.162256,2.78922606,3.83494425,2.47556901,2.55771565,2.42097569,2.84087205,2.53282261,2.65743947
Gabon,GAB,Access to electricity (% of population),EG.ELC.ACCS.ZS,73.6,77.2,77.8,78.5,79.2,81.6,80.5,81.3,82,82.7,89.3,88.7,89.3,86.4,87.1,87.3
Gabon,GAB,People using at least basic drinking water services (% of population),SH.H2O.BASW.ZS,80.4033637747278,80.810459213385,81.193484410726,81.5526951602341,81.8888053847298,82.2020562871411,82.4941038355644,82.7651412894162,83.0167243819715,83.2481423052609,83.4613514987606,83.6564952078029,83.8350006525696,83.9961533518138,84.1376398407192,84.538735535926
Gabon,GAB,People using at least basic sanitation services (% of population),SH.STA.BASS.ZS,33.9814209305903,34.9372077021017,35.903728174477,36.8809317826105,37.8687985305349,38.8672363599809,39.8763535875598,40.8960393496484,41.9263968042466,42.9671451534089,44.0184608469988,45.0801946872977,46.1524575071287,47.2348995593806,48.3267109980033,48.6194365134982
Gabon,GAB,GDP per capita (current US$),NY.GDP.PCAP.CD,3982.906200928,3835.75718279727,3966.48001864663,4710.74862768151,5465.79193590708,6547.87613955186,6847.00985685394,8003.54289696049,9688.64519690633,7290.57526093114,8356.74662013345,10219.1139339454,9296.96587941088,9197.70106323947,9201.36276648105,7047.12654634355
Gabon,GAB,"School enrollment, secondary (% gross)",SE.SEC.ENRR,..,48.6175193786621,49.4348793029785,..,..,..,..,..,..,..,..,..,..,..,..,..
Georgia,GEO,"Life expectancy at birth, total (years)",SP.DYN.LE00.IN,70.091,70.371,70.438,71.377,71.011,70.689,70.983,70.985,70.949,71.058,71.732,72.485,72.672,73.025,73.105,73.241
Georgia,GEO,"Mortality rate, adult, female (per 1,000 female adults)",SP.DYN.AMRT.FE,100.756,101.222,102.95,102.134,91.293,105.599,89.04,95.101,94.814,99.448,91.372,86.107,86.396,84.733,83.282,83.226
Georgia,GEO,"Mortality rate, adult, male (per 1,000 male adults)",SP.DYN.AMRT.MA,243.423,235.598,238.687,222.378,236.091,262.04,267.16,264.453,271.441,258.984,261.529,239.427,244.686,243.82,235.118,235.286
Georgia,GEO,"Mortality rate, infant (per 1,000 live births)",SP.DYN.IMRT.IN,29.4,27.4,25.4,23.3,21.2,19.2,17.3,15.6,14.1,12.8,11.7,10.8,10.1,9.6,9.2,8.9
Georgia,GEO,"Mortality rate, under-5 (per 1,000 live births)",SH.DYN.MORT,36.3,33.9,31.3,28.7,26,23.5,21.2,19,17.2,15.5,14.1,13,12.1,11.4,10.9,10.5
Georgia,GEO,"Prevalence of HIV, total (% of population ages 15-49)",SH.DYN.AIDS.ZS,0.1,0.1,0.1,0.1,0.1,0.1,0.1,0.1,0.1,0.1,0.1,0.1,0.1,0.2,0.2,0.2
Georgia,GEO,"Incidence of tuberculosis (per 100,000 people)",SH.TBS.INCD,254,243,228,210,192,175,161,149,140,133,127,122,119,116,106,99
Georgia,GEO,Diabetes prevalence (% of population ages 20 to 79),SH.STA.DIAB.ZS,..,..,..,..,..,..,..,..,..,..,..,2.8,..,..,..,..
Georgia,GEO,"Physicians (per 1,000 people)",SH.MED.PHYS.ZS,3.924,3.852,3.992,4.037,4.027,4.056,4.12,4.163,4.271,4.511,4.751,4.806,4.793,4.828,5.106,5.341
Georgia,GEO,"Hospital beds (per 1,000 people)",SH.MED.BEDS.ZS,4.98,4.71,4.5,4.52,4.46,4.32,4.18,3.73,3.63,3.54,3.49,3.3,2.98,3.06,3.09,3.39
Georgia,GEO,Current health expenditure (% of GDP),SH.XPD.CHEX.GD.ZS,7.194592,7.16950893,7.81474257,8.02952862,8.08910847,8.07734203,7.63208008,7.43517828,8.44424057,9.56681633,8.93945503,7.82405472,7.8538909,7.73560286,7.75487041,7.29130507
Georgia,GEO,Access to electricity (% of population),EG.ELC.ACCS.ZS,99.8,99.8,99.9,100,99.9,97.9,100,100,100,100,100,100,100,100,100,100
Georgia,GEO,People using at least basic drinking water services (% of population),SH.H2O.BASW.ZS,94.5605847174906,94.6659474636269,94.7965436624631,94.9560758035593,95.1140775809711,95.2705537144306,95.4255949594501,95.5791917774348,95.7312694490029,95.5965406981454,95.1672307839579,94.7418201145619,94.3204470689314,93.9029623149496,93.4896105267785,93.4832426680943
Georgia,GEO,People using at least basic sanitation services (% of population),SH.STA.BASS.ZS,90.0389027465062,89.6780577957034,89.335064255715,89.0203960639362,88.8200726055262,88.6256131476068,88.4371063648121,88.2545460959601,88.0778142304314,87.9068934343611,87.7419001831827,87.5826876111575,87.4293842768723,87.2816809639159,87.1398617763536,87.0037522597219
Georgia,GEO,GDP per capita (current US$),NY.GDP.PCAP.CD,749.908534993961,801.98383707929,853.526171868939,1010.03151630868,1305.04748557208,1642.78359414797,1996.02013272284,2635.36650276116,3324.7537205015,2822.68939668797,3281.72930937343,4119.66818307193,4530.69533409431,4712.00229382665,4830.33486170249,4086.6223465965
Georgia,GEO,"School enrollment, secondary (% gross)",SE.SEC.ENRR,83.4423599243164,86.5363998413086,89.9919891357422,94.034912109375,90.6913909912109,95.7935409545898,98.6351013183594,107.933776855469,110.87841796875,106.653327941895,..,..,..,107.038832287684,105.757088910744,106.764155546761
Ghana,GHA,"Life expectancy at birth, total (years)",SP.DYN.LE00.IN,58.139,58.403,58.709,59.014,59.316,59.638,59.975,60.282,60.578,60.928,61.297,61.617,61.995,62.397,62.832,63.175
Ghana,GHA,"Mortality rate, adult, female (per 1,000 female adults)",SP.DYN.AMRT.FE,271.772,270.688,268.795,266.697,264.373,262.205,259.4,256.523,253.393,249.879,245.388,241.037,236.862,232.21,226.458,223.143
Ghana,GHA,"Mortality rate, adult, male (per 1,000 male adults)",SP.DYN.AMRT.MA,307.049,306.609,305.503,304.116,302.722,299.949,297.213,295.518,294.77,292.738,291.317,291.391,289.244,286.622,283.965,281.229
Ghana,GHA,"Mortality rate, infant (per 1,000 live births)",SP.DYN.IMRT.IN,61.8,59.8,58,56.3,54.8,53.4,52.1,50.7,49.2,47.5,45.7,43.9,42.1,40.5,39.1,37.7
Ghana,GHA,"Mortality rate, under-5 (per 1,000 live births)",SH.DYN.MORT,100.2,96.1,92.1,88.5,85.2,82.2,79.3,76.3,73.1,69.9,66.5,63.3,60.2,57.4,54.8,52.5
Ghana,GHA,"Prevalence of HIV, total (% of population ages 15-49)",SH.DYN.AIDS.ZS,2.6,2.5,2.4,2.4,2.3,2.2,2.1,2.1,2,2,1.9,1.9,1.9,1.9,1.8,1.8
Ghana,GHA,"Incidence of tuberculosis (per 100,000 people)",SH.TBS.INCD,216,214,212,209,206,203,199,196,191,187,183,178,173,168,165,160
Ghana,GHA,Diabetes prevalence (% of population ages 20 to 79),SH.STA.DIAB.ZS,..,..,..,..,..,..,..,..,..,..,..,5,..,..,..,..
Ghana,GHA,"Physicians (per 1,000 people)",SH.MED.PHYS.ZS,..,..,0.09,..,0.148,..,..,0.07,0.076,0.082,0.091,0.095,0.093,0.099,0.107,0.113
Ghana,GHA,"Hospital beds (per 1,000 people)",SH.MED.BEDS.ZS,..,..,..,..,..,0.9,..,..,..,0.9,0.7,0.68,0.71,0.72,0.71,0.69
Ghana,GHA,Current health expenditure (% of GDP),SH.XPD.CHEX.GD.ZS,1.7894485,2.00262952,2.0873971,2.29618859,2.5311327,3.50288439,3.92255616,3.96242404,3.95173097,4.40091085,4.73425055,4.4685564,3.91583276,4.59225416,4.01644135,4.5429678
Ghana,GHA,Access to electricity (% of population),EG.ELC.ACCS.ZS,43.7,44.8,46.8,48.3,50.8,41.3,55.1,56.9,60.5,61.1,64.2,64.1,56.5,70.7,78.3,74
Ghana,GHA,People using at least basic drinking water services (% of population),SH.H2O.BASW.ZS,65.2185051906446,66.077473278295,67.1320851143851,68.1879036642875,69.2452756848698,70.3033002782999,71.3628223620326,72.4236848411952,73.4859835460909,74.549083165466,75.6140589422072,76.6802747180995,77.7475923856427,78.8156065108159,79.8844304386383,80.9541538675411
Ghana,GHA,People using at least basic sanitation services (% of population),SH.STA.BASS.ZS,6.24573244330994,6.34852886366336,7.23251503810142,8.13639297693297,9.05994534742738,10.0024406425603,10.9638541974486,11.9437515914647,12.9418000356966,13.9573276526153,14.9904419527654,16.0404640405783,17.1069348843732,18.1892648687887,19.2871057808726,20.40010793503
Ghana,GHA,GDP per capita (current US$),NY.GDP.PCAP.CD,253.746936203344,263.542156494853,297.46164468774,358.39927142073,406.132105329565,478.611909191028,906.441027564887,1050.12461524926,1182.65761256016,1047.70430093586,1263.89251760539,1507.43573198753,1543.77524235764,2294.79584693743,1949.90832923846,1722.77282833606
Ghana,GHA,"School enrollment, secondary (% gross)",SE.SEC.ENRR,32.5775909423828,30.9433898925781,32.267578125,33.6547889709473,36.1445503234863,38.1276893615723,39.8474884033203,43.759521484375,46.0595817565918,47.9277191162109,..,55.6069297790527,56.7326017795109,68.1991424560547,63.974569978053,67.0486566518056
Greece,GRC,"Life expectancy at birth, total (years)",SP.DYN.LE00.IN,77.8878048780488,78.3878048780488,78.6414634146341,78.8414634146341,79.0390243902439,79.2390243902439,79.4390243902439,79.4390243902439,79.9390243902439,80.1878048780488,80.3878048780488,80.7317073170732,80.6341463414634,81.2853658536585,81.3853658536585,81.0365853658537
Greece,GRC,"Mortality rate, adult, female (per 1,000 female adults)",SP.DYN.AMRT.FE,49.202,47.038,46.809,47.114,45.611,43.846,43.798,44.295,42.254,40.606,40.52,39.592,40.792,37.997,37.726,39.147
Greece,GRC,"Mortality rate, adult, male (per 1,000 male adults)",SP.DYN.AMRT.MA,113.182,109.544,109.429,109.925,108.888,107.864,106.644,107.952,104.138,103.35,99.912,100.297,101.425,95.345,94.151,96.076
Greece,GRC,"Mortality rate, infant (per 1,000 live births)",SP.DYN.IMRT.IN,5.5,5.1,4.8,4.4,4.1,3.9,3.7,3.5,3.4,3.3,3.3,3.4,3.4,3.5,3.6,3.6
Greece,GRC,"Mortality rate, under-5 (per 1,000 live births)",SH.DYN.MORT,6.4,6,5.6,5.2,4.9,4.6,4.3,4.1,4,4,3.9,4,4,4.1,4.2,4.3
Greece,GRC,"Prevalence of HIV, total (% of population ages 15-49)",SH.DYN.AIDS.ZS,0.1,0.1,0.1,0.1,0.1,0.1,0.1,0.1,0.1,0.1,0.2,0.2,0.2,0.2,0.2,0.2
Greece,GRC,"Incidence of tuberculosis (per 100,000 people)",SH.TBS.INCD,7.5,5.3,6,6.3,7.7,7.3,6.5,6.4,6.1,5.6,4.6,4.7,5.4,5.2,5.1,4.7
Greece,GRC,Diabetes prevalence (% of population ages 20 to 79),SH.STA.DIAB.ZS,..,..,..,..,..,..,..,..,..,..,..,5.1,..,..,..,..
Greece,GRC,"Physicians (per 1,000 people)",SH.MED.PHYS.ZS,4.281,4.33,4.537,4.701,4.853,4.999,5.366,5.609,5.711,5.819,5.803,5.829,5.823,5.84,5.883,5.91
Greece,GRC,"Hospital beds (per 1,000 people)",SH.MED.BEDS.ZS,4.67,4.72,4.67,4.66,4.67,4.72,4.84,4.86,4.85,4.95,4.52,4.52,4.48,4.26,4.25,4.25
Greece,GRC,Current health expenditure (% of GDP),SH.XPD.CHEX.GD.ZS,7.24332571,7.9878397,8.23377991,8.44915581,8.0939045,8.56466961,8.25866985,8.39808273,8.82774162,9.40688515,9.59662342,9.19330311,8.92415524,8.43796444,7.8914113,8.22004509
Greece,GRC,Access to electricity (% of population),EG.ELC.ACCS.ZS,100,100,100,100,100,100,100,100,100,100,100,100,100,100,100,100
Greece,GRC,People using at least basic drinking water services (% of population),SH.H2O.BASW.ZS,99.6861596905295,99.7101432587558,99.7354150952436,99.7601415270882,99.7843401756136,99.8079995319955,99.8311253123155,99.8537526174417,99.8758574689139,99.8974649560399,99.9185714433922,99.9392043352044,99.9593510144483,99.9790200917084,99.9982288014899,100
Greece,GRC,People using at least basic sanitation services (% of population),SH.STA.BASS.ZS,97.6134232996222,97.7086033243424,97.8093990059591,97.9087391005026,98.0066986619713,98.1032083598522,98.198309877435,98.2920701704764,98.3844748138243,98.4755235908583,98.5652450170129,98.6536938373516,98.7408813666546,98.8267962356801,98.9114681365644,98.975972782026
Greece,GRC,GDP per capita (current US$),NY.GDP.PCAP.CD,11638.2010697215,12156.9572824221,13782.195640943,18020.612039764,21449.2552764245,22054.1315756886,24416.0232970275,28440.7625328955,31695.8331092209,29425.4573200263,26653.0488008626,25504.7866510124,21624.346052551,21573.3449762805,21474.7257123892,17980.7298238137
Greece,GRC,"School enrollment, secondary (% gross)",SE.SEC.ENRR,97.0996704101562,102.047653198242,98.1837997436523,94.3411178588867,92.8870162963867,96.8381423950195,96.8165969848633,95.9788131713867,..,..,107.819053649902,105.956047058105,106.290550231934,107.414306640625,103.468589782715,103.377700805664
Grenada,GRD,"Life expectancy at birth, total (years)",SP.DYN.LE00.IN,72.955,73.034,73.142,73.291,72.447,73.7,73.93,74.159,74.374,74.567,74.731,74.861,74.961,75.022,75.045,75.037
Grenada,GRD,"Mortality rate, adult, female (per 1,000 female adults)",SP.DYN.AMRT.FE,124.199,124.032,124.007,123.959,137.632,123.663,123.382,122.885,122.012,120.708,119.139,117.477,115.844,114.311,112.931,111.734
Grenada,GRD,"Mortality rate, adult, male (per 1,000 male adults)",SP.DYN.AMRT.MA,202.066,201.556,200.678,199.048,201.01,193.742,190.587,187.39,184.34,181.57,179.095,176.888,174.89,173.013,171.192,169.461
Grenada,GRD,"Mortality rate, infant (per 1,000 live births)",SP.DYN.IMRT.IN,13.3,13.1,13,12.9,12.9,13,13,13.2,13.3,13.6,13.9,14.2,14.6,15,15.4,15.8
Grenada,GRD,"Mortality rate, under-5 (per 1,000 live births)",SH.DYN.MORT,15.5,15.2,15,14.9,14.9,14.8,14.9,15,15.1,15.4,15.7,16,16.4,16.8,17.2,17.5
Grenada,GRD,"Prevalence of HIV, total (% of population ages 15-49)",SH.DYN.AIDS.ZS,..,..,..,..,..,..,..,..,..,..,..,..,..,..,..,..
Grenada,GRD,"Incidence of tuberculosis (per 100,000 people)",SH.TBS.INCD,0,0.55,1.1,2.2,2.2,1.7,1.1,3.3,5.5,5.4,4.3,2.2,1.1,0.54,0,5.2
Grenada,GRD,Diabetes prevalence (% of population ages 20 to 79),SH.STA.DIAB.ZS,12.1,..,..,..,..,..,..,..,..,..,..,8.6,..,..,..,..
Grenada,GRD,"Physicians (per 1,000 people)",SH.MED.PHYS.ZS,0.54,0.538,0.536,0.534,..,..,0.622,..,..,..,..,..,..,..,..,..
Grenada,GRD,"Hospital beds (per 1,000 people)",SH.MED.BEDS.ZS,6.2,..,6.9,5.6999998093,..,4.1,..,2.6,2.6,2.4,..,3.29,3.26,3.45,3.42,3.4
Grenada,GRD,Current health expenditure (% of GDP),SH.XPD.CHEX.GD.ZS,5.35886383,5.62456989,6.17569733,5.28485727,5.36568451,5.14460278,5.11352158,5.23867893,5.386199,5.43471003,5.4188118,5.80423355,5.82235765,5.62652922,4.77353573,4.64675617
Grenada,GRD,Access to electricity (% of population),EG.ELC.ACCS.ZS,86,86.3,86.6,86.9,87.2,87.5,87.9,88.2,90,89,89.4,88.8,90.2,90.6,91,91.4
Grenada,GRD,People using at least basic drinking water services (% of population),SH.H2O.BASW.ZS,93.3076378093218,93.5399527788903,93.7722677484587,94.0045827180272,94.2368976875956,94.4692126571641,94.7015276267326,94.9338425963011,95.1661575658695,95.398472535438,95.6307875050065,95.8631024745749,95.9713888869245,95.6286504435547,95.6286504435547,95.6286504435547
Grenada,GRD,People using at least basic sanitation services (% of population),SH.STA.BASS.ZS,89.7301145671362,90.0249359067911,90.3155499931388,90.6019568261797,90.8841564059136,91.1621487323408,91.4359338054609,91.7055116252743,91.9708821917809,92.2320455049805,92.4890015648732,92.1572984211554,91.8255952774375,91.4938921337197,91.4938921337197,91.4938921337197
Grenada,GRD,GDP per capita (current US$),NY.GDP.PCAP.CD,4839.82811114248,4819.50776653843,4984.47405931447,5427.96377252312,5480.26117644588,6338.56011405358,6344.0383771432,6864.54816771858,7448.2040563865,6932.56472176781,6909.60169568597,6947.38136096464,7092.71985352677,7424.80212287327,7986.33421210788,8694.12438005692
Grenada,GRD,"School enrollment, secondary (% gross)",SE.SEC.ENRR,..,..,110.115692138672,114.018257141113,107.162467956543,101.858772277832,..,116.305992126465,116.674461364746,107.998832702637,117.012619018555,108.343828715365,..,106.78381256656,106.993851559069,105.402661854275
Guatemala,GTM,"Life expectancy at birth, total (years)",SP.DYN.LE00.IN,67.102,67.436,67.835,68.204,68.245,68.167,68.79,69.299,69.493,69.676,69.885,70.321,70.722,70.878,70.942,70.915
Guatemala,GTM,"Mortality rate, adult, female (per 1,000 female adults)",SP.DYN.AMRT.FE,162.157,159.453,153.664,151.804,151.921,154.398,146.72,140.512,138.981,138.156,138.674,135.158,132.219,131.542,131.815,133.993
Guatemala,GTM,"Mortality rate, adult, male (per 1,000 male adults)",SP.DYN.AMRT.MA,275.05,272.188,270.744,266.045,270.669,269.133,264.067,255.632,254.434,252.58,248.202,238.408,230.212,226.569,227.276,228.834
Guatemala,GTM,"Mortality rate, infant (per 1,000 live births)",SP.DYN.IMRT.IN,40.8,39.3,37.9,36.6,35.3,34,32.8,31.6,30.4,29.3,28.2,27.1,26.1,25.1,24.1,23.3
Guatemala,GTM,"Mortality rate, under-5 (per 1,000 live births)",SH.DYN.MORT,52.1,50,48,46.1,44.3,42.6,41,39.3,37.8,36.2,34.8,33.3,32,30.7,29.4,28.3
Guatemala,GTM,"Prevalence of HIV, total (% of population ages 15-49)",SH.DYN.AIDS.ZS,0.4,0.4,0.4,0.4,0.4,0.4,0.4,0.3,0.3,0.3,0.3,0.3,0.3,0.3,0.3,0.3
Guatemala,GTM,"Incidence of tuberculosis (per 100,000 people)",SH.TBS.INCD,31,25,30,26,32,36,34,29,29,25,28,25,28,27,25,26
Guatemala,GTM,Diabetes prevalence (% of population ages 20 to 79),SH.STA.DIAB.ZS,..,..,..,..,..,..,..,..,..,..,..,9.3,..,..,..,..
Guatemala,GTM,"Physicians (per 1,000 people)",SH.MED.PHYS.ZS,..,..,..,..,..,..,..,..,..,0.908,..,..,..,..,..,..
Guatemala,GTM,"Hospital beds (per 1,000 people)",SH.MED.BEDS.ZS,..,..,0.5,..,..,0.7,..,0.7,0.6,0.6,0.6,0.65,0.62,..,0.62,0.59
Guatemala,GTM,Current health expenditure (% of GDP),SH.XPD.CHEX.GD.ZS,5.39686108,6.07023716,6.01301289,6.15306854,6.26182795,6.14826393,6.36362219,6.1918335,6.08129978,6.33938646,6.1247797,5.96306896,6.07316971,5.77188921,5.8885684,6.00602007
Guatemala,GTM,Access to electricity (% of population),EG.ELC.ACCS.ZS,73.3,73.7,78.7,78.5,77.2,78.3,83.7,80.7,81.9,83.1,84.3,84,86.8,88.1,85.5,90.5
Guatemala,GTM,People using at least basic drinking water services (% of population),SH.H2O.BASW.ZS,86.5006228387363,86.8961188585213,87.2885097183164,87.6741113379212,88.0545163490873,88.4318670319565,88.8063187940228,89.1780157814673,89.5469500271936,89.9127474635353,90.2759187313067,90.6361024938239,90.9935414116309,91.3494094544696,91.7035730175933,92.0560918129617
Guatemala,GTM,People using at least basic sanitation services (% of population),SH.STA.BASS.ZS,61.3329226025355,61.792799902744,62.2420520844094,62.6726093910832,63.087911479412,63.4927461634437,63.8875426515304,64.2727133800628,64.6483401320503,65.0136346879552,65.3698828920577,65.7163109070177,66.0535930085137,66.3848057892788,66.7098797562999,67.0292722902046
Guatemala,GTM,GDP per capita (current US$),NY.GDP.PCAP.CD,1648.96578971559,1537.68663578252,1669.33517469705,1722.54701910774,1840.91184884,2046.46611650758,2225.1234753878,2458.81573919384,2763.05988172926,2611.64632773352,2805.25960237322,3168.98370607705,3286.61959336267,3444.15971264862,3689.14471813777,3893.50522093509
Guatemala,GTM,"School enrollment, secondary (% gross)",SE.SEC.ENRR,30.9806594848633,32.8574981689453,35.5038414001465,..,38.6178703308105,40.5942687988281,42.4339714050293,44.2429885864258,45.231330871582,48.2657203674316,52.1883200232994,52.7689609562719,53.1178493302463,53.323315834897,52.9668023678254,54.8864188204824
Guinea-Bissau,GNB,"Life expectancy at birth, total (years)",SP.DYN.LE00.IN,50.565,51.054,51.608,52.186,52.8,52.949,54.089,54.87,55.3,56.297,56.999,57.663,58.27,58.879,59.476,60.071
Guinea-Bissau,GNB,"Mortality rate, adult, female (per 1,000 female adults)",SP.DYN.AMRT.FE,323.466,322.066,320.088,317.313,313.795,317.435,304.716,298.987,297.363,286.839,279.769,273.315,267.322,260.541,253.231,246.011
Guinea-Bissau,GNB,"Mortality rate, adult, male (per 1,000 male adults)",SP.DYN.AMRT.MA,409.475,406.773,401.748,397.004,391.491,392.805,380.666,370.412,367.904,356.536,349.859,343.708,338.516,332.463,326.556,319.76
Guinea-Bissau,GNB,"Mortality rate, infant (per 1,000 live births)",SP.DYN.IMRT.IN,100.3,97.5,94.5,91.5,88.3,85,81.5,78,74.5,71.1,67.8,64.6,61.8,59.4,57.2,55.3
Guinea-Bissau,GNB,"Mortality rate, under-5 (per 1,000 live births)",SH.DYN.MORT,173.8,168.4,162.8,157,151.1,144.9,138.6,132.2,126.1,120,114.2,108.7,103.7,99.3,95.3,91.8
Guinea-Bissau,GNB,"Prevalence of HIV, total (% of population ages 15-49)",SH.DYN.AIDS.ZS,3.8,4.2,4.4,4.5,4.5,4.4,4.4,4.3,4.2,4.1,4,3.8,3.7,3.6,3.4,3.3
Guinea-Bissau,GNB,"Incidence of tuberculosis (per 100,000 people)",SH.TBS.INCD,305,317,330,342,353,361,361,361,361,361,361,361,361,361,361,361
Guinea-Bissau,GNB,Diabetes prevalence (% of population ages 20 to 79),SH.STA.DIAB.ZS,..,..,..,..,..,..,..,..,..,..,..,3,..,..,..,..
Guinea-Bissau,GNB,"Physicians (per 1,000 people)",SH.MED.PHYS.ZS,..,..,..,..,0.14,..,..,..,0.052,0.081,..,0.062,..,..,..,0.198
Guinea-Bissau,GNB,"Hospital beds (per 1,000 people)",SH.MED.BEDS.ZS,..,..,..,..,..,..,..,0.7,..,1,..,..,..,..,..,..
Guinea-Bissau,GNB,Current health expenditure (% of GDP),SH.XPD.CHEX.GD.ZS,4.18953228,4.53104782,3.96902514,3.53315258,4.27734661,4.5516243,5.0809288,5.03941393,5.45864058,4.73428679,5.26704073,6.21634817,5.94134808,7.03943443,9.96897411,8.13228226
Guinea-Bissau,GNB,Access to electricity (% of population),EG.ELC.ACCS.ZS,..,..,1.3,2.6,3.9,5.2,14.5,7.9,9.3,4.7,6,13.5,14.9,16.3,17.2,20.1
Guinea-Bissau,GNB,People using at least basic drinking water services (% of population),SH.H2O.BASW.ZS,55.2996278316054,55.7564928906696,56.1987271244441,56.6256018688684,57.0374152862445,57.4334953214658,57.8147597912603,58.1805414529441,58.5311084260917,58.8658390354651,59.1858600366544,59.490527194592,59.7800704192315,60.0541625940776,60.3130027729524,60.5565366633757
Guinea-Bissau,GNB,People using at least basic sanitation services (% of population),SH.STA.BASS.ZS,4.16112693122669,4.64521105092543,5.13883109844991,5.64179288235145,6.54981932752754,7.66562389299126,8.79675509070874,9.94309395424926,11.1050118138525,12.2823572765206,13.4760634593862,14.6859905747985,15.9125580822648,17.1557987744749,18.4161430412753,19.6938380286064
Guinea-Bissau,GNB,GDP per capita (current US$),NY.GDP.PCAP.CD,316.945495037639,327.138431972397,362.034574570354,419.78486611807,431.376557669634,463.073962650452,448.513075469701,519.069789794741,640.210331101753,583.190020139094,600.194298540768,719.539573498937,635.461653303881,654.304534409417,652.022501029449,645.066837207039
Guinea-Bissau,GNB,"School enrollment, secondary (% gross)",SE.SEC.ENRR,17.9289207458496,..,..,..,..,32.1273002624512,34.3966407775879,..,..,..,..,..,..,..,..,..
"Gambia, The",GMB,"Life expectancy at birth, total (years)",SP.DYN.LE00.IN,56.899,57.283,57.736,58.223,58.749,59.11,59.667,60.001,60.473,60.735,61.167,61.561,61.9,62.252,62.576,62.971
"Gambia, The",GMB,"Mortality rate, adult, female (per 1,000 female adults)",SP.DYN.AMRT.FE,262.532,262.522,261.604,259.6,256.452,255.501,251.829,252.62,250.27,249.394,246.619,243.853,241.437,238.769,235.918,231.595
"Gambia, The",GMB,"Mortality rate, adult, male (per 1,000 male adults)",SP.DYN.AMRT.MA,329.995,326.812,321.736,316.36,310.46,307.637,300.953,296.969,291.042,289.97,285.228,281.536,278.915,275.823,273.508,270.232
"Gambia, The",GMB,"Mortality rate, infant (per 1,000 live births)",SP.DYN.IMRT.IN,73.2,70.8,68.4,66.1,63.8,61.6,59.4,57.3,55.4,53.5,51.7,50,48.4,46.8,45.2,43.8
"Gambia, The",GMB,"Mortality rate, under-5 (per 1,000 live births)",SH.DYN.MORT,113.1,108.5,103.9,99.5,95.2,91.1,87.1,83.3,79.8,76.4,73.1,70.1,67.3,64.5,61.8,59.3
"Gambia, The",GMB,"Prevalence of HIV, total (% of population ages 15-49)",SH.DYN.AIDS.ZS,1.6,1.7,1.8,1.9,1.9,2,2,2,2,2,2,2,2,1.9,1.9,1.9
"Gambia, The",GMB,"Incidence of tuberculosis (per 100,000 people)",SH.TBS.INCD,187,189,190,191,191,190,188,186,183,180,179,178,177,176,175,173
"Gambia, The",GMB,Diabetes prevalence (% of population ages 20 to 79),SH.STA.DIAB.ZS,..,..,..,..,..,..,..,..,..,..,..,2,..,..,..,..
"Gambia, The",GMB,"Physicians (per 1,000 people)",SH.MED.PHYS.ZS,..,..,..,0.1,0.103,0.1,0.102,0.09,0.096,..,..,..,..,..,..,0.095
"Gambia, The",GMB,"Hospital beds (per 1,000 people)",SH.MED.BEDS.ZS,..,..,..,..,..,0.8,..,..,..,1.1,..,1.1,..,..,1.04,1.01
"Gambia, The",GMB,Current health expenditure (% of GDP),SH.XPD.CHEX.GD.ZS,10.78532791,8.29925728,6.2326026,5.29709053,5.42000151,5.386024,5.43720818,4.95501947,4.65938759,4.46430635,4.11944056,4.36967373,4.26872253,3.91374874,3.05234575,3.1761291
"Gambia, The",GMB,Access to electricity (% of population),EG.ELC.ACCS.ZS,34.3,29.9,31.5,27.8,34.8,30.5,38.1,39.8,41.5,43.2,46.8,48.3,49.9,51.5,53,54.7
"Gambia, The",GMB,People using at least basic drinking water services (% of population),SH.H2O.BASW.ZS,72.1075908501495,72.7780951889904,73.4462244651666,74.1049967166856,74.7354569707352,75.3638472217929,75.9901487166188,76.6143432809498,77.2365923531236,77.8561721373253,78.4736042784807,79.0885274433353,79.701282058038,80.3110194685297,80.9175927499699,81.5208646385111
"Gambia, The",GMB,People using at least basic sanitation services (% of population),SH.STA.BASS.ZS,51.0627051437066,49.9139762488768,48.7879531144786,47.7243145471678,46.6954259623673,46.5783414060291,46.4862599534796,46.4185278485547,46.3744961350565,46.3534895570565,46.3547751187486,46.3775404309418,46.4212039686368,46.4844349819106,46.5660269049022,46.6646753535046
"Gambia, The",GMB,GDP per capita (current US$),NY.GDP.PCAP.CD,538.054072348854,459.803068381399,376.531026962584,308.719123437587,593.285346326581,616.483657865348,614.544307904464,724.726407242432,859.127671411226,774.888030908091,801.033372714536,710.608411468152,692.579361628102,653.862713272743,568.00453558864,619.536364296461
"Gambia, The",GMB,"School enrollment, secondary (% gross)",SE.SEC.ENRR,..,..,..,..,..,..,..,..,45.2912902832031,46.214469909668,45.5351409912109,..,..,..,..,..
Germany,DEU,"Life expectancy at birth, total (years)",SP.DYN.LE00.IN,77.9268292682927,78.3292682926829,78.2292682926829,78.3804878048781,78.6804878048781,78.9317073170732,79.1317073170732,79.5341463414634,79.7365853658537,79.8365853658537,79.9878048780488,80.4365853658537,80.5390243902439,80.490243902439,81.090243902439,80.6414634146341
Germany,DEU,"Mortality rate, adult, female (per 1,000 female adults)",SP.DYN.AMRT.FE,63.354,62.08,61.736,60.737,58.657,57.71,56.008,55.294,54.726,54.228,53.275,52.91,51.099,51.743,49.597,50.173
Germany,DEU,"Mortality rate, adult, male (per 1,000 male adults)",SP.DYN.AMRT.MA,125.456,121.87,120.763,119.369,113.98,111.806,108.484,106.198,104.309,103.586,101.933,98.648,95.548,94.684,91.119,92.451
Germany,DEU,"Mortality rate, infant (per 1,000 live births)",SP.DYN.IMRT.IN,4.4,4.3,4.2,4.1,4,3.9,3.8,3.7,3.6,3.5,3.5,3.4,3.4,3.3,3.3,3.3
Germany,DEU,"Mortality rate, under-5 (per 1,000 live births)",SH.DYN.MORT,5.4,5.2,5.1,5,4.8,4.7,4.6,4.5,4.4,4.3,4.2,4.1,4,4,4,3.9
Germany,DEU,"Prevalence of HIV, total (% of population ages 15-49)",SH.DYN.AIDS.ZS,..,..,..,..,..,..,..,..,..,..,0.1,0.1,0.1,0.1,0.1,0.1
Germany,DEU,"Incidence of tuberculosis (per 100,000 people)",SH.TBS.INCD,12,9.3,9.3,9.4,8.3,7.6,6.9,6.3,5.6,5.7,5.5,5.5,5.5,5.7,5.9,7.6
Germany,DEU,Diabetes prevalence (% of population ages 20 to 79),SH.STA.DIAB.ZS,..,..,..,..,..,..,..,..,..,..,..,5.3,..,..,..,..
Germany,DEU,"Physicians (per 1,000 people)",SH.MED.PHYS.ZS,3.272,3.327,3.364,3.401,3.426,3.448,3.487,3.533,3.58,3.648,3.734,3.822,3.892,3.984,4.064,4.12
Germany,DEU,"Hospital beds (per 1,000 people)",SH.MED.BEDS.ZS,9.19,9.1,8.99,8.87,8.71,8.6,8.42,8.35,8.3,8.3,8.29,8.26,8.22,8.17,8.14,8.09
Germany,DEU,Current health expenditure (% of GDP),SH.XPD.CHEX.GD.ZS,9.88843536,9.92069149,10.18365669,10.40202236,10.14603233,10.31153965,10.17995167,10.05132961,10.25128746,11.23791218,11.09592915,10.77844906,10.85345554,10.99905777,11.02588272,11.19027996
Germany,DEU,Access to electricity (% of population),EG.ELC.ACCS.ZS,100,100,100,100,100,100,100,100,100,100,100,100,100,100,100,100
Germany,DEU,People using at least basic drinking water services (% of population),SH.H2O.BASW.ZS,100,100,99.9999985035625,100,99.9999986156687,100,100,100,99.99999811463,100,99.9999998078699,99.999998714282,99.9999993293627,99.999998584425,100,99.9999983056289
Germany,DEU,People using at least basic sanitation services (% of population),SH.STA.BASS.ZS,99.218111254305,99.2187292957731,99.2193428611343,99.2199574833481,99.2205648970116,99.2211750434826,99.2217747465554,99.2223735826062,99.2229659771362,99.2235618579048,99.2241473321448,99.2247315605617,99.2247623529587,99.2247917702079,99.2248247708943,99.2248518459625
Germany,DEU,GDP per capita (current US$),NY.GDP.PCAP.CD,23925.8559901991,23878.3641471651,25486.5942008748,30711.1022511331,34566.7359143735,35084.4363546269,36980.3349948954,42350.9217211489,46386.3295924799,42487.2137101496,42409.9356994694,47646.582043143,44735.5882319701,47220.0102098851,48971.0824722599,41911.0109851054
Germany,DEU,"School enrollment, secondary (% gross)",SE.SEC.ENRR,99.1294326782227,99.554801940918,100.853607177734,101.226783752441,101.377777099609,101.436492919922,102.486396789551,102.009773254395,103.240730285645,103.314292907715,104.891357421875,105.34651184082,104.442237854004,103.935333251953,103.303871154785,102.192413330078
Gibraltar,GIB,"Life expectancy at birth, total (years)",SP.DYN.LE00.IN,80.145,80.419,80.59,80.713,80.856,80.991,81.103,81.269,81.541,81.807,82.08,82.333,82.527,82.586,82.644,82.668
Gibraltar,GIB,"Mortality rate, adult, female (per 1,000 female adults)",SP.DYN.AMRT.FE,58.558,56.425,54.969,53.464,51.822,50.222,48.616,46.697,44.855,43.133,41.604,40.376,39.444,38.864,38.494,38.257
Gibraltar,GIB,"Mortality rate, adult, male (per 1,000 male adults)",SP.DYN.AMRT.MA,82.968,81.639,81.021,81.028,80.907,80.856,81.148,81.135,79.603,78.103,76.38,74.606,73.255,73.151,72.793,72.69
Gibraltar,GIB,"Mortality rate, infant (per 1,000 live births)",SP.DYN.IMRT.IN,..,..,..,..,..,..,..,..,..,..,..,..,..,..,..,..
Gibraltar,GIB,"Mortality rate, under-5 (per 1,000 live births)",SH.DYN.MORT,..,..,..,..,..,..,..,..,..,..,..,..,..,..,..,..
Gibraltar,GIB,"Prevalence of HIV, total (% of population ages 15-49)",SH.DYN.AIDS.ZS,..,..,..,..,..,..,..,..,..,..,..,..,..,..,..,..
Gibraltar,GIB,"Incidence of tuberculosis (per 100,000 people)",SH.TBS.INCD,..,..,..,..,..,..,..,..,..,..,..,..,..,..,..,..
Gibraltar,GIB,Diabetes prevalence (% of population ages 20 to 79),SH.STA.DIAB.ZS,..,..,..,..,..,..,..,..,..,..,..,..,..,..,..,..
Gibraltar,GIB,"Physicians (per 1,000 people)",SH.MED.PHYS.ZS,..,..,..,..,..,..,..,..,..,..,..,..,..,..,..,..
Gibraltar,GIB,"Hospital beds (per 1,000 people)",SH.MED.BEDS.ZS,..,..,..,..,..,..,..,..,..,..,..,..,..,..,..,..
Gibraltar,GIB,Current health expenditure (% of GDP),SH.XPD.CHEX.GD.ZS,..,..,..,..,..,..,..,..,..,..,..,..,..,..,..,..
Gibraltar,GIB,Access to electricity (% of population),EG.ELC.ACCS.ZS,99.9,99.9,99.8,99.8,99.7,99.7,99.7,99.7,99.7,100,100,99.8,99.9,99.9,99.9,100
Gibraltar,GIB,People using at least basic drinking water services (% of population),SH.H2O.BASW.ZS,100,100,100,100,100,100,100,100,100,100,100,100,100,100,100,100
Gibraltar,GIB,People using at least basic sanitation services (% of population),SH.STA.BASS.ZS,100,100,100,100,100,100,100,100,100,100,100,100,100,100,100,100
Gibraltar,GIB,GDP per capita (current US$),NY.GDP.PCAP.CD,..,..,..,..,..,..,..,..,..,..,..,..,..,..,..,..
Gibraltar,GIB,"School enrollment, secondary (% gross)",SE.SEC.ENRR,106.05623626709,111.270637512207,..,..,..,..,..,..,111.749000549316,109.73509979248,..,..,..,..,..,..
Greenland,GRL,"Life expectancy at birth, total (years)",SP.DYN.LE00.IN,66.0990243902439,66.1965853658537,66.6117073170732,67.1817073170732,67.7263414634146,68.2351219512195,68.6165853658537,69.0482926829268,69.37,69.779512195122,70.0807317073171,70.2648780487805,70.5463414634146,70.8385365853659,71.0609756097561,71.4790243902439
Greenland,GRL,"Mortality rate, adult, female (per 1,000 female adults)",SP.DYN.AMRT.FE,205.081,197.978,190.74,182.441,181.67,180.643,176.572,176.626,176.401,174.524,171.993,168.495,164.448,160.704,157.795,155.247
Greenland,GRL,"Mortality rate, adult, male (per 1,000 male adults)",SP.DYN.AMRT.MA,289.164,279.22,266.413,258.109,263.007,259.134,253.187,248.625,247.995,251.244,251.905,246.082,233.863,224.5,218.949,216.885
Greenland,GRL,"Mortality rate, infant (per 1,000 live births)",SP.DYN.IMRT.IN,..,..,..,..,..,..,..,..,..,..,..,..,..,..,..,..
Greenland,GRL,"Mortality rate, under-5 (per 1,000 live births)",SH.DYN.MORT,..,..,..,..,..,..,..,..,..,..,..,..,..,..,..,..
Greenland,GRL,"Prevalence of HIV, total (% of population ages 15-49)",SH.DYN.AIDS.ZS,..,..,..,..,..,..,..,..,..,..,..,..,..,..,..,..
Greenland,GRL,"Incidence of tuberculosis (per 100,000 people)",SH.TBS.INCD,133,137,142,147,151,156,160,164,168,128,232,233,170,195,178,166
Greenland,GRL,Diabetes prevalence (% of population ages 20 to 79),SH.STA.DIAB.ZS,..,..,..,..,..,..,..,..,..,..,..,..,..,..,..,..
Greenland,GRL,"Physicians (per 1,000 people)",SH.MED.PHYS.ZS,..,..,..,..,..,..,..,..,..,..,..,..,..,..,..,..
Greenland,GRL,"Hospital beds (per 1,000 people)",SH.MED.BEDS.ZS,..,..,..,..,..,..,..,..,..,..,..,..,..,..,..,..
Greenland,GRL,Current health expenditure (% of GDP),SH.XPD.CHEX.GD.ZS,..,..,..,..,..,..,..,..,..,..,..,..,..,..,..,..
Greenland,GRL,Access to electricity (% of population),EG.ELC.ACCS.ZS,100,100,100,100,100,100,100,100,100,100,100,100,100,100,100,100
Greenland,GRL,People using at least basic drinking water services (% of population),SH.H2O.BASW.ZS,100,100,100,100,100,100,100,100,100,100,100,100,100,100,100,100
Greenland,GRL,People using at least basic sanitation services (% of population),SH.STA.BASS.ZS,..,..,..,..,..,..,..,..,..,..,..,..,..,..,62.5,62.5
Greenland,GRL,GDP per capita (current US$),NY.GDP.PCAP.CD,19009.0774407515,19265.5191468738,20657.9506323097,27466.6494525504,32030.9987915109,32489.7277309899,35457.6297578214,39780.9441368721,44366.7858688175,44918.8413832155,44277.1993400972,47186.8759969388,45936.9562817724,47535.4883792376,50485.2244135291,44536.3549705377
Greenland,GRL,"School enrollment, secondary (% gross)",SE.SEC.ENRR,..,..,..,..,..,..,..,..,..,..,..,..,..,..,..,..
Guam,GUM,"Life expectancy at birth, total (years)",SP.DYN.LE00.IN,74.894,75.195,75.506,75.885,76.114,76.427,76.477,76.397,76.233,76.141,76.095,76.153,76.237,76.361,76.423,76.444
Guam,GUM,"Mortality rate, adult, female (per 1,000 female adults)",SP.DYN.AMRT.FE,102.209,95.838,90.594,85.642,82.746,80.256,79.354,81.05,85.608,91.377,95.942,99.33,101.514,102.601,103.19,104.733
Guam,GUM,"Mortality rate, adult, male (per 1,000 male adults)",SP.DYN.AMRT.MA,189.498,183.598,176.617,168.909,162.58,158.294,158.246,162.96,171.462,180.986,189.86,196.396,200.601,202.408,203.709,205.802
Guam,GUM,"Mortality rate, infant (per 1,000 live births)",SP.DYN.IMRT.IN,..,..,..,..,..,..,..,..,..,..,..,..,..,..,..,..
Guam,GUM,"Mortality rate, under-5 (per 1,000 live births)",SH.DYN.MORT,..,..,..,..,..,..,..,..,..,..,..,..,..,..,..,..
Guam,GUM,"Prevalence of HIV, total (% of population ages 15-49)",SH.DYN.AIDS.ZS,..,..,..,..,..,..,..,..,..,..,..,..,..,..,..,..
Guam,GUM,"Incidence of tuberculosis (per 100,000 people)",SH.TBS.INCD,39,45,36,16,35,44,31,37,62,71,70,57,47,33,39,53
Guam,GUM,Diabetes prevalence (% of population ages 20 to 79),SH.STA.DIAB.ZS,..,..,..,..,..,..,..,..,..,..,..,8.6,..,..,..,..
Guam,GUM,"Physicians (per 1,000 people)",SH.MED.PHYS.ZS,..,..,..,..,..,..,..,..,..,..,..,..,..,..,..,..
Guam,GUM,"Hospital beds (per 1,000 people)",SH.MED.BEDS.ZS,..,..,..,..,..,..,..,..,..,..,..,..,..,..,..,..
Guam,GUM,Current health expenditure (% of GDP),SH.XPD.CHEX.GD.ZS,..,..,..,..,..,..,..,..,..,..,..,..,..,..,..,..
Guam,GUM,Access to electricity (% of population),EG.ELC.ACCS.ZS,100,100,100,100,100,100,100,100,100,100,100,100,100,100,100,100
Guam,GUM,People using at least basic drinking water services (% of population),SH.H2O.BASW.ZS,99.4,99.4246,99.4492,99.4738,99.4984,99.523,99.5476,99.5722,99.5968,99.6214,99.646,99.6706,99.6952,99.6952,99.6952,99.6952
Guam,GUM,People using at least basic sanitation services (% of population),SH.STA.BASS.ZS,88.9735320691109,89.0373069363675,89.1010818036241,89.1648566708808,89.2286315381374,89.292406405394,89.3561812726507,89.4199561399073,89.483731007164,89.5475058744206,89.6112807416772,89.6750556089339,89.7388304761905,89.8026053434471,89.8663802107038,89.9301550779604
Guam,GUM,GDP per capita (current US$),NY.GDP.PCAP.CD,..,..,20909.9590302806,21877.3178371553,23618.8266894573,25631.9776108052,25709.9351488422,26605.4324214756,28112.2316573422,29054.0581201519,29719.7967836082,29926.2052442913,31653.7506538168,32530.7593121483,33900.1486530583,35165.7014644795
Guam,GUM,"School enrollment, secondary (% gross)",SE.SEC.ENRR,..,..,..,..,..,..,..,..,..,..,..,..,..,..,..,..
Guinea,GIN,"Life expectancy at birth, total (years)",SP.DYN.LE00.IN,52.42,52.669,53.2,53.589,53.975,54.422,54.875,55.233,55.703,56.052,56.431,56.778,57.117,57.459,57.581,57.899
Guinea,GIN,"Mortality rate, adult, female (per 1,000 female adults)",SP.DYN.AMRT.FE,311.742,312.7,311.274,309.285,306.351,301.613,296.129,292.368,286.264,281.648,276.959,272.632,268.151,264.259,264.04,262.16
Guinea,GIN,"Mortality rate, adult, male (per 1,000 male adults)",SP.DYN.AMRT.MA,322.783,328.304,321.516,322.013,322.462,321.581,320.205,319.099,316.056,314.755,311.925,309.254,306.754,303.644,302.563,297.606
Guinea,GIN,"Mortality rate, infant (per 1,000 live births)",SP.DYN.IMRT.IN,97,93.2,89.7,86.6,83.8,81.4,79.3,77.7,76.4,75.3,74.4,73.6,72.9,72.3,72.2,71.6
Guinea,GIN,"Mortality rate, under-5 (per 1,000 live births)",SH.DYN.MORT,165.4,158.6,152.2,146.4,141.2,136.6,132.7,129.4,126.6,124.1,122,120.1,118.4,116.7,115.6,114.1
Guinea,GIN,"Prevalence of HIV, total (% of population ages 15-49)",SH.DYN.AIDS.ZS,1.5,1.5,1.6,1.6,1.7,1.7,1.7,1.7,1.7,1.7,1.7,1.7,1.7,1.7,1.7,1.7
Guinea,GIN,"Incidence of tuberculosis (per 100,000 people)",SH.TBS.INCD,228,224,221,218,214,210,206,200,195,190,186,183,180,177,177,177
Guinea,GIN,Diabetes prevalence (% of population ages 20 to 79),SH.STA.DIAB.ZS,..,..,..,..,..,..,..,..,..,..,..,4.4,..,..,..,..
Guinea,GIN,"Physicians (per 1,000 people)",SH.MED.PHYS.ZS,0.092,..,..,..,0.11,0.103,..,..,..,..,..,..,..,..,0.163,0.084
Guinea,GIN,"Hospital beds (per 1,000 people)",SH.MED.BEDS.ZS,..,..,..,..,..,0.3,..,..,..,..,..,0.3,..,..,..,..
Guinea,GIN,Current health expenditure (% of GDP),SH.XPD.CHEX.GD.ZS,4.740973,4.88433027,5.35653734,4.77216482,4.77632809,4.03452682,3.61526895,3.48262477,3.26561713,3.58146644,3.42781734,3.78955102,3.50398517,3.46108651,4.787992,5.80919266
Guinea,GIN,Access to electricity (% of population),EG.ELC.ACCS.ZS,15.2,16.4,17.7,18.9,20.2,20.2,22.8,24.1,25.4,26.7,28.1,29.5,26.2,32.2,33.5,34.9
Guinea,GIN,People using at least basic drinking water services (% of population),SH.H2O.BASW.ZS,50.020186832808,50.7276864760054,51.4339895582937,52.1394322323383,52.8436497237526,53.5466363484531,54.2487288694591,54.949564360494,55.649134013916,56.3474311162569,57.044784449947,58.1818372265033,59.3282131204165,60.4838781029167,61.6487943410555,62.8272632655667
Guinea,GIN,People using at least basic sanitation services (% of population),SH.STA.BASS.ZS,9.16230647249202,9.88629181042133,10.6114420869886,11.3379453382088,12.2068743325124,13.095035144878,14.0026335732946,14.9294877692958,15.8756067228174,16.841000124284,17.8258881812328,18.8300747464885,19.8535692875928,20.8963805793729,21.9585172286295,23.0429536885135
Guinea,GIN,GDP per capita (current US$),NY.GDP.PCAP.CD,518.157066924026,483.085120214741,495.916073559269,566.48540588068,584.897740538081,463.17768685098,446.980554135013,650.148575304743,703.532825784369,662.185914665575,659.235326211315,636.694958747648,699.353377212197,748.455020824734,765.146999389279,747.356966759448
Guinea,GIN,"School enrollment, secondary (% gross)",SE.SEC.ENRR,..,18.4985904693604,21.2247695922852,22.6574001312256,24.6455307006836,29.0273208618164,32.2970886230469,..,33.2380905151367,..,..,36.7464790344238,36.8766899108887,..,38.5548782348633,..
Guyana,GUY,"Life expectancy at birth, total (years)",SP.DYN.LE00.IN,64.075,64.38,64.183,64.117,64.214,64.392,64.848,65.462,65.721,66.03,66.204,66.469,66.443,66.71,67.334,67.719
Guyana,GUY,"Mortality rate, adult, female (per 1,000 female adults)",SP.DYN.AMRT.FE,220.275,216.115,222.341,223.978,221.118,221.385,218.555,209.455,205.406,200.348,195.868,190.821,190.472,184.508,175.69,171.298
Guyana,GUY,"Mortality rate, adult, male (per 1,000 male adults)",SP.DYN.AMRT.MA,337.43,334.642,339.332,343.965,347.356,341.781,334.708,325.65,323.026,319.638,319.214,316.184,317.976,316.271,306.179,299.69
Guyana,GUY,"Mortality rate, infant (per 1,000 live births)",SP.DYN.IMRT.IN,41.3,40.4,39.5,38.7,37.9,37.2,36.5,35.9,35.2,34.6,33.9,33.3,32.7,32,31.2,30.3
Guyana,GUY,"Mortality rate, under-5 (per 1,000 live births)",SH.DYN.MORT,46.5,45.3,44.2,43.2,42.3,41.4,40.5,39.7,38.9,38.1,37.3,36.5,35.8,34.9,34,33.1
Guyana,GUY,"Prevalence of HIV, total (% of population ages 15-49)",SH.DYN.AIDS.ZS,0.9,1,1,1.1,1.1,1.2,1.2,1.3,1.3,1.3,1.4,1.4,1.4,1.4,1.4,1.4
Guyana,GUY,"Incidence of tuberculosis (per 100,000 people)",SH.TBS.INCD,69,69,97,103,99,105,117,98,108,127,119,119,125,113,90,94
Guyana,GUY,Diabetes prevalence (% of population ages 20 to 79),SH.STA.DIAB.ZS,..,..,..,..,..,..,..,..,..,..,..,16.7,..,..,..,..
Guyana,GUY,"Physicians (per 1,000 people)",SH.MED.PHYS.ZS,0.482,..,..,..,..,..,..,..,..,0.214,0.689,..,..,..,..,..
Guyana,GUY,"Hospital beds (per 1,000 people)",SH.MED.BEDS.ZS,..,2.9,..,..,..,2.8,2.5,1.9,..,2,..,..,1.73,1.73,1.75,1.76
Guyana,GUY,Current health expenditure (% of GDP),SH.XPD.CHEX.GD.ZS,3.18737936,3.05506778,3.19353795,3.26884198,3.43770432,3.79409742,3.93144464,4.28126192,4.20242214,4.35117149,4.21897697,4.17213488,3.7081871,3.80231309,3.94755435,4.02264786
Guyana,GUY,Access to electricity (% of population),EG.ELC.ACCS.ZS,74.6,75.1,75.7,76.2,76.8,77.5,73.4,78.5,79.1,77.6,83.3,84.2,85.1,86,86.9,88
Guyana,GUY,People using at least basic drinking water services (% of population),SH.H2O.BASW.ZS,88.5382896920679,88.8709622051583,89.2041862861119,89.5290208786417,89.8530307363623,90.1787161377096,90.5061314085982,90.8352089032886,91.1659359143918,91.4983614430953,91.8324234736991,92.1681157697233,92.5151477689615,92.8621482567967,93.2095909532921,93.5573128816329
Guyana,GUY,People using at least basic sanitation services (% of population),SH.STA.BASS.ZS,78.1306826972783,78.6305893649493,79.1312912977773,79.6228938091005,80.1983594342746,80.7758564741827,81.3554444093052,81.9370414416717,82.5206306973296,83.1062682081527,83.6938763663537,84.2834442990824,84.8880992639554,85.4934096999284,86.1000792641566,86.7079618375958
Guyana,GUY,GDP per capita (current US$),NY.GDP.PCAP.CD,931.796651718955,931.574723847673,950.866932470993,973.742598054188,1033.31030902188,1084.06541388904,3135.60553528326,3608.28685240188,4008.9628671603,4209.13230624565,4581.76179693492,4947.22170589917,5444.39751913913,5556.91231156932,5472.68820452237,5640.41560569466
Guyana,GUY,"School enrollment, secondary (% gross)",SE.SEC.ENRR,..,94.4679107666016,..,83.45947265625,..,86.2115325927734,..,85.3779830932617,86.2414169311523,89.8750076293945,93.2864608764648,101.134757995605,102.622467041016,..,..,..
Haiti,HTI,"Life expectancy at birth, total (years)",SP.DYN.LE00.IN,58.175,58.591,59.041,59.44,58.517,60.318,60.74,61.09,61.28,61.694,45.577,61.581,62.273,62.624,62.969,63.224
Haiti,HTI,"Mortality rate, adult, female (per 1,000 female adults)",SP.DYN.AMRT.FE,266.954,261.47,255.34,249.112,256.491,234.991,227.8,222.286,219.47,214.435,478.92,216.495,206.618,201.424,196.618,193.134
Haiti,HTI,"Mortality rate, adult, male (per 1,000 male adults)",SP.DYN.AMRT.MA,324.772,321.67,317.555,314.498,322.09,306.765,303.387,299.695,297.648,293.886,499.367,299.006,290.682,288.148,285.064,283.399
Haiti,HTI,"Mortality rate, infant (per 1,000 live births)",SP.DYN.IMRT.IN,70.7,68.5,66.5,64.7,63.1,61.7,60.4,59.1,57.9,56.8,78.6,54.6,53.4,52.4,51.2,50
Haiti,HTI,"Mortality rate, under-5 (per 1,000 live births)",SH.DYN.MORT,103.5,100,96.8,94,91.4,89.1,86.9,84.9,82.9,81.1,136.7,77.4,75.6,73.8,71.9,69.9
Haiti,HTI,"Prevalence of HIV, total (% of population ages 15-49)",SH.DYN.AIDS.ZS,2.5,2.4,2.3,2.2,2.2,2.1,2,1.9,1.9,1.9,1.8,1.8,1.7,1.7,1.7,1.7
Haiti,HTI,"Incidence of tuberculosis (per 100,000 people)",SH.TBS.INCD,270,274,277,277,276,272,266,257,248,238,229,220,213,206,200,194
Haiti,HTI,Diabetes prevalence (% of population ages 20 to 79),SH.STA.DIAB.ZS,..,..,..,..,..,..,..,..,..,..,..,6.6,..,..,..,..
Haiti,HTI,"Physicians (per 1,000 people)",SH.MED.PHYS.ZS,..,..,..,..,..,..,..,..,..,..,..,0.14,..,0.233,..,0.086
Haiti,HTI,"Hospital beds (per 1,000 people)",SH.MED.BEDS.ZS,0.7,..,..,..,..,..,..,1.3,..,..,0.66,..,..,0.72,..,..
Haiti,HTI,Current health expenditure (% of GDP),SH.XPD.CHEX.GD.ZS,3.99165702,3.7502923,3.43250132,3.53695321,3.42928433,3.30554652,3.48013902,3.64734101,3.75722051,3.50277376,4.54871035,5.91197777,5.56462336,4.10524035,4.52035809,5.07518148
Haiti,HTI,Access to electricity (% of population),EG.ELC.ACCS.ZS,33.7,31.5,33.1,31.6,34.1,34.5,33.9,35.5,36.1,36.6,37.2,37.8,37.9,38.9,39.6,40.8
Haiti,HTI,People using at least basic drinking water services (% of population),SH.H2O.BASW.ZS,56.23929167461,57.0607657143446,57.890307587373,58.7247918623983,59.2574851456357,59.7530302249497,60.2473792119938,60.7392582689179,61.229985292414,61.7165764517531,62.2007893646649,62.6818037025713,63.1596589540934,63.6326909989076,64.1022382287667,64.5674854749725
Haiti,HTI,People using at least basic sanitation services (% of population),SH.STA.BASS.ZS,16.7495412631405,17.8374973619031,18.9377084118085,20.0496673863976,21.0516679507767,22.0475380365859,23.0518749621917,24.0645348010044,25.086433573722,26.1167029131359,27.1564387955898,28.2056610456094,29.2647488845642,30.3333249560335,31.4123242113775,32.5017277166698
Haiti,HTI,GDP per capita (current US$),NY.GDP.PCAP.CD,820.600046761464,748.821159844528,720.969568042522,578.995291079709,683.185298155273,775.845704056916,828.805700289589,984.566983448521,1094.66058421644,1196.8528706018,1209.72733503094,1312.03953552013,1361.39396587374,1457.83221179626,1460.18898613914,1411.12684746796
Haiti,HTI,"School enrollment, secondary (% gross)",SE.SEC.ENRR,..,..,..,..,..,..,..,..,..,..,..,..,..,..,..,..
"Hong Kong SAR, China",HKG,"Life expectancy at birth, total (years)",SP.DYN.LE00.IN,80.8731707317073,81.4192682926829,81.4521951219512,81.3434146341464,81.7992682926829,81.6090243902439,82.3848780487805,82.3668292682927,82.3404878048781,82.7751219512195,82.9575609756098,83.4119512195122,83.450243902439,83.8312195121951,83.9356097560976,84.2526829268293
"Hong Kong SAR, China",HKG,"Mortality rate, adult, female (per 1,000 female adults)",SP.DYN.AMRT.FE,44.577,43.283,42.651,43.616,41.512,40.455,39.661,39.103,38.972,38.788,38.408,37.958,37.35,36.967,36.473,36.308
"Hong Kong SAR, China",HKG,"Mortality rate, adult, male (per 1,000 male adults)",SP.DYN.AMRT.MA,89.61,88.174,86.805,86.868,82.353,79.809,77.684,76.994,76.29,75.204,73.577,71.782,70.191,68.702,67.739,67.417
"Hong Kong SAR, China",HKG,"Mortality rate, infant (per 1,000 live births)",SP.DYN.IMRT.IN,..,..,..,..,..,..,..,..,..,..,..,..,..,..,..,..
"Hong Kong SAR, China",HKG,"Mortality rate, under-5 (per 1,000 live births)",SH.DYN.MORT,..,..,..,..,..,..,..,..,..,..,..,..,..,..,..,..
"Hong Kong SAR, China",HKG,"Prevalence of HIV, total (% of population ages 15-49)",SH.DYN.AIDS.ZS,..,..,..,..,..,..,..,..,..,..,..,..,..,..,..,..
"Hong Kong SAR, China",HKG,"Incidence of tuberculosis (per 100,000 people)",SH.TBS.INCD,103,115,106,99,95,94,92,88,91,84,80,76,77,75,75,70
"Hong Kong SAR, China",HKG,Diabetes prevalence (% of population ages 20 to 79),SH.STA.DIAB.ZS,12.1,..,..,..,..,..,..,..,..,..,..,7.6,..,..,..,..
"Hong Kong SAR, China",HKG,"Physicians (per 1,000 people)",SH.MED.PHYS.ZS,..,..,..,..,..,..,..,..,..,..,..,..,..,..,..,..
"Hong Kong SAR, China",HKG,"Hospital beds (per 1,000 people)",SH.MED.BEDS.ZS,..,..,..,..,..,..,..,..,..,..,..,..,..,..,..,..
"Hong Kong SAR, China",HKG,Current health expenditure (% of GDP),SH.XPD.CHEX.GD.ZS,..,..,..,..,..,..,..,..,..,..,..,..,..,..,..,..
"Hong Kong SAR, China",HKG,Access to electricity (% of population),EG.ELC.ACCS.ZS,100,100,100,100,100,100,100,100,100,100,100,100,100,100,100,100
"Hong Kong SAR, China",HKG,People using at least basic drinking water services (% of population),SH.H2O.BASW.ZS,98.744257245942,98.8280256816769,98.9117941174118,98.9955625531466,99.0793309888815,99.1630994246164,99.2468678603512,99.3306362960861,99.414404731821,99.4981731675558,99.5819416032907,99.6657100390256,99.7494784747605,99.8332469104953,99.9170153462302,100
"Hong Kong SAR, China",HKG,People using at least basic sanitation services (% of population),SH.STA.BASS.ZS,96.7282513181019,96.7282513181019,96.7282513181019,96.7282513181019,96.7150702987698,96.7018892794376,96.6887082601055,96.6755272407733,96.6623462214411,96.649165202109,96.6359841827768,96.6228031634446,96.6096221441125,96.5964411247803,96.5832601054482,96.570079086116
"Hong Kong SAR, China",HKG,GDP per capita (current US$),NY.GDP.PCAP.CD,25756.7728723704,25230.3780910304,24665.8362318216,23977.1734120477,24928.1003722551,26649.637724155,28224.0951563146,30593.9511738646,31515.5292103443,30697.5383861641,32550.136489179,35142.4879344543,36730.796195815,38403.7777145477,40315.3739510191,42432.1619740441
"Hong Kong SAR, China",HKG,"School enrollment, secondary (% gross)",SE.SEC.ENRR,..,78.5696563720703,79.9700393676758,80.1741027832031,81.7347793579102,83.003662109375,83.1464614868164,84.0665588378906,85.7025909423828,86.5672225952148,87.9053960567278,86.9782026085403,108.257447754558,102.779391100703,105.555217060167,107.387782928825
Iceland,ISL,"Life expectancy at birth, total (years)",SP.DYN.LE00.IN,79.6536585365854,80.690243902439,80.5024390243903,80.9634146341464,80.9975609756098,81.5024390243902,81.1585365853659,81.4536585365854,81.609756097561,81.7512195121951,81.8975609756097,82.3585365853659,82.9170731707317,82.0609756097561,82.8609756097561,82.4682926829268
Iceland,ISL,"Mortality rate, adult, female (per 1,000 female adults)",SP.DYN.AMRT.FE,59.117,54.194,54.311,50.724,50.672,48.853,53.083,45.538,39.741,39.946,36.576,42.839,34.781,39.289,42.628,43.677
Iceland,ISL,"Mortality rate, adult, male (per 1,000 male adults)",SP.DYN.AMRT.MA,98.715,84.97,82.738,66.85,73.303,68.893,76.407,71.115,63.474,73.242,71.603,60.652,68.861,69.338,70.176,69.504
Iceland,ISL,"Mortality rate, infant (per 1,000 live births)",SP.DYN.IMRT.IN,3.2,3,2.8,2.7,2.6,2.4,2.3,2.3,2.2,2.1,2.1,2,2,2,2,2
Iceland,ISL,"Mortality rate, under-5 (per 1,000 live births)",SH.DYN.MORT,4,3.8,3.6,3.4,3.3,3.1,3,2.9,2.8,2.7,2.7,2.7,2.6,2.6,2.6,2.6
Iceland,ISL,"Prevalence of HIV, total (% of population ages 15-49)",SH.DYN.AIDS.ZS,0.1,0.1,0.1,0.1,0.1,0.1,0.1,0.1,0.1,0.1,0.1,0.1,0.1,0.1,0.1,0.1
Iceland,ISL,"Incidence of tuberculosis (per 100,000 people)",SH.TBS.INCD,5.3,4.8,3.2,2,4.3,3.9,4.9,4.4,2.2,3.2,8,2.9,3.6,3.9,2.8,2.4
Iceland,ISL,Diabetes prevalence (% of population ages 20 to 79),SH.STA.DIAB.ZS,..,..,..,..,..,..,..,..,..,..,..,3.2,..,..,..,..
Iceland,ISL,"Physicians (per 1,000 people)",SH.MED.PHYS.ZS,3.439,3.471,3.575,3.613,3.612,3.609,3.601,3.61,3.639,3.645,3.588,3.501,3.558,3.605,3.642,3.772
Iceland,ISL,"Hospital beds (per 1,000 people)",SH.MED.BEDS.ZS,..,..,7.5,..,..,..,5.3391,4.11,3.91,3.7,3.58,3.29,3.24,3.22,3.16,3.12
Iceland,ISL,Current health expenditure (% of GDP),SH.XPD.CHEX.GD.ZS,8.89924335,8.75266171,9.40382481,9.72930241,9.32854366,8.94694996,8.55709076,8.3535862,8.34370804,8.77518463,8.36173058,8.25498867,8.23091221,8.22651291,8.29044247,8.13121986
Iceland,ISL,Access to electricity (% of population),EG.ELC.ACCS.ZS,100,100,100,100,100,100,100,100,100,100,100,100,100,100,100,100
Iceland,ISL,People using at least basic drinking water services (% of population),SH.H2O.BASW.ZS,100,99.9999989675477,99.9999994539033,99.999996914555,99.9999987160866,99.9999997739659,100,100,99.9999976466939,100,100,100,100,100,100,100
Iceland,ISL,People using at least basic sanitation services (% of population),SH.STA.BASS.ZS,98.7980085347849,98.7971795917891,98.7963690256627,98.7949450001455,98.7933234466295,98.7917270813963,98.7901452064813,98.7885999819064,98.7870755884595,98.7855741822253,98.7847544977645,98.784585970024,98.7844156277794,98.7839882012759,98.7835486244709,98.783118463724
Iceland,ISL,GDP per capita (current US$),NY.GDP.PCAP.CD,32096.3722613695,28897.4439396908,32409.2161491753,39476.6978486684,47334.9306537723,56794.8501588953,57492.9342498703,69495.7267376825,56943.3704468563,41301.273219718,43237.0729488958,47714.5922308485,45995.5478789467,49804.9829978371,54576.7448146565,52951.6815110898
Iceland,ISL,"School enrollment, secondary (% gross)",SE.SEC.ENRR,109.021507263184,110.139266967773,113.519561767578,116.79273223877,108.134918212891,108.752983093262,107.523468017578,106.327003479004,106.229942321777,106.478248596191,108.819038391113,109.70686340332,113.517669677734,122.033569335938,120.632568359375,119.807357788086
Indonesia,IDN,"Life expectancy at birth, total (years)",SP.DYN.LE00.IN,66.292,66.583,66.954,67.134,65.521,67.531,67.664,67.914,68.085,68.267,68.364,68.629,68.862,69.064,69.292,69.52
Indonesia,IDN,"Mortality rate, adult, female (per 1,000 female adults)",SP.DYN.AMRT.FE,177.125,175.426,171.338,171.966,199.153,170.474,170.442,168.483,167.819,167.572,168.048,164.815,162.476,160.188,157.649,155.628
Indonesia,IDN,"Mortality rate, adult, male (per 1,000 male adults)",SP.DYN.AMRT.MA,220.596,218.488,215.715,215.008,234.148,214.514,214.207,213.28,213.074,211.865,213.062,211.02,209.081,207.908,206.17,203.819
Indonesia,IDN,"Mortality rate, infant (per 1,000 live births)",SP.DYN.IMRT.IN,41.3,39.5,37.7,36.1,36.7,33.2,31.8,30.5,29.3,28.2,27.1,26.1,25.1,24.1,23.2,22.3
Indonesia,IDN,"Mortality rate, under-5 (per 1,000 live births)",SH.DYN.MORT,51.9,49.6,47.3,45.2,49.1,41.4,39.6,38,36.4,35,33.6,32.2,31,29.7,28.6,27.4
Indonesia,IDN,"Prevalence of HIV, total (% of population ages 15-49)",SH.DYN.AIDS.ZS,0.1,0.1,0.1,0.1,0.1,0.2,0.2,0.2,0.3,0.3,0.3,0.3,0.3,0.3,0.4,0.4
Indonesia,IDN,"Incidence of tuberculosis (per 100,000 people)",SH.TBS.INCD,370,369,367,366,363,360,357,353,349,345,342,338,335,332,329,325
Indonesia,IDN,Diabetes prevalence (% of population ages 20 to 79),SH.STA.DIAB.ZS,..,..,..,..,..,..,..,..,..,..,..,5.1,..,..,..,..
Indonesia,IDN,"Physicians (per 1,000 people)",SH.MED.PHYS.ZS,..,..,..,0.132,..,..,..,..,..,0.143,0.138,..,0.199,..,..,0.273
Indonesia,IDN,"Hospital beds (per 1,000 people)",SH.MED.BEDS.ZS,0.59,0.59,0.59,0.59,0.59,0.6,0.6,0.61,0.63,0.68,0.65,0.69,0.92,1.1,1.05,1.09
Indonesia,IDN,Current health expenditure (% of GDP),SH.XPD.CHEX.GD.ZS,1.85297656,2.11850214,1.98062706,2.24837184,2.12002277,2.53189397,2.61946416,2.82385564,2.54842305,2.62324095,2.7908783,2.98942471,2.91427088,2.86934805,2.96433568,2.92428517
Indonesia,IDN,Access to electricity (% of population),EG.ELC.ACCS.ZS,86.3,86.3,87.6,87.9,89,84.8,90.6,91.1,92.7,93.6,94.2,94.8,96,96.5,97,97.5
Indonesia,IDN,People using at least basic drinking water services (% of population),SH.H2O.BASW.ZS,75.2848191583704,76.2593157969917,77.2244511616934,78.1799292696413,79.1261137314695,80.0618734021774,80.9767562559622,81.881582956157,82.7767301263991,83.6614405618851,84.5326117527197,85.3771275634308,86.2129184659501,87.039688549159,87.8579420521054,88.6672494941837
Indonesia,IDN,People using at least basic sanitation services (% of population),SH.STA.BASS.ZS,40.2172598962037,42.3064052278047,44.4149716714658,46.5416632231283,48.6862011052539,50.8459818744068,53.0210842646296,55.2099624923316,57.4122949055182,59.6260299511536,61.8456968664636,64.0515484353717,66.2697088884734,68.4990104492093,70.7394179842329,72.9895935526156
Indonesia,IDN,GDP per capita (current US$),NY.GDP.PCAP.CD,763.711124950924,732.307093405708,881.002913569131,1043.2105838671,1126.84004447173,1238.21447629488,1558.31562847163,1823.21976255073,2124.55483920618,2218.48541852977,3065.68348377765,3579.46442466152,3632.27254030331,3566.60284506078,3441.06808464008,3288.22269725538
Indonesia,IDN,"School enrollment, secondary (% gross)",SE.SEC.ENRR,55.5976295471191,56.2273216247559,57.646598815918,60.7244682312012,62.9758682250977,61.6382789611816,64.6422119140625,71.8545074462891,70.1684417724609,74.5035934448242,75.6519088745117,78.1330718994141,80.0926818847656,81.8896974781343,83.5559949258569,87.8423207929976
Iraq,IRQ,"Life expectancy at birth, total (years)",SP.DYN.LE00.IN,64.86,65.292,65.724,64.834,64.634,64.899,64.029,64.428,66.465,67.834,68.092,68.435,68.827,69.047,69.679,69.977
Iraq,IRQ,"Mortality rate, adult, female (per 1,000 female adults)",SP.DYN.AMRT.FE,196.979,189.821,183.44,181.63,178.287,174.591,174.592,171.457,163.996,158.905,156.502,152.71,147.599,143.013,136.237,132.625
Iraq,IRQ,"Mortality rate, adult, male (per 1,000 male adults)",SP.DYN.AMRT.MA,286.551,279.799,271.75,315.916,331.499,327.686,366.76,357.186,283.588,232.835,227.514,221.362,214.749,213.218,201.376,196.094
Iraq,IRQ,"Mortality rate, infant (per 1,000 live births)",SP.DYN.IMRT.IN,38.4,37.7,37,36.4,35.7,35,34.3,33.5,32.7,31.8,30.9,30.1,29.2,28.4,27.5,26.7
Iraq,IRQ,"Mortality rate, under-5 (per 1,000 live births)",SH.DYN.MORT,44.3,43.3,42.4,41.6,40.7,39.7,38.8,37.8,36.7,35.6,34.6,33.5,32.4,31.4,30.4,29.4
Iraq,IRQ,"Prevalence of HIV, total (% of population ages 15-49)",SH.DYN.AIDS.ZS,0.1,0.1,0.1,0.1,0.1,0.1,0.1,0.1,0.1,0.1,0.1,0.1,0.1,0.1,0.1,0.1
Iraq,IRQ,"Incidence of tuberculosis (per 100,000 people)",SH.TBS.INCD,50,50,49,49,49,48,48,47,47,46,45,44,43,41,39,37
Iraq,IRQ,Diabetes prevalence (% of population ages 20 to 79),SH.STA.DIAB.ZS,..,..,..,..,..,..,..,..,..,..,..,9.1,..,..,..,..
Iraq,IRQ,"Physicians (per 1,000 people)",SH.MED.PHYS.ZS,..,0.543,..,..,0.658,0.66,..,0.528,..,..,0.631,..,..,..,0.819,0.714
Iraq,IRQ,"Hospital beds (per 1,000 people)",SH.MED.BEDS.ZS,1.2,1.3,1.27,1.31,1.32,1.28,1.31,1.13,1.26,1.1,1.1,1.3,1.29,1.27,1.1,1.38
Iraq,IRQ,Current health expenditure (% of GDP),SH.XPD.CHEX.GD.ZS,..,..,..,2.99693584,3.90128636,3.01704645,2.49370432,3.2148056,3.06604242,3.77203989,3.23955345,2.80316377,2.69365859,2.80868459,2.78786659,3.15587044
Iraq,IRQ,Access to electricity (% of population),EG.ELC.ACCS.ZS,96.8,96.9,97.1,97.2,97.3,97.4,97.6,98.1,97.9,98.1,98.4,98,99.3,99,99.2,99.4
Iraq,IRQ,People using at least basic drinking water services (% of population),SH.H2O.BASW.ZS,80.8465216782676,81.7364115745549,82.6260377265775,83.5153980247358,84.4044874507213,85.2932859844944,86.1815088804464,87.0697457667656,87.9576713274841,88.845049727632,89.7476799907742,90.6562195534614,91.5604121156102,92.4602837326776,93.3560196634455,94.2475945354167
Iraq,IRQ,People using at least basic sanitation services (% of population),SH.STA.BASS.ZS,70.5047683950583,71.0758687266669,71.6455698803593,72.2138746392197,72.780785756236,74.4450699076414,76.12195611736,77.8117350193071,79.5141817045992,81.2291209460174,82.9658494219012,84.7190655513163,86.4826472215172,88.2564836586456,90.0405645945481,91.8347523990118
Iraq,IRQ,GDP per capita (current US$),NY.GDP.PCAP.CD,1980.18916038782,1435.695683789,1266.15961275094,817.887862499622,1328.37157628292,1762.39360423421,2276.55435744086,3128.99010329066,4542.96609046032,3714.71205987194,4461.75196161555,5775.54229080293,6477.59618450955,6650.35282247395,6249.39226978969,4440.14189252367
Iraq,IRQ,"School enrollment, secondary (% gross)",SE.SEC.ENRR,36.8702583312988,36.7453002929688,..,40.4106292724609,45.1472206115723,..,..,50.5742416381836,..,..,..,..,..,..,..,..
Isle of Man,IMN,"Life expectancy at birth, total (years)",SP.DYN.LE00.IN,74.842,75.289,75.785,76.319,76.876,77.453,77.971,78.451,78.899,79.303,79.613,79.836,80.007,80.12,80.199,80.267
Isle of Man,IMN,"Mortality rate, adult, female (per 1,000 female adults)",SP.DYN.AMRT.FE,87.138,84.969,82.282,79.459,76.034,73.027,70.349,67.818,64.911,62.686,60.771,59.439,58.417,57.795,57.238,56.504
Isle of Man,IMN,"Mortality rate, adult, male (per 1,000 male adults)",SP.DYN.AMRT.MA,138.498,132.367,126.178,119.635,113.654,107.23,101.701,96.908,93.178,89.481,86.968,85.148,83.785,82.819,82.267,82.113
Isle of Man,IMN,"Mortality rate, infant (per 1,000 live births)",SP.DYN.IMRT.IN,..,..,..,..,..,..,..,..,..,..,..,..,..,..,..,..
Isle of Man,IMN,"Mortality rate, under-5 (per 1,000 live births)",SH.DYN.MORT,..,..,..,..,..,..,..,..,..,..,..,..,..,..,..,..
Isle of Man,IMN,"Prevalence of HIV, total (% of population ages 15-49)",SH.DYN.AIDS.ZS,..,..,..,..,..,..,..,..,..,..,..,..,..,..,..,..
Isle of Man,IMN,"Incidence of tuberculosis (per 100,000 people)",SH.TBS.INCD,..,..,..,..,..,..,..,..,..,..,..,..,..,..,..,..
Isle of Man,IMN,Diabetes prevalence (% of population ages 20 to 79),SH.STA.DIAB.ZS,..,..,..,..,..,..,..,..,..,..,..,..,..,..,..,..
Isle of Man,IMN,"Physicians (per 1,000 people)",SH.MED.PHYS.ZS,..,..,..,..,..,..,..,..,..,..,1.449,..,..,..,..,..
Isle of Man,IMN,"Hospital beds (per 1,000 people)",SH.MED.BEDS.ZS,..,..,..,..,..,1.76939461735904,1.58474325890611,..,..,1.58427938375929,..,..,..,..,..,..
Isle of Man,IMN,Current health expenditure (% of GDP),SH.XPD.CHEX.GD.ZS,..,..,..,..,..,..,..,..,..,..,..,..,..,..,..,..
Isle of Man,IMN,Access to electricity (% of population),EG.ELC.ACCS.ZS,100,100,100,100,100,100,100,100,100,100,100,100,100,100,100,100
Isle of Man,IMN,People using at least basic drinking water services (% of population),SH.H2O.BASW.ZS,..,..,..,..,..,..,..,..,..,98.6560556451613,98.6560556451613,98.6560556451613,98.6560556451613,98.6560556451613,98.7924774193548,98.9288991935484
Isle of Man,IMN,People using at least basic sanitation services (% of population),SH.STA.BASS.ZS,100,100,100,100,100,100,100,100,100,100,100,100,100,100,100,100
Isle of Man,IMN,GDP per capita (current US$),NY.GDP.PCAP.CD,21161.3963073772,21819.7123825606,24471.0798814847,28861.6178062918,35564.6023910146,38135.8597885858,42627.5089352891,55040.2437046236,72276.7741329461,66156.105656847,70587.3140283741,77808.8579649376,79329.2034347434,83207.6588430451,91885.4528718026,84753.5187422732
Isle of Man,IMN,"School enrollment, secondary (% gross)",SE.SEC.ENRR,..,..,..,..,..,..,..,..,..,..,..,..,..,..,..,..
Italy,ITA,"Life expectancy at birth, total (years)",SP.DYN.LE00.IN,79.7780487804878,80.1268292682927,80.2292682926829,79.9829268292683,80.7804878048781,80.7829268292683,81.2829268292683,81.4341463414634,81.4853658536585,81.6365853658537,82.0365853658537,82.1878048780488,82.2390243902439,82.690243902439,83.090243902439,82.5439024390244
Italy,ITA,"Mortality rate, adult, female (per 1,000 female adults)",SP.DYN.AMRT.FE,50.685,49.7,49.132,47.786,44.996,44.227,42.889,42.189,41.701,41.987,40.179,40.484,39.701,38.636,37.507,38.612
Italy,ITA,"Mortality rate, adult, male (per 1,000 male adults)",SP.DYN.AMRT.MA,101.334,99.544,95.824,92.243,86.976,84.356,82.979,80.536,78.548,76.385,73.052,71.981,70.628,67.898,66.045,67.307
Italy,ITA,"Mortality rate, infant (per 1,000 live births)",SP.DYN.IMRT.IN,4.7,4.5,4.3,4.1,3.9,3.8,3.7,3.6,3.5,3.4,3.4,3.3,3.2,3.1,3.1,3
Italy,ITA,"Mortality rate, under-5 (per 1,000 live births)",SH.DYN.MORT,5.6,5.3,5.1,4.8,4.6,4.5,4.3,4.2,4.1,4.1,4,3.9,3.8,3.7,3.6,3.5
Italy,ITA,"Prevalence of HIV, total (% of population ages 15-49)",SH.DYN.AIDS.ZS,0.2,0.2,0.2,0.2,0.2,0.2,0.3,0.3,0.3,0.3,0.3,0.3,0.3,0.3,0.3,0.3
Italy,ITA,"Incidence of tuberculosis (per 100,000 people)",SH.TBS.INCD,7,8.6,7.9,8.7,7.8,7.6,8.1,5.4,8,7.8,8.7,6.5,5.9,5.7,6.3,6.6
Italy,ITA,Diabetes prevalence (% of population ages 20 to 79),SH.STA.DIAB.ZS,..,..,..,..,..,..,..,..,..,..,..,5.1,..,..,..,..
Italy,ITA,"Physicians (per 1,000 people)",SH.MED.PHYS.ZS,3.442,3.506,3.563,3.624,3.687,3.707,3.706,3.773,3.761,3.761,3.784,3.856,3.832,3.895,3.91,3.87
Italy,ITA,"Hospital beds (per 1,000 people)",SH.MED.BEDS.ZS,4.71,4.61,4.44,4.17,4.01,4.03,3.97,3.88,3.77,3.66,3.61,3.48,3.38,3.31,3.24,3.22
Italy,ITA,Current health expenditure (% of GDP),SH.XPD.CHEX.GD.ZS,7.56665516,7.7376852,7.86693573,7.83297729,8.16549301,8.33931828,8.43673038,8.13616276,8.53282356,8.95162296,8.91602039,8.77407074,8.78352833,8.77543831,8.86791801,8.85689163
Italy,ITA,Access to electricity (% of population),EG.ELC.ACCS.ZS,100,100,100,100,100,100,100,100,100,100,100,100,100,100,100,100
Italy,ITA,People using at least basic drinking water services (% of population),SH.H2O.BASW.ZS,99.5570595333996,99.582772000592,99.6084844677844,99.6341969349767,99.6599094021691,99.6856218693615,99.7113343365538,99.7370468037462,99.7627592709386,99.788471738131,99.8141842053233,99.8398966725157,99.8656091397081,99.8913216069004,99.9170340740928,99.9170340740928
Italy,ITA,People using at least basic sanitation services (% of population),SH.STA.BASS.ZS,99.8859262259387,99.8859204444352,99.8859002298084,99.8858756040117,99.8858521444467,99.8858280494172,99.8858014767204,99.8857795005713,99.885752544021,99.8857326917431,99.8857062365452,99.8856857988446,99.885637952954,99.8855737262024,99.885520077857,99.8854580988153
Italy,ITA,GDP per capita (current US$),NY.GDP.PCAP.CD,20190.0035636084,20570.4385917862,22451.3964379368,27577.5700319855,31348.1901841445,32062.723833669,33537.1286994269,37826.1754554823,40828.5795580937,37099.6133958219,35856.8625485539,38432.3742820019,34854.3949441965,35701.6746002376,36028.3494022349,30639.8829751432
Italy,ITA,"School enrollment, secondary (% gross)",SE.SEC.ENRR,94.7987899780273,97.2837066650391,98.8138809204102,99.5263137817383,99.0750198364258,99.2056274414062,99.5338516235352,99.8377380371094,100.291458129883,100.175491333008,101.401161193848,101.59642791748,100.449836730957,100.973121643066,101.121726989746,101.228088378906
Honduras,HND,"Life expectancy at birth, total (years)",SP.DYN.LE00.IN,68.302,68.491,68.714,68.874,69.05,69.198,69.364,69.539,69.657,69.823,69.77,70.116,70.46,70.765,71.032,71.323
Honduras,HND,"Mortality rate, adult, female (per 1,000 female adults)",SP.DYN.AMRT.FE,154.467,153.406,152.287,151.361,150.552,150.037,148.533,147.776,147.32,146.735,148.416,143.555,139.031,134.772,131.253,127.643
Honduras,HND,"Mortality rate, adult, male (per 1,000 male adults)",SP.DYN.AMRT.MA,212.489,211.838,210.329,210.474,209.957,209.476,209.501,208.435,208.116,207.118,210.241,206.434,201.818,197.831,194.548,190.602
Honduras,HND,"Mortality rate, infant (per 1,000 live births)",SP.DYN.IMRT.IN,29.6,28.4,27.3,26.2,25.1,24.1,23.3,22.4,21.6,20.9,20.2,19.6,19,18.3,17.8,17.2
Honduras,HND,"Mortality rate, under-5 (per 1,000 live births)",SH.DYN.MORT,37.3,35.7,34.1,32.6,31.1,29.8,28.6,27.5,26.5,25.5,24.6,23.7,22.8,22,21.2,20.5
Honduras,HND,"Prevalence of HIV, total (% of population ages 15-49)",SH.DYN.AIDS.ZS,0.8,0.8,0.7,0.7,0.6,0.6,0.5,0.5,0.5,0.4,0.4,0.4,0.3,0.3,0.3,0.3
Honduras,HND,"Incidence of tuberculosis (per 100,000 people)",SH.TBS.INCD,122,93,81,71,62,56,52,44,44,45,43,48,44,42,39,40
Honduras,HND,Diabetes prevalence (% of population ages 20 to 79),SH.STA.DIAB.ZS,..,..,..,..,..,..,..,..,..,..,..,6.7,..,..,..,..
Honduras,HND,"Physicians (per 1,000 people)",SH.MED.PHYS.ZS,0.552,..,..,..,..,0.354,..,..,..,..,0.29,..,..,..,..,..
Honduras,HND,"Hospital beds (per 1,000 people)",SH.MED.BEDS.ZS,0.6,0.6,0.58,0.59,0.58,0.58,0.54,0.56,0.51,0.55,0.61,0.57,0.6,0.63,0.61,0.6
Honduras,HND,Current health expenditure (% of GDP),SH.XPD.CHEX.GD.ZS,6.26817989,5.92998314,6.2445755,6.89004707,6.85484362,7.50086403,7.86318684,8.08494949,8.60362625,8.99592495,8.72536373,8.79187012,8.65655136,8.47723007,7.91455746,7.4837904
Honduras,HND,Access to electricity (% of population),EG.ELC.ACCS.ZS,67.4,64.2,63.1,65.1,67.1,68.9,71.3,73.5,76.4,78.3,81,82.2,83.6,87.2,88.7,90
Honduras,HND,People using at least basic drinking water services (% of population),SH.H2O.BASW.ZS,85.351031542682,85.914407490473,86.4980291927431,87.0305580616295,87.5566044676304,88.075311809876,88.587372078387,89.0924617373964,89.5907538982251,90.0818000636686,90.5660867175185,91.0431976327749,91.5135812982773,91.9767246735058,92.4330552871736,92.8820078727696
Honduras,HND,People using at least basic sanitation services (% of population),SH.STA.BASS.ZS,64.256369585163,65.2566184536545,66.276167141236,67.2861940250882,68.2850684160251,69.2719474761156,70.2477545799597,71.2122592335228,72.1657913188263,73.1079945959336,74.0395437244252,74.9601231280445,75.870361572386,76.7698451271818,77.6591777188148,78.5378953428312
Honduras,HND,GDP per capita (current US$),NY.GDP.PCAP.CD,1092.56400746252,1132.1648753329,1132.49965345317,1156.08162681357,1215.13995412761,1304.70039153826,1425.84780051892,1577.73789197407,1732.49062702803,1781.15703614674,1893.32722662035,2073.66121088074,2126.03474686503,2081.12843527945,2179.88171977271,2271.20265980349
Honduras,HND,"School enrollment, secondary (% gross)",SE.SEC.ENRR,..,..,..,..,..,..,57.6387100219727,59.5118598937988,59.5015602111816,..,66.1681900024414,65.9018478393555,64.5327911376953,61.920711517334,49.4766821842053,50.3511085144012
Hungary,HUN,"Life expectancy at birth, total (years)",SP.DYN.LE00.IN,71.2463414634146,72.2487804878049,72.3487804878049,72.3,72.6487804878049,72.6487804878049,73.0975609756098,73.1512195121951,73.7024390243903,73.9048780487805,74.2073170731707,74.8585365853659,75.0634146341463,75.5658536585366,75.7634146341463,75.5682926829269
Hungary,HUN,"Mortality rate, adult, female (per 1,000 female adults)",SP.DYN.AMRT.FE,114.498,110.866,110.102,110.787,107.639,107.4,103.721,106.415,100.347,98.903,94.911,92.995,89.303,85.688,83.854,85.926
Hungary,HUN,"Mortality rate, adult, male (per 1,000 male adults)",SP.DYN.AMRT.MA,271.44,260.615,259.032,257.047,252.792,256.342,249.886,245.63,233.087,228.461,218.943,206.225,195.724,182.243,179.963,177.627
Hungary,HUN,"Mortality rate, infant (per 1,000 live births)",SP.DYN.IMRT.IN,8.7,8.1,7.6,7.2,6.8,6.4,6.1,5.8,5.5,5.3,5.1,5,4.8,4.7,4.5,4.2
Hungary,HUN,"Mortality rate, under-5 (per 1,000 live births)",SH.DYN.MORT,10.1,9.5,9,8.4,8,7.5,7.2,6.8,6.5,6.2,6,5.9,5.7,5.6,5.3,5.1
Hungary,HUN,"Prevalence of HIV, total (% of population ages 15-49)",SH.DYN.AIDS.ZS,..,..,..,..,..,..,..,..,..,..,..,..,..,..,..,..
Hungary,HUN,"Incidence of tuberculosis (per 100,000 people)",SH.TBS.INCD,35,33,31,31,26,21,19,18,16,15,18,15,13,12,9.3,10
Hungary,HUN,Diabetes prevalence (% of population ages 20 to 79),SH.STA.DIAB.ZS,..,..,..,..,..,..,..,..,..,..,..,6,..,..,..,..
Hungary,HUN,"Physicians (per 1,000 people)",SH.MED.PHYS.ZS,2.685,2.893,3.198,3.251,3.341,2.785,3.04,2.807,3.095,3.025,2.872,2.964,3.088,3.209,3.323,3.097
Hungary,HUN,"Hospital beds (per 1,000 people)",SH.MED.BEDS.ZS,8.16,7.93,7.92,7.9,7.9,7.93,7.99,7.2,7.12,7.15,7.19,7.2,7,7.04,6.98,6.99
Hungary,HUN,Current health expenditure (% of GDP),SH.XPD.CHEX.GD.ZS,6.77804327,6.82614756,7.1210165,8.1208477,7.75805521,7.98451281,7.77806187,7.20393276,7.08839607,7.22221708,7.44858313,7.48130894,7.41063309,7.23441315,7.04665947,6.85402203
Hungary,HUN,Access to electricity (% of population),EG.ELC.ACCS.ZS,100,100,100,100,100,99.9,99.9,100,100,100,100,100,100,100,100,100
Hungary,HUN,People using at least basic drinking water services (% of population),SH.H2O.BASW.ZS,99.9645781932888,99.9646746356458,99.9650832845069,99.9654969693195,99.9659049818677,99.9663732360176,99.9669034443637,99.9674348898972,99.9679574559251,99.9684745322134,99.968930486175,99.9693782330361,99.9697006074986,99.9699743237225,99.9702519413688,99.9705261412823
Hungary,HUN,People using at least basic sanitation services (% of population),SH.STA.BASS.ZS,98.0437306756402,98.0429580449759,98.0396051591688,98.0362846003195,98.0329676627679,98.0291439459506,98.0248241520022,98.020542198497,98.016288126426,98.0120743573602,98.0084031317034,98.0047604185323,98.002153963048,97.9999106339839,97.9976802737997,97.9954556941151
Hungary,HUN,GDP per capita (current US$),NY.GDP.PCAP.CD,4629.91760812548,5280.94887987063,6658.04494326809,8410.09248198479,10291.2694721409,11212.2046968994,11478.4891640501,13934.605460375,15762.6322515113,13051.1831777184,13189.8433874768,14211.460557822,12950.1594488143,13739.4620151401,14352.501883174,12782.9412577973
Hungary,HUN,"School enrollment, secondary (% gross)",SE.SEC.ENRR,96.2051086425781,98.4254531860352,99.8345108032227,101.850860595703,95.9443588256836,97.3733291625977,97.7556076049805,97.8563613891602,98.3803329467773,99.7433776855469,101.997688293457,103.081069946289,101.234046936035,107.070358276367,105.841468811035,104.546478271484
India,IND,"Life expectancy at birth, total (years)",SP.DYN.LE00.IN,62.749,63.158,63.649,64.086,64.484,64.939,65.373,65.803,66.247,66.7,67.162,67.623,68.076,68.499,68.932,69.326
India,IND,"Mortality rate, adult, female (per 1,000 female adults)",SP.DYN.AMRT.FE,187.191,182.968,177.225,172.067,167.506,162.162,157.633,153.725,150.504,148.054,146.196,144.819,143.788,143.043,142.189,141.371
India,IND,"Mortality rate, adult, male (per 1,000 male adults)",SP.DYN.AMRT.MA,247.673,245.842,242.829,240.403,238.181,235.388,232.664,229.992,227.173,224.264,221.264,218.148,214.964,211.869,208.354,205.008
India,IND,"Mortality rate, infant (per 1,000 live births)",SP.DYN.IMRT.IN,66.3,64.3,62.4,60.5,58.6,56.7,54.8,52.8,50.8,48.7,46.7,44.6,42.5,40.5,38.5,36.6
India,IND,"Mortality rate, under-5 (per 1,000 live births)",SH.DYN.MORT,91.6,88,84.5,81.1,77.7,74.4,71.1,67.9,64.6,61.4,58.2,55,52,49.1,46.3,43.6
India,IND,"Prevalence of HIV, total (% of population ages 15-49)",SH.DYN.AIDS.ZS,..,..,..,..,..,..,..,..,..,..,..,..,..,..,..,..
India,IND,"Incidence of tuberculosis (per 100,000 people)",SH.TBS.INCD,322,321,320,318,315,311,305,298,291,283,276,268,258,248,243,237
India,IND,Diabetes prevalence (% of population ages 20 to 79),SH.STA.DIAB.ZS,..,..,..,..,..,..,..,..,..,..,..,9,..,..,..,..
India,IND,"Physicians (per 1,000 people)",SH.MED.PHYS.ZS,..,..,..,..,..,..,..,..,..,..,..,..,..,..,..,..
India,IND,"Hospital beds (per 1,000 people)",SH.MED.BEDS.ZS,2.13,2.09,2.05,0.8999999762,..,1.95,1.92,1.9,1.87,1.84,1.82,1.79,1.77,0.49,1.73,1.7
India,IND,Current health expenditure (% of GDP),SH.XPD.CHEX.GD.ZS,4.10568476,4.33754253,4.31453371,4.07877731,4.02679491,3.85508275,3.66901541,3.58103991,3.58856082,3.54637694,3.33625913,3.24634218,3.32935286,3.74944186,3.61956549,3.59565973
India,IND,Access to electricity (% of population),EG.ELC.ACCS.ZS,60.3,62,62.3,65.4,64.4,68.8,67.9,72.3,74.1,75,76.3,79.5,79.9,83.1,85.1,88
India,IND,People using at least basic drinking water services (% of population),SH.H2O.BASW.ZS,79.879271219411,80.4891122986238,81.1305571787929,81.768990903233,82.4045080736675,83.0367817028024,83.6659240960625,84.2920134047185,84.9149974493222,85.5345912190397,86.1508722744759,86.7639052913499,87.3745079483664,87.9823668573986,88.5873718355345,89.1893092956283
India,IND,People using at least basic sanitation services (% of population),SH.STA.BASS.ZS,14.0857618131944,16.7234855495744,19.5366220956603,22.3687658590963,25.2200839820911,28.0895366732874,30.9773052982116,33.8835011422482,36.8078425757573,39.7494111123946,42.7083153635918,45.6845928363292,48.6803118983771,51.6944537516583,54.7265188290698,57.7757201395978
India,IND,GDP per capita (current US$),NY.GDP.PCAP.CD,442.750218937263,450.357900514128,469.149928973927,544.143133545002,624.258826510066,710.488080408949,801.668353659022,1021.88707706826,992.519584923828,1094.94974598436,1347.51939071367,1445.46127486037,1429.32199520032,1432.84397512195,1553.88396075118,1583.99815907985
India,IND,"School enrollment, secondary (% gross)",SE.SEC.ENRR,47.1734390258789,46.8245811462402,48.8069381713867,51.4255714416504,53.247371673584,55.9314002990723,56.7859497070312,59.1478385925293,62.2119216918945,61.3603210449219,64.9475936889648,67.1251678466797,69.8089599609375,69.4771270751953,74.8887023925781,74.6113662719727
"Iran, Islamic Rep.",IRN,"Life expectancy at birth, total (years)",SP.DYN.LE00.IN,70.166,70.619,71.112,70.464,72.04,72.446,72.895,73.299,73.683,74.041,74.39,74.721,75.039,75.349,75.635,75.907
"Iran, Islamic Rep.",IRN,"Mortality rate, adult, female (per 1,000 female adults)",SP.DYN.AMRT.FE,108.984,105.021,101.262,114.064,94.653,92.258,89.339,86.941,84.717,82.561,80.454,78.351,76.355,74.045,71.795,69.55
"Iran, Islamic Rep.",IRN,"Mortality rate, adult, male (per 1,000 male adults)",SP.DYN.AMRT.MA,188.289,182.482,176.275,182.869,165.132,160.437,155.397,150.964,146.914,143.566,140.043,136.762,133.239,130.245,127.508,124.94
"Iran, Islamic Rep.",IRN,"Mortality rate, infant (per 1,000 live births)",SP.DYN.IMRT.IN,31.5,29.8,28.1,26.4,24.8,23.3,21.8,20.5,19.2,18.1,17.2,16.4,15.7,15,14.4,13.9
"Iran, Islamic Rep.",IRN,"Mortality rate, under-5 (per 1,000 live births)",SH.DYN.MORT,36.3,34.2,32.2,30.2,28.3,26.5,24.8,23.2,21.7,20.4,19.3,18.4,17.5,16.8,16.1,15.5
"Iran, Islamic Rep.",IRN,"Prevalence of HIV, total (% of population ages 15-49)",SH.DYN.AIDS.ZS,..,..,..,..,..,..,..,..,..,..,..,..,..,..,..,..
"Iran, Islamic Rep.",IRN,"Incidence of tuberculosis (per 100,000 people)",SH.TBS.INCD,23,22,21,20,18,17,17,16,16,17,18,18,18,18,16,16
"Iran, Islamic Rep.",IRN,Diabetes prevalence (% of population ages 20 to 79),SH.STA.DIAB.ZS,..,..,..,..,..,..,..,..,..,..,..,11.1,..,..,..,..
"Iran, Islamic Rep.",IRN,"Physicians (per 1,000 people)",SH.MED.PHYS.ZS,..,..,..,..,0.88,0.882,0.531,..,..,..,..,..,..,..,1.457,1.106
"Iran, Islamic Rep.",IRN,"Hospital beds (per 1,000 people)",SH.MED.BEDS.ZS,1.59,1.64,1.65,1.64,1.63,1.61,1.63,1.66,1.64,1.54,1.68,1.35,1.7,1.77,1.81,1.81
"Iran, Islamic Rep.",IRN,Current health expenditure (% of GDP),SH.XPD.CHEX.GD.ZS,4.72250843,5.16087341,4.65182209,4.95589161,5.12801409,5.29996157,5.15990877,4.91188192,5.03990459,6.11493444,6.29153061,6.09787989,6.12235117,5.54722023,6.35239553,7.53311825
"Iran, Islamic Rep.",IRN,Access to electricity (% of population),EG.ELC.ACCS.ZS,97.9,98.1,98.1,98.2,98.3,98.4,98.4,98.7,98.8,99.7,99.4,99.5,99.5,99.8,100,100
"Iran, Islamic Rep.",IRN,People using at least basic drinking water services (% of population),SH.H2O.BASW.ZS,94.1533951020254,94.3645968752872,94.570944021266,94.7724833829077,94.9691830158905,95.161000634786,95.3480173466701,95.526094603038,95.6978473811595,95.8655062345209,96.029218401844,96.1889602256828,96.3439209254777,96.4945387226755,96.6416290821324,96.7851065376392
"Iran, Islamic Rep.",IRN,People using at least basic sanitation services (% of population),SH.STA.BASS.ZS,78.2182891665011,78.9731468345672,79.7155503890257,80.445631501447,81.1633066374128,81.8684999467219,82.5614032764414,83.2321128520529,83.8869767916589,84.5313769777659,85.1656679433689,85.7898063525963,86.4018917854094,87.0030086303861,87.5950785473375,88.1779171380561
"Iran, Islamic Rep.",IRN,GDP per capita (current US$),NY.GDP.PCAP.CD,1650.01385832603,1881.02266634748,1891.25756092031,2208.99636553529,2672.42266512669,3132.05081925856,3618.9160136791,4687.99166265915,5377.41150725587,5415.52280554144,6291.19443652344,8025.68743364356,8114.08099831877,6222.74194840326,5672.06372896319,4952.73355532178
"Iran, Islamic Rep.",IRN,"School enrollment, secondary (% gross)",SE.SEC.ENRR,74.9870910644531,74.5473403930664,74.7104187011719,74.551643371582,74.5375213623047,74.438591003418,75.9471969604492,75.657600402832,78.8498077392578,80.3835906982422,79.0264663696289,81.2944793701172,82.7059326171875,81.5845565795898,82.5869369506836,82.7305221557617
Ireland,IRL,"Life expectancy at birth, total (years)",SP.DYN.LE00.IN,76.5365853658537,77.1341463414634,77.6341463414634,78.1390243902439,78.5390243902439,78.9439024390244,79.2414634146342,79.6414634146341,80.0951219512195,80.190243902439,80.7439024390244,80.7463414634146,80.8463414634146,80.9487804878049,81.3487804878049,81.4536585365854
Ireland,IRL,"Mortality rate, adult, female (per 1,000 female adults)",SP.DYN.AMRT.FE,70.026,65.886,60.492,61.181,60.791,58.593,58.972,55.47,58.682,56.338,52.079,52.197,52.473,49.539,48.239,50.413
Ireland,IRL,"Mortality rate, adult, male (per 1,000 male adults)",SP.DYN.AMRT.MA,119.257,112.224,113.266,102.195,101.714,96.634,94.661,99.073,94.314,97.636,90.115,89.52,87.528,85.76,85.331,81.439
Ireland,IRL,"Mortality rate, infant (per 1,000 live births)",SP.DYN.IMRT.IN,6,5.8,5.5,5.1,4.7,4.4,4.1,3.9,3.8,3.7,3.6,3.5,3.4,3.3,3.3,3.2
Ireland,IRL,"Mortality rate, under-5 (per 1,000 live births)",SH.DYN.MORT,7.2,6.9,6.5,6,5.6,5.2,4.9,4.6,4.4,4.3,4.2,4.1,4,3.9,3.8,3.7
Ireland,IRL,"Prevalence of HIV, total (% of population ages 15-49)",SH.DYN.AIDS.ZS,0.1,0.1,0.1,0.1,0.1,0.1,0.1,0.1,0.1,0.2,0.2,0.2,0.2,0.2,0.2,0.2
Ireland,IRL,"Incidence of tuberculosis (per 100,000 people)",SH.TBS.INCD,12,12,11,12,12,12,12,11,11,11,9.8,9.7,8.5,8.9,7.3,7.2
Ireland,IRL,Diabetes prevalence (% of population ages 20 to 79),SH.STA.DIAB.ZS,..,..,..,..,..,..,..,..,..,..,..,5.2,..,..,..,..
Ireland,IRL,"Physicians (per 1,000 people)",SH.MED.PHYS.ZS,2.239,2.394,2.425,2.594,2.763,3.56,3.662,3.87,3.985,4.038,4.164,4.14,3.98,3.958,3.035,3.143
Ireland,IRL,"Hospital beds (per 1,000 people)",SH.MED.BEDS.ZS,6.19,5.92,5.84,5.73,5.69,5.51,5.31,5.14,4.89,2.85,2.75,2.64,2.56,2.58,2.59,2.94
Ireland,IRL,Current health expenditure (% of GDP),SH.XPD.CHEX.GD.ZS,5.8990283,6.39249372,6.67263031,7.00761414,7.21972942,7.64242792,7.51646996,7.80773735,9.12564754,10.52275753,10.52404499,10.5987215,10.6218853,10.28716469,9.49471951,7.32119417
Ireland,IRL,Access to electricity (% of population),EG.ELC.ACCS.ZS,100,100,100,100,100,100,100,100,100,100,100,100,100,100,100,100
Ireland,IRL,People using at least basic drinking water services (% of population),SH.H2O.BASW.ZS,97.2116915316311,97.1473421011609,97.0826265179365,97.0174141052608,96.9518100323956,96.8858357694902,96.8195960916376,96.7535060932846,96.6871439295448,96.6205071988004,96.5536018695621,96.4864232493498,96.4189638953027,96.351241208789,96.2832427205083,96.214981641015
Ireland,IRL,People using at least basic sanitation services (% of population),SH.STA.BASS.ZS,90.5451771054511,90.4818522485106,90.4175604321002,90.3513583414813,90.2843108401189,90.2165613572136,90.1487253624091,90.0831820728746,90.0171077629064,89.9504578479993,89.883283669164,89.8155361823388,89.7472090427931,89.6783662090079,89.6089498826751,89.5390217351703
Ireland,IRL,GDP per capita (current US$),NY.GDP.PCAP.CD,26334.5672050501,28282.409882073,32705.4345565698,41203.5295847568,47754.2023194244,50933.0216095589,54329.1618599624,61396.417461176,61353.1065629523,52133.0909237885,48679.4026820361,52692.7813135606,49411.7387476787,52619.2123745817,57278.2590911107,64311.8234684057
Ireland,IRL,"School enrollment, secondary (% gross)",SE.SEC.ENRR,105.122367858887,105.217231750488,106.364212036133,107.852996826172,109.409881591797,109.784301757812,109.603439331055,111.234497070312,111.293968200684,114.39266204834,118.096908569336,115.83373260498,117.75218963623,..,116.739097595215,116.989868164062
Israel,ISR,"Life expectancy at birth, total (years)",SP.DYN.LE00.IN,78.9536585365854,79.4073170731707,79.4512195121951,79.6487804878049,80.1463414634146,80.1512195121951,80.5536585365854,80.5048780487805,80.9512195121951,81.4048780487805,81.6024390243903,81.6560975609756,81.7048780487805,82.0560975609756,82.1536585365854,82.0512195121951
Israel,ISR,"Mortality rate, adult, female (per 1,000 female adults)",SP.DYN.AMRT.FE,53.624,52.994,52.904,51.029,48.455,49.709,47.666,47.404,45.151,45.4,43.038,43.868,40.761,41.686,41.504,39.921
Israel,ISR,"Mortality rate, adult, male (per 1,000 male adults)",SP.DYN.AMRT.MA,100.138,97.04,96.157,92.035,90.533,89.465,87.447,83.867,83.96,78.839,77.269,75.336,75.103,74.086,72.369,72.927
Israel,ISR,"Mortality rate, infant (per 1,000 live births)",SP.DYN.IMRT.IN,5.6,5.4,5.1,4.9,4.7,4.5,4.3,4.1,3.9,3.8,3.7,3.5,3.4,3.3,3.2,3.1
Israel,ISR,"Mortality rate, under-5 (per 1,000 live births)",SH.DYN.MORT,6.9,6.6,6.3,6.1,5.8,5.6,5.3,5.1,4.9,4.7,4.6,4.4,4.3,4.1,4,3.9
Israel,ISR,"Prevalence of HIV, total (% of population ages 15-49)",SH.DYN.AIDS.ZS,..,..,..,..,..,..,..,..,..,..,..,..,..,..,..,..
Israel,ISR,"Incidence of tuberculosis (per 100,000 people)",SH.TBS.INCD,10,9.4,8.4,8.3,7.9,6.3,5.7,6.5,5.2,5.5,5.3,6.3,7.6,4.6,5.3,4
Israel,ISR,Diabetes prevalence (% of population ages 20 to 79),SH.STA.DIAB.ZS,..,..,..,..,..,..,..,..,..,..,..,7.4,..,..,..,..
Israel,ISR,"Physicians (per 1,000 people)",SH.MED.PHYS.ZS,3.693,3.706,3.716,3.715,3.68,3.634,3.599,3.563,3.524,3.529,3.519,3.525,3.51,3.483,3.457,3.451
Israel,ISR,"Hospital beds (per 1,000 people)",SH.MED.BEDS.ZS,3.9,3.93,3.88,3.99,3.92,3.85,3.52,3.46,3.4,3.32,3.29,3.27,3.23,3.23,3.21,3.17
Israel,ISR,Current health expenditure (% of GDP),SH.XPD.CHEX.GD.ZS,6.61731339,7.01818132,6.92267561,6.85543919,6.80059671,6.90324974,6.70972347,6.69537067,6.82830238,6.91636944,6.88817596,6.83919144,6.97648525,6.95815229,7.04530668,7.02217817
Israel,ISR,Access to electricity (% of population),EG.ELC.ACCS.ZS,100,100,100,100,100,100,100,100,100,100,100,100,100,100,100,100
Israel,ISR,People using at least basic drinking water services (% of population),SH.H2O.BASW.ZS,100,100,99.9999970119462,100,100,100,99.9999994925706,99.9999998665515,100,100,100,100,99.9999994340339,100,99.9999977771095,100
Israel,ISR,People using at least basic sanitation services (% of population),SH.STA.BASS.ZS,100,100,99.9999970119462,100,100,100,99.9999994925706,99.9999998665515,100,100,100,99.9956562109151,99.9884574761968,99.9813938876175,99.9744578785105,99.9676680162629
Israel,ISR,GDP per capita (current US$),NY.GDP.PCAP.CD,21706.5194056329,20966.3052667971,19076.4584298321,19643.4690380742,20568.0694088834,21286.8388636595,22527.2619795719,25721.2594077311,30269.217773489,28508.4938886475,31439.0887027614,34522.5215979073,33321.4300881602,37034.3161080785,38343.3046626235,36213.1041481958
Israel,ISR,"School enrollment, secondary (% gross)",SE.SEC.ENRR,98.0492706298828,97.8029403686523,99.26904296875,98.2558288574219,97.1919403076172,96.9749221801758,96.7052764892578,96.2301025390625,95.0427474975586,95.8039016723633,96.5111923217773,96.3081588745117,96.2935409545898,96.4981536865234,96.3290405273438,96.3389511108398
Jamaica,JAM,"Life expectancy at birth, total (years)",SP.DYN.LE00.IN,71.281,71.287,71.478,71.585,71.542,71.493,71.395,71.405,71.502,71.717,71.979,72.245,72.405,72.435,72.357,72.214
Jamaica,JAM,"Mortality rate, adult, female (per 1,000 female adults)",SP.DYN.AMRT.FE,135.562,134.004,131.022,127.594,126.469,125.084,124.792,123.023,121.556,119.221,117.53,115.892,115.595,116.502,117.825,119.249
Jamaica,JAM,"Mortality rate, adult, male (per 1,000 male adults)",SP.DYN.AMRT.MA,187.777,190.066,188.194,189.559,192.489,197.115,201.498,203.347,201.112,195.893,189.061,181.939,176.554,174.485,175.897,179.589
Jamaica,JAM,"Mortality rate, infant (per 1,000 live births)",SP.DYN.IMRT.IN,18.9,18.5,18.2,18,17.9,17.8,17.9,17.9,17.9,17.9,17.9,17.9,17.8,17.8,17.7,17.6
Jamaica,JAM,"Mortality rate, under-5 (per 1,000 live births)",SH.DYN.MORT,20.6,20,19.7,19.4,19.2,19.2,19.1,19.2,19.2,19.1,19.1,19,18.9,18.8,18.7,18.7
Jamaica,JAM,"Prevalence of HIV, total (% of population ages 15-49)",SH.DYN.AIDS.ZS,1.7,1.7,1.7,1.7,1.7,1.6,1.6,1.6,1.5,1.5,1.5,1.5,1.4,1.4,1.4,1.3
Jamaica,JAM,"Incidence of tuberculosis (per 100,000 people)",SH.TBS.INCD,6,5.7,4.9,5.5,5.3,4.1,4.3,4.7,4.7,6.2,5.8,4.6,4,4.2,3.7,4.5
Jamaica,JAM,Diabetes prevalence (% of population ages 20 to 79),SH.STA.DIAB.ZS,..,..,..,..,..,..,..,..,..,..,..,15.7,..,..,..,..
Jamaica,JAM,"Physicians (per 1,000 people)",SH.MED.PHYS.ZS,..,..,..,0.85,..,..,..,..,0.407,..,..,..,0.365,0.482,0.392,0.429
Jamaica,JAM,"Hospital beds (per 1,000 people)",SH.MED.BEDS.ZS,..,1.5,1.5,1.3999999762,1.8,1.7,2,1.7,..,1.71,1.82,1.81,1.8,1.69,1.69,1.71
Jamaica,JAM,Current health expenditure (% of GDP),SH.XPD.CHEX.GD.ZS,5.64462519,5.15652943,4.74544334,4.22014141,4.80435276,4.54581785,4.20788145,5.32057667,5.61143064,5.14654493,5.2951932,5.23845339,4.88512897,4.95443439,5.16564465,5.62470436
Jamaica,JAM,Access to electricity (% of population),EG.ELC.ACCS.ZS,84.4,87.7,86.7,86.5,87.2,88,88.7,89.4,92,91,92.2,91.1,93.1,93.9,93.3,94.9
Jamaica,JAM,People using at least basic drinking water services (% of population),SH.H2O.BASW.ZS,93.140042023831,93.2947825938204,93.4446874965991,93.5926484293532,93.4053511765309,93.069850837752,92.7061552592745,92.3410645133306,91.9748077749442,91.6071917949336,91.2383432127958,90.8683929712917,90.4988988817578,90.1300860025781,90.2730934740736,90.4167982455884
Jamaica,JAM,People using at least basic sanitation services (% of population),SH.STA.BASS.ZS,82.7209246969923,82.8257821904739,82.9291258074527,83.0315755436336,83.2747323097475,83.5165243102194,83.7569571991373,83.9960241409202,84.2337116564264,84.4700243377095,84.7049497959263,84.9384474563489,85.1699524759568,85.3991562066654,85.6257649221451,85.849550567348
Jamaica,JAM,GDP per capita (current US$),NY.GDP.PCAP.CD,3453.09252800226,3503.55026688858,3680.64551727724,3549.70758394618,3807.56293124552,4184.43974867497,4417.00127135363,4716.48612542727,5029.80095281745,4428.38153333557,4809.977380312,5232.63644918132,5340.83333232158,5124.21301411137,4975.11325459872,5062.8955502426
Jamaica,JAM,"School enrollment, secondary (% gross)",SE.SEC.ENRR,80.0481491088867,79.911491394043,80.4983978271484,80.8683929443359,85.6572189331055,84.6938323974609,..,86.4005813598633,88.0502090454102,90.1742782592773,89.4939454246108,91.5373916625977,..,85.4017870483818,86.3705618020868,85.3548254033729
Jordan,JOR,"Life expectancy at birth, total (years)",SP.DYN.LE00.IN,71.926,72.141,72.359,72.585,72.788,72.977,73.225,73.407,73.563,73.707,73.797,73.929,74.087,74.282,74.606,75.06
Jordan,JOR,"Mortality rate, adult, female (per 1,000 female adults)",SP.DYN.AMRT.FE,106.129,104.128,102.069,99.761,97.962,95.913,93.609,92.008,90.892,89.539,89.048,87.795,86.346,84.533,81.822,78.049
Jordan,JOR,"Mortality rate, adult, male (per 1,000 male adults)",SP.DYN.AMRT.MA,155.512,152.495,149.526,146.654,143.851,141.843,138.589,136.338,134.282,132.905,132.012,130.882,129.143,126.715,122.268,116.073
Jordan,JOR,"Mortality rate, infant (per 1,000 live births)",SP.DYN.IMRT.IN,22.9,22.2,21.6,20.9,20.3,19.7,19.1,18.5,18,17.5,17,16.6,16.2,15.8,15.4,15
Jordan,JOR,"Mortality rate, under-5 (per 1,000 live births)",SH.DYN.MORT,25.8,25,24.2,23.5,22.7,22,21.3,20.7,20,19.4,18.9,18.3,17.8,17.4,16.9,16.5
Jordan,JOR,"Prevalence of HIV, total (% of population ages 15-49)",SH.DYN.AIDS.ZS,0.1,0.1,0.1,0.1,0.1,0.1,0.1,0.1,0.1,0.1,0.1,0.1,0.1,0.1,0.1,0.1
Jordan,JOR,"Incidence of tuberculosis (per 100,000 people)",SH.TBS.INCD,7.5,8.2,7.3,7.4,7.3,8,7.8,6.7,6.8,6.7,5.8,5.4,5.1,5.1,5.4,5.7
Jordan,JOR,Diabetes prevalence (% of population ages 20 to 79),SH.STA.DIAB.ZS,..,..,..,..,..,..,..,..,..,..,..,12.1,..,..,..,..
Jordan,JOR,"Physicians (per 1,000 people)",SH.MED.PHYS.ZS,1.894,2.058,2.221,2.293,2.06,2.273,2.259,2.36,2.198,2.164,2.339,..,..,2.43,2.27,2.741
Jordan,JOR,"Hospital beds (per 1,000 people)",SH.MED.BEDS.ZS,1.7,1.7,1.7,1.81,1.77,1.79,1.81,1.7,1.69,1.67,1.7,1.69,1.68,1.57,1.43,1.38
Jordan,JOR,Current health expenditure (% of GDP),SH.XPD.CHEX.GD.ZS,9.34367943,9.57236385,9.2786417,8.78901005,8.74670506,8.49441624,7.67925692,7.90982628,8.48880577,9.22396946,8.17025661,8.14807701,7.81799555,7.16592407,7.20892906,7.4609561
Jordan,JOR,Access to electricity (% of population),EG.ELC.ACCS.ZS,99,99,99.5,99,99.2,99,100,98.8,100,99.4,100,99.6,99.5,99.7,99.8,99.9
Jordan,JOR,People using at least basic drinking water services (% of population),SH.H2O.BASW.ZS,98.5618157391789,98.5677892329595,98.5737636959146,98.5797039433001,98.5856665194469,98.6181953473712,98.6578939817567,98.6953978269393,98.7308128523099,98.7640608180852,98.7953569289247,98.8247327077231,98.8523065327898,98.8780677262203,98.9022105490586,98.9124759274238
Jordan,JOR,People using at least basic sanitation services (% of population),SH.STA.BASS.ZS,98.7373908025747,98.7059482001625,98.6513818934278,98.5730567039233,98.4947554047565,98.4064097343711,98.3151224936239,98.2261281659316,98.1392045364686,98.0540855250387,97.9706013227248,97.8885410452405,97.8077286027056,97.7279465127473,97.6490899925234,97.562817519474
Jordan,JOR,GDP per capita (current US$),NY.GDP.PCAP.CD,1570.61002940477,1632.29454010563,1706.26744384401,1775.67625581432,1940.08641342805,2087.87079273635,2342.63459574933,2506.20599484139,3241.6524135556,3435.8337590698,3718.46571622945,3946.85503855525,4169.50470054618,4311.21916713038,4191.18050084986,4042.75678097555
Jordan,JOR,"School enrollment, secondary (% gross)",SE.SEC.ENRR,..,..,83.6367721557617,83.7643737792969,83.6611480712891,84.393669128418,86.7745513916016,87.7151718139648,88.4466781616211,..,87.3644409179688,87.5930404663086,87.2317581176758,87.3027919681245,88.8703034099213,..
Kenya,KEN,"Life expectancy at birth, total (years)",SP.DYN.LE00.IN,56.084,56.501,56.759,57.369,57.947,58.51,59.059,59.407,59.955,60.483,60.915,61.283,61.537,61.729,61.99,62.279
Kenya,KEN,"Mortality rate, adult, female (per 1,000 female adults)",SP.DYN.AMRT.FE,390.387,384.892,386.799,382.011,374.474,366.961,357.357,350.759,341.415,332.862,324.581,316.788,312.581,308.951,303.543,296.64
Kenya,KEN,"Mortality rate, adult, male (per 1,000 male adults)",SP.DYN.AMRT.MA,393.626,394.561,403.302,395.414,392.508,390.718,389.598,395.587,390.293,385.111,381.68,379.628,377.807,376.978,375.296,372.268
Kenya,KEN,"Mortality rate, infant (per 1,000 live births)",SP.DYN.IMRT.IN,63.8,61.2,58.3,55.5,52.5,49.4,46.9,44.9,42.4,41.9,41.4,41.1,41.3,40.9,40.1,39.1
Kenya,KEN,"Mortality rate, under-5 (per 1,000 live births)",SH.DYN.MORT,96.3,91.6,86.6,81.6,76.6,71.5,67.1,63.2,58.2,55.4,53.5,52.2,51.2,50,48.8,47.4
Kenya,KEN,"Prevalence of HIV, total (% of population ages 15-49)",SH.DYN.AIDS.ZS,8.8,8.3,7.8,7.4,6.9,6.5,6.2,6,5.8,5.6,5.5,5.3,5.2,5,4.9,4.7
Kenya,KEN,"Incidence of tuberculosis (per 100,000 people)",SH.TBS.INCD,451,499,534,610,634,630,646,618,564,566,531,506,471,443,423,380
Kenya,KEN,Diabetes prevalence (% of population ages 20 to 79),SH.STA.DIAB.ZS,..,..,..,..,..,..,..,..,..,..,..,5.1,..,..,..,..
Kenya,KEN,"Physicians (per 1,000 people)",SH.MED.PHYS.ZS,..,..,0.138,..,..,..,..,..,0.169,0.171,0.172,0.177,0.185,0.194,0.2,..
Kenya,KEN,"Hospital beds (per 1,000 people)",SH.MED.BEDS.ZS,..,..,1.9,..,1.4,..,1.4,..,..,..,1.4,..,..,..,..,..
Kenya,KEN,Current health expenditure (% of GDP),SH.XPD.CHEX.GD.ZS,3.62446713,3.73997474,3.82154393,4.03360462,4.21154118,4.2173605,5.01337528,5.12351847,5.19043827,5.29172945,5.38849831,5.20212841,5.0180583,4.93100405,4.91267347,4.76439571
Kenya,KEN,Access to electricity (% of population),EG.ELC.ACCS.ZS,15.2,17,18.9,16,22.6,24.5,26.4,28.3,30.3,23,19.2,36.2,38.1,40.1,36,41.6
Kenya,KEN,People using at least basic drinking water services (% of population),SH.H2O.BASW.ZS,47.5215439625049,48.2518992281649,48.979444352568,49.7040605333866,50.4256238590254,51.1430915602267,51.8573012461913,52.5681331555402,53.275470069156,53.9783235891312,54.6774682238522,55.3748717303116,56.069887517384,56.763103474007,57.4534727374167,58.1411638109897
Kenya,KEN,People using at least basic sanitation services (% of population),SH.STA.BASS.ZS,28.0531661128667,28.3656056383386,28.7335944914558,29.103314991973,29.4748031581827,29.848047955005,30.2231399084341,30.6001210320194,30.979034639325,31.3598599769359,31.74269809332,32.1277605077796,32.5150753685583,32.9047720711466,33.2968469581464,33.6913972045979
Kenya,KEN,GDP per capita (current US$),NY.GDP.PCAP.CD,414.626365130846,410.700452474814,402.936385605382,442.898457253405,463.662781300121,523.456312433863,699.80237063381,840.201439476765,915.54435473604,1047.9678324485,1091.51873101194,1096.14499807675,1285.00536171512,1370.87885214659,1482.81566253497,1489.11959777284
Kenya,KEN,"School enrollment, secondary (% gross)",SE.SEC.ENRR,40.9617881774902,41.6857109069824,41.8610191345215,43.5811309814453,47.1179389953613,47.2635917663574,48.8131103515625,50.8713607788086,57.0353507995605,57.7407112121582,..,..,..,..,..,72.5750860661828
"Korea, Dem. People's Rep.",PRK,"Life expectancy at birth, total (years)",SP.DYN.LE00.IN,60.911,60.893,60.877,69.399,69.294,69.168,69.061,69.021,69.303,69.702,70.246,70.772,71.317,71.867,72.451,72.825
"Korea, Dem. People's Rep.",PRK,"Mortality rate, adult, female (per 1,000 female adults)",SP.DYN.AMRT.FE,165.321,166.684,168.132,107.625,109.388,111.263,113.103,115.468,115.908,115.977,114.436,112.994,111.177,109.018,107.037,105.487
"Korea, Dem. People's Rep.",PRK,"Mortality rate, adult, male (per 1,000 male adults)",SP.DYN.AMRT.MA,273.839,275.981,278.021,209.858,212.821,215.789,218.351,216.932,211.127,202.81,194.759,187.666,180.825,174.565,166.718,163.07
"Korea, Dem. People's Rep.",PRK,"Mortality rate, infant (per 1,000 live births)",SP.DYN.IMRT.IN,59.4,58.6,57.7,27.3,26.8,26.3,25.9,25.6,24.7,23.9,22.9,21.7,20.6,19.3,18.2,17.2
"Korea, Dem. People's Rep.",PRK,"Mortality rate, under-5 (per 1,000 live births)",SH.DYN.MORT,100.2,99,97.8,34.5,33.8,33.3,32.8,32.4,31,30,28.7,27.2,25.7,24.1,22.6,21.4
"Korea, Dem. People's Rep.",PRK,"Prevalence of HIV, total (% of population ages 15-49)",SH.DYN.AIDS.ZS,..,..,..,..,..,..,..,..,..,..,..,..,..,..,..,..
"Korea, Dem. People's Rep.",PRK,"Incidence of tuberculosis (per 100,000 people)",SH.TBS.INCD,513,513,513,513,513,513,513,513,513,513,513,513,513,513,513,513
"Korea, Dem. People's Rep.",PRK,Diabetes prevalence (% of population ages 20 to 79),SH.STA.DIAB.ZS,..,..,..,..,..,..,..,..,..,..,..,8.4,..,..,..,..
"Korea, Dem. People's Rep.",PRK,"Physicians (per 1,000 people)",SH.MED.PHYS.ZS,..,..,..,3.137,..,..,..,..,3.267,..,..,..,3.434,..,3.496,..
"Korea, Dem. People's Rep.",PRK,"Hospital beds (per 1,000 people)",SH.MED.BEDS.ZS,..,..,13.2,..,..,..,..,..,..,..,14.3,..,13.2,..,..,..
"Korea, Dem. People's Rep.",PRK,Current health expenditure (% of GDP),SH.XPD.CHEX.GD.ZS,..,..,..,..,..,..,..,..,..,..,..,..,..,..,..,..
"Korea, Dem. People's Rep.",PRK,Access to electricity (% of population),EG.ELC.ACCS.ZS,..,..,..,..,..,..,..,..,..,26,29.3,31.4,33.6,35.7,37.8,40
"Korea, Dem. People's Rep.",PRK,People using at least basic drinking water services (% of population),SH.H2O.BASW.ZS,99.3029424138404,99.3025428052032,99.3021505403324,99.3017601327987,99.2395010690127,98.8654694870278,98.4923397809476,98.1201002491517,97.7487527395899,97.3801754237773,97.0141879545271,96.6502061829042,96.2883252390654,95.9284731313416,95.5706756556801,95.2148804205921
"Korea, Dem. People's Rep.",PRK,People using at least basic sanitation services (% of population),SH.STA.BASS.ZS,..,..,75.1954252766443,75.2058214253932,75.2163508743942,75.2267468716024,75.2372780830799,75.9237808369716,76.6139834715839,77.3190352811157,78.0324082646269,78.7500011828648,79.4722786605934,80.1989513101531,80.9301779514107,81.6658108836529
"Korea, Dem. People's Rep.",PRK,GDP per capita (current US$),NY.GDP.PCAP.CD,..,..,..,..,..,..,..,..,..,..,..,..,..,..,..,..
"Korea, Dem. People's Rep.",PRK,"School enrollment, secondary (% gross)",SE.SEC.ENRR,..,..,..,..,..,..,..,..,..,..,..,..,..,..,..,94.2515411376953
Kosovo,XKX,"Life expectancy at birth, total (years)",SP.DYN.LE00.IN,71.321,71.782,72.227,72.678,73.132,73.437,73.63,74.422,74.711,74.79,74.609,75.323,75.75,76.336,76.179,76.024
Kosovo,XKX,"Mortality rate, adult, female (per 1,000 female adults)",SP.DYN.AMRT.FE,76.626,75.721,74.807,73.262,72.207,72.569,72.847,58.531,64.63,63.389,68.002,62.17,58.427,55.231,55.447,65.98
Kosovo,XKX,"Mortality rate, adult, male (per 1,000 male adults)",SP.DYN.AMRT.MA,134.474,131.938,129.35,126.305,123.223,115.781,124.42,116.081,115.46,116.293,125.142,112.68,107.692,97.678,106.139,115.166
Kosovo,XKX,"Mortality rate, infant (per 1,000 live births)",SP.DYN.IMRT.IN,43.4,39.7,36.3,33.1,30.3,27.7,25.4,23.3,21.5,19.8,18.3,17,15.9,14.8,13.9,13
Kosovo,XKX,"Mortality rate, under-5 (per 1,000 live births)",SH.DYN.MORT,48.3,44.1,40.2,36.6,33.4,30.5,27.9,25.6,23.6,21.7,20.1,18.7,17.4,16.3,15.2,14.3
Kosovo,XKX,"Prevalence of HIV, total (% of population ages 15-49)",SH.DYN.AIDS.ZS,..,..,..,..,..,..,..,..,..,..,..,..,..,..,..,..
Kosovo,XKX,"Incidence of tuberculosis (per 100,000 people)",SH.TBS.INCD,..,..,..,..,..,..,..,..,..,..,..,..,..,..,..,..
Kosovo,XKX,Diabetes prevalence (% of population ages 20 to 79),SH.STA.DIAB.ZS,..,..,..,..,..,..,..,..,..,..,..,..,..,..,..,..
Kosovo,XKX,"Physicians (per 1,000 people)",SH.MED.PHYS.ZS,..,..,..,..,..,..,..,..,..,..,..,..,..,..,..,..
Kosovo,XKX,"Hospital beds (per 1,000 people)",SH.MED.BEDS.ZS,..,..,..,..,..,..,..,..,..,..,..,..,..,..,..,..
Kosovo,XKX,Current health expenditure (% of GDP),SH.XPD.CHEX.GD.ZS,..,..,..,..,..,..,..,..,..,..,..,..,..,..,..,..
Kosovo,XKX,Access to electricity (% of population),EG.ELC.ACCS.ZS,..,..,..,..,..,..,..,..,..,..,..,..,..,..,..,..
Kosovo,XKX,People using at least basic drinking water services (% of population),SH.H2O.BASW.ZS,..,..,..,..,..,..,..,..,..,..,..,..,..,..,..,..
Kosovo,XKX,People using at least basic sanitation services (% of population),SH.STA.BASS.ZS,..,..,..,..,..,..,..,..,..,..,..,..,..,..,..,..
Kosovo,XKX,GDP per capita (current US$),NY.GDP.PCAP.CD,..,..,..,..,..,..,..,..,2877.39331402724,2794.86699473069,2987.54519574464,3538.94759838576,3410.65550749316,3704.55872781672,3902.49424360946,3520.62850699375
Kosovo,XKX,"School enrollment, secondary (% gross)",SE.SEC.ENRR,..,..,..,..,..,..,..,..,..,..,..,..,..,..,..,..
Kyrgyz Republic,KGZ,"Life expectancy at birth, total (years)",SP.DYN.LE00.IN,68.5585365853659,68.7073170731707,68.1560975609756,68.2560975609756,68.1536585365854,67.9560975609756,67.6951219512195,67.8951219512195,68.4512195121951,69.1024390243903,69.3,69.6024390243903,70.0024390243902,70.2024390243902,70.4024390243902,70.6512195121951
Kyrgyz Republic,KGZ,"Mortality rate, adult, female (per 1,000 female adults)",SP.DYN.AMRT.FE,157.682,157.236,159.517,159.809,159.21,157.857,156.33,153.421,146.99,141.559,137.416,135.108,131.855,126.766,123.235,115.737
Kyrgyz Republic,KGZ,"Mortality rate, adult, male (per 1,000 male adults)",SP.DYN.AMRT.MA,346.054,347.783,345.802,341.786,339.007,340.014,344.777,341.001,326.59,314.024,306.336,301.912,293.119,284.375,275.177,260.482
Kyrgyz Republic,KGZ,"Mortality rate, infant (per 1,000 live births)",SP.DYN.IMRT.IN,44,41.7,39.5,37.5,35.7,34.1,32.6,31,29.3,27.4,25.7,24,22.7,21.5,20.4,19.4
Kyrgyz Republic,KGZ,"Mortality rate, under-5 (per 1,000 live births)",SH.DYN.MORT,50.8,48.1,45.7,43.3,41.2,39.3,37.6,35.7,33.7,31.6,29.6,27.7,26,24.7,23.5,22.2
Kyrgyz Republic,KGZ,"Prevalence of HIV, total (% of population ages 15-49)",SH.DYN.AIDS.ZS,0.1,0.1,0.1,0.1,0.1,0.1,0.1,0.1,0.1,0.1,0.1,0.1,0.2,0.2,0.2,0.2
Kyrgyz Republic,KGZ,"Incidence of tuberculosis (per 100,000 people)",SH.TBS.INCD,145,154,152,146,139,143,139,135,148,128,120,125,127,142,126,136
Kyrgyz Republic,KGZ,Diabetes prevalence (% of population ages 20 to 79),SH.STA.DIAB.ZS,..,..,..,..,..,..,..,..,..,..,..,6.3,..,..,..,..
Kyrgyz Republic,KGZ,"Physicians (per 1,000 people)",SH.MED.PHYS.ZS,2.796,2.686,2.568,2.541,2.512,2.46,2.392,2.309,2.313,2.307,2.313,2.272,2.258,2.266,2.225,..
Kyrgyz Republic,KGZ,"Hospital beds (per 1,000 people)",SH.MED.BEDS.ZS,6.97,6.09,5.46,5.24,5.07,5.04,5.01,5.3,5.28,5.13,5.06,4.98,4.92,4.82,4.74,4.55
Kyrgyz Republic,KGZ,Current health expenditure (% of GDP),SH.XPD.CHEX.GD.ZS,4.41414976,4.27703238,4.59219551,5.82382107,6.20281315,7.45010662,8.3118391,6.93210649,6.52511883,6.89873457,6.95027161,7.1072917,8.50966358,8.18745136,7.35766459,7.14930916
Kyrgyz Republic,KGZ,Access to electricity (% of population),EG.ELC.ACCS.ZS,99.6,99.5,100,99.4,99.3,99.4,98.9,99.5,99.5,99.5,99,98.3,99.8,98.9,99.8,98.7
Kyrgyz Republic,KGZ,People using at least basic drinking water services (% of population),SH.H2O.BASW.ZS,80.1783460675784,80.1779002393381,80.8258060455199,81.4735133654664,82.1214480409789,82.6625994147722,83.2016848450411,83.7383032730446,84.2726580694836,84.8049318232824,85.3389954123315,85.8747231329493,86.4119693986612,86.9500865237828,87.4889459051265,88.0282482591756
Kyrgyz Republic,KGZ,People using at least basic sanitation services (% of population),SH.STA.BASS.ZS,92.299621142972,92.2996230159931,92.5670169746564,92.8344257112273,93.1018357098559,93.4672004731099,93.8330936191127,94.1995415781327,94.5665321678369,94.934041386875,95.3014005515192,95.6683764988876,96.0347136072869,96.4002621170474,96.7647725103867,97.1280230937868
Kyrgyz Republic,KGZ,GDP per capita (current US$),NY.GDP.PCAP.CD,279.621738464365,308.41129550148,321.726775366804,380.505828812441,433.233873286,476.548193640077,543.113512472219,721.771577544361,966.388569370494,870.198894546917,876.954476440354,1117.40174350185,1168.62244675446,1269.66303464348,1264.52668823891,1105.65193844261
Kyrgyz Republic,KGZ,"School enrollment, secondary (% gross)",SE.SEC.ENRR,82.4341583251953,83.5917129516602,82.7385635375977,87.8954772949219,86.5721893310547,85.4348373413086,85.5732421875,84.9611129760742,..,86.7180862426758,87.7688035961973,87.5220892813577,87.2870662875623,87.7240351123141,89.4164090538588,88.9591724149373
Latvia,LVA,"Life expectancy at birth, total (years)",SP.DYN.LE00.IN,70.3146341463415,70.7609756097561,70.9609756097561,71.2658536585366,72.0268292682927,71.3560975609756,70.8658536585366,71.019512195122,72.419512195122,73.0804878048781,73.4829268292683,73.5756097560976,73.7780487804878,73.9829268292683,74.1243902439024,74.4804878048781
Latvia,LVA,"Mortality rate, adult, female (per 1,000 female adults)",SP.DYN.AMRT.FE,121.788,124.283,118.341,121.841,117.07,116.971,126.533,118.268,106.761,102.465,98.658,94.852,87.355,93.69,89.021,85.92
Latvia,LVA,"Mortality rate, adult, male (per 1,000 male adults)",SP.DYN.AMRT.MA,329.836,339.775,332.094,313.476,309.232,325.304,335.496,323.614,290.728,268.979,263.085,247.424,243.192,242.15,241.36,234.554
Latvia,LVA,"Mortality rate, infant (per 1,000 live births)",SP.DYN.IMRT.IN,11.6,10.8,10.3,9.7,9.2,8.6,8.1,7.7,7.3,6.9,6.5,6,5.5,5,4.6,4.3
Latvia,LVA,"Mortality rate, under-5 (per 1,000 live births)",SH.DYN.MORT,14.2,13.3,12.6,11.9,11.2,10.5,9.9,9.3,8.8,8.3,7.8,7.2,6.6,6,5.5,5.1
Latvia,LVA,"Prevalence of HIV, total (% of population ages 15-49)",SH.DYN.AIDS.ZS,0.3,0.3,0.3,0.4,0.4,0.4,0.4,0.5,0.5,0.5,0.5,0.5,0.6,0.6,0.6,0.6
Latvia,LVA,"Incidence of tuberculosis (per 100,000 people)",SH.TBS.INCD,96,98,90,85,80,72,67,64,55,51,50,48,54,50,43,41
Latvia,LVA,Diabetes prevalence (% of population ages 20 to 79),SH.STA.DIAB.ZS,..,..,..,..,..,..,..,..,..,..,..,7.8,..,..,..,..
Latvia,LVA,"Physicians (per 1,000 people)",SH.MED.PHYS.ZS,2.85,2.662,2.77,2.824,2.917,2.968,3.049,3.178,3.274,3.176,3.101,3.108,3.115,3.162,3.189,3.175
Latvia,LVA,"Hospital beds (per 1,000 people)",SH.MED.BEDS.ZS,8.68,8.2,7.81,7.93,7.91,7.92,7.9,7.92,7.86,6.79,5.67,5.83,5.83,5.75,5.61,5.65
Latvia,LVA,Current health expenditure (% of GDP),SH.XPD.CHEX.GD.ZS,5.43338442,5.77004433,5.76281166,5.4793458,6.20221329,5.83247328,5.70438385,5.51350451,5.58478308,6.09759474,6.097435,5.72401047,5.41047668,5.40874767,5.46339607,5.65211773
Latvia,LVA,Access to electricity (% of population),EG.ELC.ACCS.ZS,99.9,99.9,99.8,99.8,99.7,99.7,99.6,99.7,99.7,100,99.8,99.8,100,100,100,100
Latvia,LVA,People using at least basic drinking water services (% of population),SH.H2O.BASW.ZS,97.8027224566011,97.7993190131004,97.8486441734466,97.8995621226117,97.9543592991945,98.008884088551,98.0601767778274,98.1108519087607,98.1617324380163,98.2136201520075,98.266358440359,98.3190303591245,98.3716321139667,98.4241537968664,98.4765906084133,98.5289621895309
Latvia,LVA,People using at least basic sanitation services (% of population),SH.STA.BASS.ZS,87.5353630534014,87.5095692733427,87.9289868931011,88.2626549603957,88.5448158476272,88.8241774974135,89.0755870920017,89.319748469334,89.5634889034446,89.8144012031932,90.0717571918189,90.3274278884159,90.5812569807795,90.833237369541,91.0832380907094,91.5193356535178
Latvia,LVA,GDP per capita (current US$),NY.GDP.PCAP.CD,3278.17896440803,3504.61829462397,4003.60935783538,4914.57992829302,6109.73265186817,7283.78738127622,9211.7374468148,13370.9789452508,15677.6080864506,11996.0322729773,11188.4191700977,12902.574053337,13329.3499931271,14484.4715282132,15185.814581236,13321.9753140616
Latvia,LVA,"School enrollment, secondary (% gross)",SE.SEC.ENRR,90.0659713745117,92.8558120727539,95.2927322387695,96.5377883911133,99.2952423095703,102.686317443848,103.965400695801,103.921241760254,104.897567749023,99.4204025268555,102.822158813477,105.565788269043,106.344802856445,114.776809692383,113.706932067871,112.356651306152
Japan,JPN,"Life expectancy at birth, total (years)",SP.DYN.LE00.IN,81.0760975609756,81.4163414634146,81.6907317073171,81.76,82.030243902439,81.9551219512195,82.3219512195122,82.5070731707317,82.5875609756098,82.9314634146342,82.8426829268293,82.5912195121951,83.0960975609756,83.3319512195122,83.5878048780488,83.7939024390244
Japan,JPN,"Mortality rate, adult, female (per 1,000 female adults)",SP.DYN.AMRT.FE,47.678,46.442,45.427,44.965,45.393,45.07,44.117,43.235,42.722,41.645,41.443,45.256,39.817,39.211,38.752,37.142
Japan,JPN,"Mortality rate, adult, male (per 1,000 male adults)",SP.DYN.AMRT.MA,98.382,96.695,95.051,95.879,92.677,92.668,89.142,87.189,85.382,84.429,82.824,83.291,77.023,75.083,72.613,70.19
Japan,JPN,"Mortality rate, infant (per 1,000 live births)",SP.DYN.IMRT.IN,3.3,3.1,3,2.9,2.8,2.7,2.7,2.6,2.5,2.4,2.4,2.3,2.2,2.2,2.1,2
Japan,JPN,"Mortality rate, under-5 (per 1,000 live births)",SH.DYN.MORT,4.5,4.3,4.1,4,3.9,3.7,3.6,3.5,3.4,3.4,3.3,3.3,3.1,3,2.9,2.8
Japan,JPN,"Prevalence of HIV, total (% of population ages 15-49)",SH.DYN.AIDS.ZS,..,..,..,..,..,..,..,..,..,..,..,..,..,..,..,..
Japan,JPN,"Incidence of tuberculosis (per 100,000 people)",SH.TBS.INCD,36,32,30,28,27,24,23,22,22,21,20,20,19,18,18,17
Japan,JPN,Diabetes prevalence (% of population ages 20 to 79),SH.STA.DIAB.ZS,..,..,..,..,..,..,..,..,..,..,..,7.7,..,..,..,..
Japan,JPN,"Physicians (per 1,000 people)",SH.MED.PHYS.ZS,1.935,..,1.979,..,2.031,..,2.083,..,2.147,..,2.213,..,2.284,..,2.354,..
Japan,JPN,"Hospital beds (per 1,000 people)",SH.MED.BEDS.ZS,14.7,14.61,14.45,14.27,14.2,14.07,13.97,13.87,13.71,13.61,13.51,13.38,13.33,13.28,13.18,13.15
Japan,JPN,Current health expenditure (% of GDP),SH.XPD.CHEX.GD.ZS,7.03456163,7.23947906,7.35235405,7.48654842,7.53518438,7.65818596,7.68688869,7.77935696,8.08909321,8.9587822,9.0630064,10.48780155,10.67169094,10.67438698,10.7290144,10.74969959
Japan,JPN,Access to electricity (% of population),EG.ELC.ACCS.ZS,100,100,100,100,100,100,100,100,100,100,100,100,100,100,100,100
Japan,JPN,People using at least basic drinking water services (% of population),SH.H2O.BASW.ZS,98.5041275829008,98.5041275829008,98.5041275829008,98.5041275829008,98.5041275829008,98.5413402058129,98.5785528287251,98.6157654516372,98.6529780745494,98.6901906974615,98.7274033203737,98.7646159432859,98.801828566198,98.8390411891102,98.8762538120223,98.9134664349345
Japan,JPN,People using at least basic sanitation services (% of population),SH.STA.BASS.ZS,100,99.9995604768146,99.9966142135669,99.9936679503193,99.9907216870716,99.9877754238239,99.9848291605762,99.9818828973285,99.9789366340809,99.9759903708332,99.9730441075855,99.9700978443378,99.9671515810901,99.9642053178424,99.9612590545948,99.9583127913471
Japan,JPN,GDP per capita (current US$),NY.GDP.PCAP.CD,39169.3595701504,34406.1824638092,32820.7936433254,35387.0374203599,38298.9801712303,37812.8950199948,35991.546002862,35779.0245416427,39876.3039685725,41308.9968370512,44968.1562349739,48760.0789494211,49145.2804308193,40898.6478964744,38475.3952461838,34960.6393843385
Japan,JPN,"School enrollment, secondary (% gross)",SE.SEC.ENRR,..,..,..,..,..,..,..,..,..,..,..,..,..,101.781173706055,101.813980102539,102.200416564941
Kazakhstan,KAZ,"Life expectancy at birth, total (years)",SP.DYN.LE00.IN,63.793,64.108,64.441,64.753,65.04,65.356,65.722,66.18,66.759,67.46,68.257,69.108,69.939,70.719,71.415,72.024
Kazakhstan,KAZ,"Mortality rate, adult, female (per 1,000 female adults)",SP.DYN.AMRT.FE,177.419,175.679,173.346,170.713,167.913,164.482,160.591,156.004,150.618,144.482,137.939,131.181,124.576,118.31,112.546,107.306
Kazakhstan,KAZ,"Mortality rate, adult, male (per 1,000 male adults)",SP.DYN.AMRT.MA,425.655,422.012,417.901,414.48,411.714,408.259,403.106,395.036,382.988,366.809,348.036,328.074,308.476,290.36,274.538,260.95
Kazakhstan,KAZ,"Mortality rate, infant (per 1,000 live births)",SP.DYN.IMRT.IN,36,33.7,31.7,29.7,27.9,26,24.2,22.3,20.4,18.5,16.7,14.9,13.3,11.7,10.5,9.5
Kazakhstan,KAZ,"Mortality rate, under-5 (per 1,000 live births)",SH.DYN.MORT,42.5,39.9,37.6,35.4,33.3,31.2,29,26.9,24.7,22.5,20.4,18.3,16.3,14.6,13,11.9
Kazakhstan,KAZ,"Prevalence of HIV, total (% of population ages 15-49)",SH.DYN.AIDS.ZS,0.1,0.1,0.1,0.1,0.1,0.1,0.1,0.1,0.1,0.1,0.1,0.2,0.2,0.2,0.2,0.2
Kazakhstan,KAZ,"Incidence of tuberculosis (per 100,000 people)",SH.TBS.INCD,171,185,193,196,195,187,175,164,158,152,144,135,122,106,91,81
Kazakhstan,KAZ,Diabetes prevalence (% of population ages 20 to 79),SH.STA.DIAB.ZS,..,..,..,..,..,..,..,..,..,..,..,7.7,..,..,..,..
Kazakhstan,KAZ,"Physicians (per 1,000 people)",SH.MED.PHYS.ZS,3.213,3.356,3.498,3.543,3.528,3.546,3.635,3.585,3.639,3.698,3.839,3.861,3.831,3.878,3.914,3.909
Kazakhstan,KAZ,"Hospital beds (per 1,000 people)",SH.MED.BEDS.ZS,7.02,6.78,6.8,7.45,7.51,7.51,7.52,7.47,7.46,7.39,7.16,6.98,6.61,6.2,5.98,5.75
Kazakhstan,KAZ,Current health expenditure (% of GDP),SH.XPD.CHEX.GD.ZS,4.16032362,3.47098351,3.61481094,3.72334599,3.98307943,3.90173173,3.39824891,2.70314884,3.02569818,3.47355556,2.73641348,2.60236716,3.03725958,2.66286707,2.97468472,3.04051137
Kazakhstan,KAZ,Access to electricity (% of population),EG.ELC.ACCS.ZS,99.6,99.7,99.8,99.9,100,100,99.8,100,100,100,100,99.8,100,100,100,100
Kazakhstan,KAZ,People using at least basic drinking water services (% of population),SH.H2O.BASW.ZS,90.1456856906055,90.5514736551579,90.9003046170282,91.2482276644926,91.5952525015184,91.9413654970705,92.2865657278416,92.6308557902812,92.9742349552247,93.3167062650438,93.658151284706,93.9987857063682,94.3385051458283,94.6322012316253,94.8292003225759,95.0253353861125
Kazakhstan,KAZ,People using at least basic sanitation services (% of population),SH.STA.BASS.ZS,96.8030172339136,96.8027296769734,96.8623685856494,96.9218622252002,96.9812236149291,97.0506570941233,97.119955796265,97.1891251295195,97.2581648088745,97.3270807960767,97.3958712664256,97.4645182338778,97.5330382592662,97.6014267255777,97.6696969783426,97.7378253810855
Kazakhstan,KAZ,GDP per capita (current US$),NY.GDP.PCAP.CD,1180.0444563226,1422.27331810957,1573.55219932325,1958.02050246511,2722.47407755402,3577.35804001782,5030.13494711519,6449.43931096532,8123.54705891736,6938.01175663001,8793.07589980782,11287.1464926039,12018.7966527993,13478.459627612,12427.7094576939,10196.1226255982
Kazakhstan,KAZ,"School enrollment, secondary (% gross)",SE.SEC.ENRR,89.0767288208008,..,..,..,..,..,98.4432830810547,..,..,..,98.5237492649908,98.8350532967319,99.0180187395814,97.6500312583517,98.522388891969,98.2120601574997
Kiribati,KIR,"Life expectancy at birth, total (years)",SP.DYN.LE00.IN,64.674,64.918,65.123,65.287,65.416,65.517,65.601,65.677,65.746,65.808,65.859,65.896,65.908,65.898,65.869,65.831
Kiribati,KIR,"Mortality rate, adult, female (per 1,000 female adults)",SP.DYN.AMRT.FE,190.947,188.533,186.507,184.874,183.598,182.592,181.766,181.04,180.373,179.766,179.272,178.948,178.834,178.918,179.157,179.448
Kiribati,KIR,"Mortality rate, adult, male (per 1,000 male adults)",SP.DYN.AMRT.MA,240.795,238.018,235.656,233.731,232.211,231.013,230.031,229.173,228.387,227.676,227.103,226.747,226.672,226.893,227.37,227.975
Kiribati,KIR,"Mortality rate, infant (per 1,000 live births)",SP.DYN.IMRT.IN,49.1,47.7,46.5,45.6,44.9,44.4,44,43.5,43,42.5,42.1,41.8,41.7,41.7,41.9,42.2
Kiribati,KIR,"Mortality rate, under-5 (per 1,000 live births)",SH.DYN.MORT,66.4,64.6,63.1,62,61.3,60.7,60.3,59.9,59.3,58.7,58.2,57.9,57.8,58,58.4,58.9
Kiribati,KIR,"Prevalence of HIV, total (% of population ages 15-49)",SH.DYN.AIDS.ZS,..,..,..,..,..,..,..,..,..,..,..,..,..,..,..,..
Kiribati,KIR,"Incidence of tuberculosis (per 100,000 people)",SH.TBS.INCD,355,262,266,377,403,423,472,409,402,326,329,387,385,447,449,531
Kiribati,KIR,Diabetes prevalence (% of population ages 20 to 79),SH.STA.DIAB.ZS,..,..,..,..,..,..,..,..,..,..,..,25.3,..,..,..,..
Kiribati,KIR,"Physicians (per 1,000 people)",SH.MED.PHYS.ZS,..,..,..,..,..,..,..,..,0.24,..,0.38,0.137,..,0.194,..,..
Kiribati,KIR,"Hospital beds (per 1,000 people)",SH.MED.BEDS.ZS,..,..,..,..,1.5,1.51,..,..,..,1.5,1.33,1.3,..,..,..,1.9
Kiribati,KIR,Current health expenditure (% of GDP),SH.XPD.CHEX.GD.ZS,7.77379847,11.90547657,11.4402895,10.05060768,12.17176056,11.36301994,11.30852318,10.9454546,13.51428604,12.73888874,8.76666641,7.98947382,7.94999981,8.7081337,8.9549551,7.21568632
Kiribati,KIR,Access to electricity (% of population),EG.ELC.ACCS.ZS,55.6,57.3,59,60.7,62.4,69.7,68.8,67.7,69.4,64.2,63.2,74.9,76.7,78.8,83.4,90.6
Kiribati,KIR,People using at least basic drinking water services (% of population),SH.H2O.BASW.ZS,60.893231266574,61.672187400106,62.311559608407,62.9513089489861,63.5911519803367,64.2307946096165,65.0064925331894,65.8907744488687,66.7466716821765,67.5288680794794,68.1872255114254,68.839459835366,69.4853912854622,70.1236598577451,70.7549985030549,71.3789331649567
Kiribati,KIR,People using at least basic sanitation services (% of population),SH.STA.BASS.ZS,32.799771175436,33.6972556205685,34.4581321248732,35.2190619186715,35.9797759872665,36.740026099467,37.6116631413571,38.5628006706704,39.1671986023562,39.7450196824301,40.2962738587933,40.8207305562417,41.3181565213342,41.7876457261362,42.229580760052,42.6436135669243
Kiribati,KIR,GDP per capita (current US$),NY.GDP.PCAP.CD,845.367240231973,718.833787096781,810.10870037444,1020.50033851394,1083.2688987175,1161.78341739977,1123.19258990684,1352.57814048911,1410.62246914058,1316.62753853678,1522.10068744154,1771.12926848792,1843.55336349889,1772.08718317132,1736.70535682101,1639.85274740652
Kiribati,KIR,"School enrollment, secondary (% gross)",SE.SEC.ENRR,62.1038703918457,76.2893295288086,81.5949478149414,87.8011093139648,87.655158996582,85.8441390991211,84.0447463989258,83.7022018432617,82.9311904907227,..,..,..,..,..,..,..
"Korea, Rep.",KOR,"Life expectancy at birth, total (years)",SP.DYN.LE00.IN,75.909756097561,76.4121951219512,76.7658536585366,77.2146341463415,77.6658536585366,78.1682926829268,78.6682926829268,79.119512195122,79.5170731707317,79.9682926829268,80.1170731707317,80.5682926829269,80.819512195122,81.2707317073171,81.7219512195122,82.0243902439024
"Korea, Rep.",KOR,"Mortality rate, adult, female (per 1,000 female adults)",SP.DYN.AMRT.FE,64.232,59.482,58.179,57.294,54.202,51.664,48.119,45.916,41.59,37.41,35.396,32.7,31.39,28.897,26.556,25.723
"Korea, Rep.",KOR,"Mortality rate, adult, male (per 1,000 male adults)",SP.DYN.AMRT.MA,161.467,152.119,146.331,141.081,135.796,129.237,122.818,117.103,110.651,101.45,97.391,90.886,87.057,80.543,74.701,70.854
"Korea, Rep.",KOR,"Mortality rate, infant (per 1,000 live births)",SP.DYN.IMRT.IN,5.8,5.5,5.3,5,4.7,4.4,4.1,3.8,3.6,3.4,3.3,3.2,3.1,3,2.9,2.9
"Korea, Rep.",KOR,"Mortality rate, under-5 (per 1,000 live births)",SH.DYN.MORT,7.5,7.1,6.8,6.4,6,5.6,5.2,4.8,4.5,4.3,4.1,4,3.8,3.7,3.6,3.5
"Korea, Rep.",KOR,"Prevalence of HIV, total (% of population ages 15-49)",SH.DYN.AIDS.ZS,..,..,..,..,..,..,..,..,..,..,..,..,..,..,..,..
"Korea, Rep.",KOR,"Incidence of tuberculosis (per 100,000 people)",SH.TBS.INCD,50,85,79,83,78,96,94,93,90,95,97,101,94,89,85,79
"Korea, Rep.",KOR,Diabetes prevalence (% of population ages 20 to 79),SH.STA.DIAB.ZS,..,..,..,..,..,..,..,..,..,..,..,7.5,..,..,..,..
"Korea, Rep.",KOR,"Physicians (per 1,000 people)",SH.MED.PHYS.ZS,1.302,1.396,1.499,1.579,1.576,1.636,1.7,1.752,1.871,1.949,2.014,2.062,2.098,2.174,2.209,2.242
"Korea, Rep.",KOR,"Hospital beds (per 1,000 people)",SH.MED.BEDS.ZS,4.67,4.48,4.87,5.12,5.46,5.93,6.54,7.31,7.83,8.31,8.87,9.68,10.37,10.99,11.63,11.61
"Korea, Rep.",KOR,Current health expenditure (% of GDP),SH.XPD.CHEX.GD.ZS,3.85544205,4.32142305,4.05226278,4.63368225,4.60466433,4.8394208,5.16117191,5.16154528,5.39977121,5.89820576,6.02606916,6.12371254,6.17752457,6.31104422,6.50225973,6.72447348
"Korea, Rep.",KOR,Access to electricity (% of population),EG.ELC.ACCS.ZS,100,100,100,100,100,100,100,100,100,100,100,100,100,100,100,100
"Korea, Rep.",KOR,People using at least basic drinking water services (% of population),SH.H2O.BASW.ZS,..,..,98.7011689015474,98.7011689015474,98.7011689015474,98.7011689015474,98.7011689015474,98.7830634842858,98.8649580670242,98.9468526497625,99.0287472325009,99.1106418152392,99.1925363979776,99.2744309807159,99.3563255634543,99.4382201461927
"Korea, Rep.",KOR,People using at least basic sanitation services (% of population),SH.STA.BASS.ZS,100,100,100,100,100,100,100,100,99.9905146267539,99.9781051716311,99.9656957165082,99.9532862613854,99.9408768062626,99.9284673511397,99.9160578960169,99.9036484408941
"Korea, Rep.",KOR,GDP per capita (current US$),NY.GDP.PCAP.CD,12257.0206622345,11561.2071745115,13165.08362497,14672.8057539465,16496.1316167114,19402.5026259549,21743.4774514254,24086.4104391677,21350.427979823,19143.8516053025,23079.2601257735,25097.595426845,25459.1689000965,27179.5170146052,29252.9312377352,28737.4391706499
"Korea, Rep.",KOR,"School enrollment, secondary (% gross)",SE.SEC.ENRR,98.0937805175781,97.6082382202148,97.2662963867188,96.9660186767578,96.9991989135742,97.2146224975586,96.7785415649414,96.7113800048828,96.3489303588867,96.8854293823242,97.2930603027344,97.5294189453125,97.3674163818359,97.8287506103516,98.5806732177734,98.5931930541992
Kuwait,KWT,"Life expectancy at birth, total (years)",SP.DYN.LE00.IN,76.2258780487805,76.3843414634146,76.5316341463415,76.6445609756098,76.7276829268293,76.8007804878049,76.8876829268293,77.0101707317073,77.1890487804878,77.4333658536585,77.7262195121951,78.052243902439,78.3950243902439,78.7418048780488,79.0803414634146,79.3765609756098
Kuwait,KWT,"Mortality rate, adult, female (per 1,000 female adults)",SP.DYN.AMRT.FE,68.339,66.794,65.138,63.541,62.018,60.456,58.749,56.802,54.538,51.948,49.137,46.205,43.238,40.311,37.5,35.035
Kuwait,KWT,"Mortality rate, adult, male (per 1,000 male adults)",SP.DYN.AMRT.MA,105.432,103.049,101.182,100.391,100.57,101.043,101.112,100.078,97.305,92.664,86.875,80.674,74.658,69.266,64.787,61.647
Kuwait,KWT,"Mortality rate, infant (per 1,000 live births)",SP.DYN.IMRT.IN,10.6,10.5,10.3,10.2,10,9.9,9.8,9.6,9.5,9.3,9.1,8.8,8.5,8.2,8,7.8
Kuwait,KWT,"Mortality rate, under-5 (per 1,000 live births)",SH.DYN.MORT,12.7,12.5,12.3,12.1,11.9,11.7,11.6,11.4,11.2,11,10.7,10.3,9.9,9.6,9.3,9.1
Kuwait,KWT,"Prevalence of HIV, total (% of population ages 15-49)",SH.DYN.AIDS.ZS,0.1,0.1,0.1,0.1,0.1,0.1,0.1,0.1,0.1,0.1,0.1,0.1,0.1,0.1,0.1,0.1
Kuwait,KWT,"Incidence of tuberculosis (per 100,000 people)",SH.TBS.INCD,30,28,33,31,30,27,31,30,38,38,37,25,25,23,23,22
Kuwait,KWT,Diabetes prevalence (% of population ages 20 to 79),SH.STA.DIAB.ZS,..,..,..,..,..,..,..,..,..,..,..,20.7,..,..,..,..
Kuwait,KWT,"Physicians (per 1,000 people)",SH.MED.PHYS.ZS,..,..,..,1.9,1.5,1.8,1.461,1.879,1.884,1.91,2.47,2.475,2.433,2.45,2.602,2.597
Kuwait,KWT,"Hospital beds (per 1,000 people)",SH.MED.BEDS.ZS,2.36,2.36,2.3,2.24,2.2,2.47,2.45,2.43,2.45,2.52,2.5,2.53,2.35,2.2,2.19,2.13
Kuwait,KWT,Current health expenditure (% of GDP),SH.XPD.CHEX.GD.ZS,2.20362997,3.18719625,3.12441754,2.76042604,2.35702467,2.013309,1.8213098,1.92673647,1.92400301,2.70638776,2.67879915,2.33303547,2.33311439,2.48789287,2.9159987,4.21497965
Kuwait,KWT,Access to electricity (% of population),EG.ELC.ACCS.ZS,100,100,100,100,100,100,100,100,100,100,100,100,100,100,100,100
Kuwait,KWT,People using at least basic drinking water services (% of population),SH.H2O.BASW.ZS,100,100,100,100,100,100,100,100,100,100,100,100,100,100,100,100
Kuwait,KWT,People using at least basic sanitation services (% of population),SH.STA.BASS.ZS,100,100,100,100,100,100,100,100,100,100,100,100,100,100,100,100
Kuwait,KWT,GDP per capita (current US$),NY.GDP.PCAP.CD,19296.3471698729,17374.2318664227,18512.7523035862,22690.655175144,27552.2827399787,36122.6142741227,42946.6374104066,45709.4132876371,55585.1889344442,37907.1001320042,39212.2522190461,49169.6063983139,52155.2225460479,49651.0439709448,44368.781373043,29882.2126867068
Kuwait,KWT,"School enrollment, secondary (% gross)",SE.SEC.ENRR,85.79931640625,87.0694427490234,..,96.0627212524414,100.651512145996,108.55924987793,101.013938903809,101.308387756348,99.557746887207,99.4600067138672,99.4166345928894,98.1417694091797,98.6952312050305,95.5615386962891,93.0660018920898,95.3934020996094
Lao PDR,LAO,"Life expectancy at birth, total (years)",SP.DYN.LE00.IN,58.317,58.887,59.302,59.643,60.08,60.688,61.074,61.694,62.248,63.023,63.69,64.505,65.126,65.723,66.35,66.688
Lao PDR,LAO,"Mortality rate, adult, female (per 1,000 female adults)",SP.DYN.AMRT.FE,263.903,255.727,250.299,244.051,236.248,228.271,223.383,216.071,211.132,201.488,193.737,183.098,176.427,169.657,163.245,160.096
Lao PDR,LAO,"Mortality rate, adult, male (per 1,000 male adults)",SP.DYN.AMRT.MA,313.058,308.918,308.395,311.696,312.489,306.66,306.039,298.717,290.554,278.234,268.68,255.432,246.11,236.521,226.177,222.945
Lao PDR,LAO,"Mortality rate, infant (per 1,000 live births)",SP.DYN.IMRT.IN,86.8,84.1,81.3,78.4,75.6,72.7,69.8,66.9,64.1,61.3,58.7,56.1,53.7,51.4,49.2,47.1
Lao PDR,LAO,"Mortality rate, under-5 (per 1,000 live births)",SH.DYN.MORT,107.5,103.4,99.1,94.9,90.8,86.8,82.7,78.8,75,71.4,68,64.7,61.5,58.6,55.8,53.2
Lao PDR,LAO,"Prevalence of HIV, total (% of population ages 15-49)",SH.DYN.AIDS.ZS,0.1,0.1,0.1,0.1,0.2,0.2,0.2,0.2,0.2,0.2,0.3,0.3,0.3,0.3,0.3,0.3
Lao PDR,LAO,"Incidence of tuberculosis (per 100,000 people)",SH.TBS.INCD,330,317,305,293,282,270,260,249,240,230,221,213,204,197,189,182
Lao PDR,LAO,Diabetes prevalence (% of population ages 20 to 79),SH.STA.DIAB.ZS,..,..,..,..,..,..,..,..,..,..,..,3.3,..,..,..,..
Lao PDR,LAO,"Physicians (per 1,000 people)",SH.MED.PHYS.ZS,0.279,..,..,..,0.347,0.268,..,..,..,0.197,0.332,..,0.321,0.326,0.378,0.4
Lao PDR,LAO,"Hospital beds (per 1,000 people)",SH.MED.BEDS.ZS,1.16,1.15,1.13,1.1,1.15,1.15,1.12,1.15,1.16,1.03,1.06,1.32,1.53,1.1,1.09,1.16
Lao PDR,LAO,Current health expenditure (% of GDP),SH.XPD.CHEX.GD.ZS,4.27513599,4.29031658,3.69751263,4.47920704,3.5405724,3.33673191,2.93200922,3.12986231,2.76727295,3.46300411,2.91154933,1.94457507,2.07637572,2.39984965,2.29845548,2.45366454
Lao PDR,LAO,Access to electricity (% of population),EG.ELC.ACCS.ZS,42.6,45.3,46.3,48,53.5,57.2,57,55,66,67.4,70.2,70,76.4,79.3,82.5,89.7
Lao PDR,LAO,People using at least basic drinking water services (% of population),SH.H2O.BASW.ZS,46.143848205213,48.524929236801,50.8838607638913,53.21832229116,55.5286060568114,57.745839442934,59.8096024143336,61.8526870640613,63.875981553694,65.8782387333446,67.8600517437763,69.8213997819088,71.7625157312812,73.6824008650336,75.5818243952046,77.4605718115198
Lao PDR,LAO,People using at least basic sanitation services (% of population),SH.STA.BASS.ZS,28.3148177063518,31.3264174645613,34.3282770125974,37.317210729861,40.293351312739,43.164348629617,45.8471487078826,48.5145140076309,51.1677669755393,53.8053522896457,56.4281940263064,59.0363938814959,61.6304220236327,64.20894901057,66.7732098093891,69.3230018564456
Lao PDR,LAO,GDP per capita (current US$),NY.GDP.PCAP.CD,318.749852236965,320.316005439568,313.350817148131,355.097216151461,409.296298284117,466.061506997741,579.391947440719,697.323013673925,885.747376088762,935.03237283283,1125.91610151261,1361.54704394913,1563.5650771337,1812.51774424651,1981.03910900473,2121.01339097363
Lao PDR,LAO,"School enrollment, secondary (% gross)",SE.SEC.ENRR,33.2670707702637,35.1896514892578,37.9458808898926,40.6808013916016,42.5078582763672,42.9863014221191,42.2330513000488,43.0343399047852,44.126880645752,45.6930198669434,47.3594398498535,46.3030907447649,49.0350189208984,52.6759359354755,58.0247383117676,62.2967936554274
Lebanon,LBN,"Life expectancy at birth, total (years)",SP.DYN.LE00.IN,73.895,74.354,74.836,75.275,75.693,76.074,75.677,76.732,76.956,77.262,77.529,77.768,77.941,78.037,78.148,78.275
Lebanon,LBN,"Mortality rate, adult, female (per 1,000 female adults)",SP.DYN.AMRT.FE,92.867,87.821,83.146,79.37,75.976,72.899,72.03,68.132,66.627,64.691,63.07,61.572,60.449,59.769,58.946,57.97
Lebanon,LBN,"Mortality rate, adult, male (per 1,000 male adults)",SP.DYN.AMRT.MA,131.142,126.298,121.01,115.853,111.253,107.409,131.972,100.483,98.18,94.544,91.474,88.802,87.09,86.491,85.253,83.67
Lebanon,LBN,"Mortality rate, infant (per 1,000 live births)",SP.DYN.IMRT.IN,17.6,16.6,15.7,14.9,14.1,13.4,12.7,12.2,11.7,11.4,11.1,11,10.9,10.9,11,11.2
Lebanon,LBN,"Mortality rate, under-5 (per 1,000 live births)",SH.DYN.MORT,19.9,18.9,17.8,16.9,16,15.2,14.4,13.8,13.3,13,12.7,12.5,12.4,12.4,12.5,12.7
Lebanon,LBN,"Prevalence of HIV, total (% of population ages 15-49)",SH.DYN.AIDS.ZS,0.1,0.1,0.1,0.1,0.1,0.1,0.1,0.1,0.1,0.1,0.1,0.1,0.1,0.1,0.1,0.1
Lebanon,LBN,"Incidence of tuberculosis (per 100,000 people)",SH.TBS.INCD,15,13,11,9.7,9.8,9.6,9.1,11,12,11,12,11,14,14,12,12
Lebanon,LBN,Diabetes prevalence (% of population ages 20 to 79),SH.STA.DIAB.ZS,..,..,..,..,..,..,..,..,..,..,..,19.6,..,..,..,..
Lebanon,LBN,"Physicians (per 1,000 people)",SH.MED.PHYS.ZS,..,2.621,..,..,..,..,2.492,2.326,..,..,2.319,2.702,..,2.341,2.069,2.147
Lebanon,LBN,"Hospital beds (per 1,000 people)",SH.MED.BEDS.ZS,3.07,3,3,3,3,3.6,3.6,3.43,3.43,3.45,3.45,3.45,3.45,2.86,2.85,3.37
Lebanon,LBN,Current health expenditure (% of GDP),SH.XPD.CHEX.GD.ZS,10.82951355,10.56254768,9.28233719,8.67109871,7.99923086,7.54867649,8.66057873,8.55984211,7.81751728,7.0073576,7.43864489,8.17744446,7.00420094,7.06742191,7.52181005,7.41596651
Lebanon,LBN,Access to electricity (% of population),EG.ELC.ACCS.ZS,99.3,99.3,99.3,99.2,99.9,99.2,99.4,97.8,99.9,99.3,99.5,99.7,99.5,99.6,99.7,99.7
Lebanon,LBN,People using at least basic drinking water services (% of population),SH.H2O.BASW.ZS,84.405966418836,84.8464276114991,85.2868888041622,85.7273499968254,86.1678111894885,86.6082723821516,87.0487335748148,87.489194767478,87.9296559601411,88.3701171528043,88.8105783454674,89.2510395381305,89.6915007307936,90.1319619234568,90.5724231161199,91.012884308783
Lebanon,LBN,People using at least basic sanitation services (% of population),SH.STA.BASS.ZS,76.9237295197972,76.9237295197972,76.9237295197972,78.2329078327086,79.54208614562,80.8512644585314,82.1604427714428,83.4696210843542,84.7787993972656,86.087977710177,87.3971560230884,88.7063343359999,90.0155126489113,91.3246909618227,92.6338692747341,93.9430475876455
Lebanon,LBN,GDP per capita (current US$),NY.GDP.PCAP.CD,3986.83513941026,4009.55929751102,4290.85283803266,4437.71588507526,4600.68371412993,4602.19804637945,4635.2514117486,5125.25809960149,5912.04532820842,7090.85493856621,7625.81051551165,7834.96257108993,8406.98405608118,8162.37929361396,7577.6413302369,7714.1099998804
Lebanon,LBN,"School enrollment, secondary (% gross)",SE.SEC.ENRR,62.5770492553711,60.7058296203613,62.5551910400391,64.8559494018555,66.0179901123047,66.4239807128906,67.2385787963867,68.0434875488281,68.8993988037109,71.0917282104492,70.562435785543,73.8286148513332,72.2122774625477,71.2231189680025,59.2622758017054,58.1075064918095
Liberia,LBR,"Life expectancy at birth, total (years)",SP.DYN.LE00.IN,51.852,53.109,54.061,53.045,55.949,56.765,57.495,58.147,58.675,59.106,59.358,59.486,59.785,59.992,59.21,59.248
Liberia,LBR,"Mortality rate, adult, female (per 1,000 female adults)",SP.DYN.AMRT.FE,272.473,265.882,264.107,276.415,258.584,254.557,251.831,248.757,247.869,247.602,251.427,256.677,258.353,258.839,272.656,274.802
Liberia,LBR,"Mortality rate, adult, male (per 1,000 male adults)",SP.DYN.AMRT.MA,328.273,315.736,313.832,367.887,305.534,303.68,301.698,299.523,297.788,296.56,297.354,301.219,296.711,296.614,311.578,313.175
Liberia,LBR,"Mortality rate, infant (per 1,000 live births)",SP.DYN.IMRT.IN,123.9,116,108.2,100.8,93.9,87.9,82.8,78.7,75.5,72.9,70.8,69,67.3,65.7,66.5,63.3
Liberia,LBR,"Mortality rate, under-5 (per 1,000 live births)",SH.DYN.MORT,192.4,179.4,166.6,154.3,143.1,133.2,124.8,118,112.6,108.1,104.4,101.1,98.2,95.4,95,90.8
Liberia,LBR,"Prevalence of HIV, total (% of population ages 15-49)",SH.DYN.AIDS.ZS,2.7,2.6,2.5,2.4,2.3,2.2,2,1.9,1.9,1.8,1.7,1.6,1.6,1.5,1.4,1.4
Liberia,LBR,"Incidence of tuberculosis (per 100,000 people)",SH.TBS.INCD,240,245,250,256,262,267,272,277,282,288,293,299,304,308,308,308
Liberia,LBR,Diabetes prevalence (% of population ages 20 to 79),SH.STA.DIAB.ZS,..,..,..,..,..,..,..,..,..,..,..,3.3,..,..,..,..
Liberia,LBR,"Physicians (per 1,000 people)",SH.MED.PHYS.ZS,..,..,..,..,0.033,..,..,..,0.014,0.023,0.022,..,..,..,..,0.036
Liberia,LBR,"Hospital beds (per 1,000 people)",SH.MED.BEDS.ZS,..,..,..,..,..,..,..,..,..,0.7,0.8,..,..,..,..,..
Liberia,LBR,Current health expenditure (% of GDP),SH.XPD.CHEX.GD.ZS,2.87913179,2.27906823,2.28035998,2.66176748,6.33815622,7.14322186,6.06891537,4.32794046,5.99615717,11.57163906,10.35444641,9.71052551,8.15444565,7.08145809,8.76283932,10.4594965
Liberia,LBR,Access to electricity (% of population),EG.ELC.ACCS.ZS,..,..,..,..,..,..,..,3,1.3,1.9,5.3,4.1,9.3,9.8,9.4,15.2
Liberia,LBR,People using at least basic drinking water services (% of population),SH.H2O.BASW.ZS,62.1141167174672,62.9908518572078,63.864476418241,64.7344024187189,65.6009043147856,66.4636974813107,67.0665699495134,67.6595866966161,68.242565407297,68.8182820225148,69.3866631860321,69.9478732610742,70.501369161342,71.0475598645303,71.585930812849,72.1166658826897
Liberia,LBR,People using at least basic sanitation services (% of population),SH.STA.BASS.ZS,12.0534262675018,12.3538896936024,12.657390593379,12.9635323462506,13.2725293447913,13.5841752250677,14.0429777254186,14.5085073995697,14.9804986862234,15.4613878781595,15.9511988042973,16.4501799867755,16.9578913961146,17.4748084783238,18.0004756381115,18.535132543282
Liberia,LBR,GDP per capita (current US$),NY.GDP.PCAP.CD,298.485340578945,300.463828598983,299.536445539621,239.779556677091,284.140223992458,287.487333441381,320.55808618515,374.211308104278,451.713856283285,448.386367025545,492.252808033724,568.087865520004,638.368751462083,710.744570927863,706.714490064507,692.590082351257
Liberia,LBR,"School enrollment, secondary (% gross)",SE.SEC.ENRR,34.139778137207,..,..,..,..,..,..,..,..,..,..,43.64794921875,..,..,36.7695617675781,36.3728485107422
Liechtenstein,LIE,"Life expectancy at birth, total (years)",SP.DYN.LE00.IN,76.8268292682927,79.2756097560976,79.6365853658537,79.9609756097561,81.7707317073171,80.6682926829268,80.9487804878049,81.2951219512195,82.6829268292683,81.5,81.8414634146342,81.7926829268293,82.3829268292683,82.2609756097561,82.0731707317073,82.6560975609756
Liechtenstein,LIE,"Mortality rate, adult, female (per 1,000 female adults)",SP.DYN.AMRT.FE,47.707,45.832,44.05,42.331,39.75,38.037,37.15,36.21,35.239,35.275,35.112,34.95,35.022,35.239,34.879,33.995
Liechtenstein,LIE,"Mortality rate, adult, male (per 1,000 male adults)",SP.DYN.AMRT.MA,94.041,85.866,78.863,73.451,69.314,66.039,63.318,61.264,59.657,58.331,56.877,55.636,54.258,52.543,51.054,49.582
Liechtenstein,LIE,"Mortality rate, infant (per 1,000 live births)",SP.DYN.IMRT.IN,..,..,..,..,..,..,..,..,..,..,..,..,..,..,..,..
Liechtenstein,LIE,"Mortality rate, under-5 (per 1,000 live births)",SH.DYN.MORT,..,..,..,..,..,..,..,..,..,..,..,..,..,..,..,..
Liechtenstein,LIE,"Prevalence of HIV, total (% of population ages 15-49)",SH.DYN.AIDS.ZS,..,..,..,..,..,..,..,..,..,..,..,..,..,..,..,..
Liechtenstein,LIE,"Incidence of tuberculosis (per 100,000 people)",SH.TBS.INCD,..,..,..,..,..,..,..,..,..,..,..,..,..,..,..,..
Liechtenstein,LIE,Diabetes prevalence (% of population ages 20 to 79),SH.STA.DIAB.ZS,..,..,..,..,..,..,..,..,..,..,..,4.7,..,..,..,..
Liechtenstein,LIE,"Physicians (per 1,000 people)",SH.MED.PHYS.ZS,..,..,..,..,..,..,..,..,..,..,..,..,..,..,..,..
Liechtenstein,LIE,"Hospital beds (per 1,000 people)",SH.MED.BEDS.ZS,..,..,..,..,..,..,..,..,..,..,..,..,..,..,..,..
Liechtenstein,LIE,Current health expenditure (% of GDP),SH.XPD.CHEX.GD.ZS,..,..,..,..,..,..,..,..,..,..,..,..,..,..,..,..
Liechtenstein,LIE,Access to electricity (% of population),EG.ELC.ACCS.ZS,100,100,100,100,100,100,100,100,100,100,100,100,100,100,100,100
Liechtenstein,LIE,People using at least basic drinking water services (% of population),SH.H2O.BASW.ZS,100,100,100,100,100,100,100,100,100,100,100,100,100,100,100,100
Liechtenstein,LIE,People using at least basic sanitation services (% of population),SH.STA.BASS.ZS,99.95,99.95,99.95,99.95,99.95,99.95,99.95,99.95,99.95,99.95,99.95,99.95,99.95,99.95,99.95,99.95
Liechtenstein,LIE,GDP per capita (current US$),NY.GDP.PCAP.CD,76087.911114202,75067.8001680043,79795.1785891101,90108.3673647008,100280.831356705,105295.057027611,114167.939211301,130492.595349517,143249.227302093,126024.714567466,141089.812849014,158066.369379163,148842.035144342,172823.607794648,178735.153020908,167187.15730982
Liechtenstein,LIE,"School enrollment, secondary (% gross)",SE.SEC.ENRR,..,..,..,111.74047088623,110.761421203613,107.089302062988,107.011070251465,106.128601074219,107.566116333008,105.755638122559,108.879280090332,111.456573486328,110.373863220215,..,115.557830810547,116.123443603516
Luxembourg,LUX,"Life expectancy at birth, total (years)",SP.DYN.LE00.IN,77.8731707317073,77.8243902439025,77.9658536585366,77.7268292682927,79.1219512195122,79.4317073170732,79.2878048780488,79.3829268292683,80.5390243902439,80.6365853658537,80.6317073170732,80.9878048780488,81.3926829268293,81.8,82.2292682926829,82.2926829268293
Luxembourg,LUX,"Mortality rate, adult, female (per 1,000 female adults)",SP.DYN.AMRT.FE,72.851,71.58,68.078,52.955,56.453,55.899,63.264,55.537,55.118,54.275,53.958,48.967,47.059,52.429,38.403,36.401
Luxembourg,LUX,"Mortality rate, adult, male (per 1,000 male adults)",SP.DYN.AMRT.MA,127.293,117.736,128.774,121.98,115.72,103.673,112.351,100.688,88.089,92.15,94.074,83.693,89.532,80.788,79.192,72.385
Luxembourg,LUX,"Mortality rate, infant (per 1,000 live births)",SP.DYN.IMRT.IN,3.9,3.7,3.5,3.3,3.1,2.9,2.7,2.6,2.5,2.4,2.4,2.3,2.3,2.2,2.2,2.2
Luxembourg,LUX,"Mortality rate, under-5 (per 1,000 live births)",SH.DYN.MORT,4.7,4.4,4.2,3.9,3.7,3.5,3.3,3.1,3,2.9,2.8,2.7,2.7,2.6,2.6,2.6
Luxembourg,LUX,"Prevalence of HIV, total (% of population ages 15-49)",SH.DYN.AIDS.ZS,0.1,0.2,0.2,0.2,0.2,0.2,0.2,0.2,0.2,0.2,0.2,0.2,0.2,0.2,0.2,0.2
Luxembourg,LUX,"Incidence of tuberculosis (per 100,000 people)",SH.TBS.INCD,12,8.1,8,14,7.8,9.1,8,9.3,6.6,6.2,6.6,5.5,9.7,8,5,6.1
Luxembourg,LUX,Diabetes prevalence (% of population ages 20 to 79),SH.STA.DIAB.ZS,..,..,..,..,..,..,..,..,..,..,..,4.5,..,..,..,..
Luxembourg,LUX,"Physicians (per 1,000 people)",SH.MED.PHYS.ZS,2.1509,2.2172,2.2696,2.4011,2.4568,2.56,2.578,2.694,2.718,2.709,2.773,2.767,2.806,2.83,2.881,2.908
Luxembourg,LUX,"Hospital beds (per 1,000 people)",SH.MED.BEDS.ZS,6.1999998093,6.0999999046,6,6,6.4,5.79,5.65,5.67,5.57,5.47,5.37,5.28,5.16,5.17,5.06,4.96
Luxembourg,LUX,Current health expenditure (% of GDP),SH.XPD.CHEX.GD.ZS,5.92533875,6.38193941,6.76099968,6.96221447,7.2793355,7.12328196,6.6364212,6.15803099,6.23101091,6.94993162,6.66263008,5.95225334,5.29404306,5.23557377,5.23040915,5.08113575
Luxembourg,LUX,Access to electricity (% of population),EG.ELC.ACCS.ZS,100,100,100,100,100,100,100,100,100,100,100,100,100,100,100,100
Luxembourg,LUX,People using at least basic drinking water services (% of population),SH.H2O.BASW.ZS,99.9999996217072,99.9999982709587,99.9999987407332,100,100,100,99.9999990503713,99.999997621518,100,100,100,100,99.9871988643625,99.9652463040047,99.9446049649796,99.92517284659
Luxembourg,LUX,People using at least basic sanitation services (% of population),SH.STA.BASS.ZS,97.7113612106538,97.702165697819,97.6953098140641,97.6886643599612,97.6814350999441,97.6741071341151,97.6669460125587,97.6599614236762,97.6531312493749,97.646499004507,97.6400126990447,97.6336847292481,97.6275881630653,97.6217560843346,97.6161423626003,97.6107399280401
Luxembourg,LUX,GDP per capita (current US$),NY.GDP.PCAP.CD,48659.5988753233,48440.1420151355,53005.7339209179,65689.3214536911,76544.9170868473,80988.1376230858,90788.8004876145,107475.320297978,120422.137934157,109419.746953106,110885.991378721,119025.057203467,112584.676270958,120000.140729859,123678.702143275,105462.012584423
Luxembourg,LUX,"School enrollment, secondary (% gross)",SE.SEC.ENRR,98.0273284912109,95.656379699707,95.4434585571289,94.9043197631836,94.1919326782227,93.7901229858398,94.220832824707,94.9079666137695,95.75830078125,..,100.080001831055,100.420967102051,100.609519958496,103.469413757324,104.596977233887,104.379188537598
Madagascar,MDG,"Life expectancy at birth, total (years)",SP.DYN.LE00.IN,57.974,58.674,59.17,59.693,60.168,60.664,61.14,61.533,61.992,62.304,62.597,62.86,63.007,63.161,63.261,63.362
Madagascar,MDG,"Mortality rate, adult, female (per 1,000 female adults)",SP.DYN.AMRT.FE,266.798,260.478,256.652,251.308,246.747,241.839,236.973,233.155,227.125,224.167,220.799,217.716,216.105,214.506,213.351,212.559
Madagascar,MDG,"Mortality rate, adult, male (per 1,000 male adults)",SP.DYN.AMRT.MA,303.393,296.09,292.102,288.465,284.852,281.199,277.38,274.239,271.065,268.628,266.459,264.507,264.152,262.733,262.51,260.451
Madagascar,MDG,"Mortality rate, infant (per 1,000 live births)",SP.DYN.IMRT.IN,65.5,63,60.6,58.3,56.2,54.2,52.3,50.4,48.8,47.4,46.2,45.2,44.6,44.1,43.9,43.8
Madagascar,MDG,"Mortality rate, under-5 (per 1,000 live births)",SH.DYN.MORT,105,100.4,96,92,88.2,84.6,81.2,78.1,75.3,72.8,70.7,69,67.7,66.9,66.2,65.8
Madagascar,MDG,"Prevalence of HIV, total (% of population ages 15-49)",SH.DYN.AIDS.ZS,0.1,0.1,0.1,0.1,0.1,0.1,0.1,0.2,0.2,0.2,0.2,0.2,0.2,0.2,0.3,0.3
Madagascar,MDG,"Incidence of tuberculosis (per 100,000 people)",SH.TBS.INCD,293,286,280,273,268,262,257,252,248,244,241,238,236,233,233,233
Madagascar,MDG,Diabetes prevalence (% of population ages 20 to 79),SH.STA.DIAB.ZS,..,..,..,..,..,..,..,..,..,..,..,4.7,..,..,..,..
Madagascar,MDG,"Physicians (per 1,000 people)",SH.MED.PHYS.ZS,..,0.087,0.133,0.144,0.152,0.176,0.166,0.177,0.181,0.177,0.19,0.14,0.139,0.149,0.177,..
Madagascar,MDG,"Hospital beds (per 1,000 people)",SH.MED.BEDS.ZS,0.43,0.33,0.4199999869,0.4,..,0.39,0.32,0.32,0.29,..,0.34,0.32,..,0.33,0.32,..
Madagascar,MDG,Current health expenditure (% of GDP),SH.XPD.CHEX.GD.ZS,3.99177623,4.11513853,4.92547655,5.00276566,5.25090027,5.21557808,5.07203865,4.60865784,4.08111811,4.38469839,4.69762659,4.521595,3.91105914,3.75156307,4.46240282,5.0062542
Madagascar,MDG,Access to electricity (% of population),EG.ELC.ACCS.ZS,12.6,14.8,14,20.3,15.3,16,16.8,17.5,18.3,17.4,12.3,14.3,18.7,12.9,23,23.8
Madagascar,MDG,People using at least basic drinking water services (% of population),SH.H2O.BASW.ZS,36.9481213461385,37.5806865894037,38.2126799889212,38.8436031481293,39.4738982619878,40.2552973589026,41.0378421311969,41.820986961241,42.6055743876338,43.3892235845163,44.1727775368766,44.9557063792181,45.7379371546935,46.5189417208381,47.299102963258,48.077446714498
Madagascar,MDG,People using at least basic sanitation services (% of population),SH.STA.BASS.ZS,3.82452274708438,4.27623527355919,4.72902493987506,5.18344487592683,5.63879497378888,6.12117429647739,6.60626040079226,7.09404605387567,7.58477424817969,8.07809185945002,8.57423264087617,9.07317357345326,9.57497722568056,10.0796108080669,10.5872296200375,11.0976984938148
Madagascar,MDG,GDP per capita (current US$),NY.GDP.PCAP.CD,280.282905559649,319.283278235657,304.941777398445,352.620095849925,272.20074858856,305.812074924388,324.146874882604,419.548001431865,512.579800058444,446.315238370592,450.009391645726,506.163691559309,493.511162904211,515.301589361832,505.684922503435,445.320069480568
Madagascar,MDG,"School enrollment, secondary (% gross)",SE.SEC.ENRR,..,..,..,..,..,20.3285102844238,22.8831806182861,25.2112007141113,27.4633598327637,28.5682106018066,..,34.1198081970215,35.3920151133501,..,35.8148702330413,36.1207695007324
Malaysia,MYS,"Life expectancy at birth, total (years)",SP.DYN.LE00.IN,72.732,73.08,73.469,73.727,74.027,74.37,74.697,74.961,75.151,75.269,75.376,75.488,75.552,75.464,75.345,75.288
Malaysia,MYS,"Mortality rate, adult, female (per 1,000 female adults)",SP.DYN.AMRT.FE,101.484,99.384,97.015,95.361,94.022,92.275,91.039,89.941,89.481,89.271,89.078,88.379,88.233,88.969,90.045,90.683
Malaysia,MYS,"Mortality rate, adult, male (per 1,000 male adults)",SP.DYN.AMRT.MA,190.933,186.49,181.149,178.27,174.565,170.545,166.825,164.986,163.986,163.676,162.863,161.994,161.408,162.284,163.75,164.549
Malaysia,MYS,"Mortality rate, infant (per 1,000 live births)",SP.DYN.IMRT.IN,7.7,7.2,6.9,6.7,6.6,6.5,6.5,6.5,6.5,6.5,6.5,6.5,6.5,6.5,6.6,6.6
Malaysia,MYS,"Mortality rate, under-5 (per 1,000 live births)",SH.DYN.MORT,10,9.3,8.8,8.5,8.4,8.3,8.3,8.2,8.2,8.2,8.1,8.1,8,8.1,8.1,8.1
Malaysia,MYS,"Prevalence of HIV, total (% of population ages 15-49)",SH.DYN.AIDS.ZS,0.4,0.4,0.4,0.4,0.4,0.4,0.4,0.4,0.4,0.4,0.4,0.4,0.4,0.4,0.4,0.4
Malaysia,MYS,"Incidence of tuberculosis (per 100,000 people)",SH.TBS.INCD,75,72,68,73,68,69,70,69,72,72,75,80,86,91,93,90
Malaysia,MYS,Diabetes prevalence (% of population ages 20 to 79),SH.STA.DIAB.ZS,..,..,..,..,..,..,..,..,..,..,..,12.1,..,..,..,..
Malaysia,MYS,"Physicians (per 1,000 people)",SH.MED.PHYS.ZS,0.681,..,0.723,0.735,0.72,0.776,0.828,0.876,0.907,1.082,1.148,1.254,1.305,1.557,1.489,1.496
Malaysia,MYS,"Hospital beds (per 1,000 people)",SH.MED.BEDS.ZS,2.05,2.01,1.96,1.92,1.89,1.87,1.9,1.9,1.92,1.91,1.91,1.9,1.9,1.91,1.86,1.87
Malaysia,MYS,Current health expenditure (% of GDP),SH.XPD.CHEX.GD.ZS,2.51463366,2.6753974,2.66876554,2.92417073,2.86016941,2.78692698,3.10897732,3.07041144,3.00692558,3.2610569,3.16474271,3.31451917,3.45786357,3.51276922,3.71036959,3.82201481
Malaysia,MYS,Access to electricity (% of population),EG.ELC.ACCS.ZS,98.6,98.6,98.6,98.7,98.7,98.7,98.8,98.9,99,99.3,99.5,99.5,99.8,99.6,99.7,99.9
Malaysia,MYS,People using at least basic drinking water services (% of population),SH.H2O.BASW.ZS,96.8785596404147,96.9386638984312,96.9407846944461,96.9447925660287,96.9506381574656,96.9579979151332,96.9670360851847,96.9776304446457,96.989737695616,97.0030775011132,97.0177484525087,97.0238916764979,97.0294883870059,97.0360191765734,97.0436886468194,97.0522072204615
Malaysia,MYS,People using at least basic sanitation services (% of population),SH.STA.BASS.ZS,93.10424035572,93.2816348291838,93.4557525228668,93.6266904174121,93.7944864909295,93.9590603498426,94.120571267031,94.2790377184019,94.434520087931,94.5869947173632,94.736582737823,94.8807121184428,95.0221064452663,95.1612689693387,95.2983045402583,95.4331970244607
Malaysia,MYS,GDP per capita (current US$),NY.GDP.PCAP.CD,4083.52874483605,3943.79943910239,4184.03163773539,4465.32194567208,4939.24851854427,5555.58179951206,6158.40785533236,7168.93031942508,8371.82156086005,7191.43287234626,8899.34505544675,10217.1068585031,10600.5744240026,10713.6407638899,11013.3107334403,9648.6797937523
Malaysia,MYS,"School enrollment, secondary (% gross)",SE.SEC.ENRR,76.4828262329102,75.6187362670898,75.0011596679688,80.088996887207,80.5677719116211,76.2537536621094,75.8026123046875,74.2519378662109,74.8359527587891,75.0242767333984,77.2140274047852,77.5925369262695,81.2371978759766,80.938362121582,83.2836303710938,81.5115814208984
Mali,MLI,"Life expectancy at birth, total (years)",SP.DYN.LE00.IN,50.605,51.3,51.995,52.632,53.253,53.792,54.305,54.756,55.187,55.588,55.993,56.367,56.696,57.052,57.482,57.852
Mali,MLI,"Mortality rate, adult, female (per 1,000 female adults)",SP.DYN.AMRT.FE,314.975,305.621,296.445,288.728,281.156,276.162,272.004,268.728,265.34,263.18,260.226,257.366,254.441,250.955,248.189,245.149
Mali,MLI,"Mortality rate, adult, male (per 1,000 male adults)",SP.DYN.AMRT.MA,330.511,325.344,320.389,316.545,313.434,310.459,307.41,305.38,304.188,301.473,299.375,297.792,298.397,297.674,292.54,290.085
Mali,MLI,"Mortality rate, infant (per 1,000 live births)",SP.DYN.IMRT.IN,102.8,99.7,96.5,93.4,90.5,87.8,85.4,83.2,81.1,79.1,77.3,75.5,73.9,72.3,70.8,69.4
Mali,MLI,"Mortality rate, under-5 (per 1,000 live births)",SH.DYN.MORT,187.6,181.5,175.2,169,163.1,157.4,152.2,147.3,142.6,138.2,133.9,129.9,126.1,122.4,119,115.7
Mali,MLI,"Prevalence of HIV, total (% of population ages 15-49)",SH.DYN.AIDS.ZS,1.7,1.7,1.6,1.6,1.5,1.5,1.4,1.4,1.4,1.4,1.3,1.3,1.3,1.2,1.2,1.2
Mali,MLI,"Incidence of tuberculosis (per 100,000 people)",SH.TBS.INCD,77,76,74,73,71,69,68,66,65,64,63,62,61,60,58,57
Mali,MLI,Diabetes prevalence (% of population ages 20 to 79),SH.STA.DIAB.ZS,..,..,..,..,..,..,..,..,..,..,..,1.9,..,..,..,..
Mali,MLI,"Physicians (per 1,000 people)",SH.MED.PHYS.ZS,0.044,..,..,..,0.057,0.062,0.058,0.061,0.064,0.119,0.099,0.114,0.103,0.116,0.1,0.097
Mali,MLI,"Hospital beds (per 1,000 people)",SH.MED.BEDS.ZS,..,..,..,..,..,0.3,..,..,0.6,0.2,0.25,0.25,0.23,0.23,0.25,0.26
Mali,MLI,Current health expenditure (% of GDP),SH.XPD.CHEX.GD.ZS,5.46631575,4.51950884,4.99773645,5.0505991,5.21767759,5.19516516,5.45589256,5.25303173,5.02686644,5.2122364,4.67865133,4.01483774,3.7521615,3.96750712,4.48158312,4.11143351
Mali,MLI,Access to electricity (% of population),EG.ELC.ACCS.ZS,9.6,10.8,13,14.7,16.4,18.2,16.6,21.7,23.4,24,27,28.8,25.6,32.4,34.2,37.6
Mali,MLI,People using at least basic drinking water services (% of population),SH.H2O.BASW.ZS,49.8731925730894,51.3938754520078,52.9858979916017,54.5761414255542,56.1648948654858,57.7499626655854,59.3326832976711,60.9112596868155,62.4862618814137,64.0556624247158,65.6178904393184,67.1723863885094,68.7186397074999,70.2561518476449,71.7847530871141,73.3037291686006
Mali,MLI,People using at least basic sanitation services (% of population),SH.STA.BASS.ZS,15.4101908214252,16.6941914369621,18.0121270781427,19.3629115283723,20.7464698412891,22.1609320906388,23.6069559732511,25.0829117113185,26.5889043994531,28.1230644263015,29.6838043988009,31.2702844442832,32.8816854500786,34.5171909966045,36.1762365300362,37.8578119850329
Mali,MLI,GDP per capita (current US$),NY.GDP.PCAP.CD,256.199554978241,291.159497911347,318.042432039222,371.627016389759,542.887347640863,591.630393473705,633.221946737432,711.675463215078,820.715705601841,815.78868795173,827.617660082715,941.574944706639,878.217175344858,903.190452512378,940.243260037952,838.11986940103
Mali,MLI,"School enrollment, secondary (% gross)",SE.SEC.ENRR,15.6529197692871,..,..,19.7679595947266,21.5015201568604,23.2651901245117,25.1828804016113,27.6904392242432,31.0381298065186,34.0355415344238,36.7189206176726,38.7492137225876,..,39.2758121397099,41.2349114693214,38.9892238642006
Lesotho,LSO,"Life expectancy at birth, total (years)",SP.DYN.LE00.IN,48.783,47.153,45.95,44.921,44.039,43.611,43.182,43.66,44.304,45.055,46.045,46.93,48.235,49.547,50.786,51.83
Lesotho,LSO,"Mortality rate, adult, female (per 1,000 female adults)",SP.DYN.AMRT.FE,518.653,560.889,594.922,622.123,640.206,652.423,684.619,656.233,649.397,637.261,620.818,597.82,571.203,544.2,514.54,489.703
Lesotho,LSO,"Mortality rate, adult, male (per 1,000 male adults)",SP.DYN.AMRT.MA,620.441,663.504,689.483,714.388,741.307,753.517,754.24,763.838,752.007,741.597,723.71,713.457,684.511,653.149,625.39,600.246
Lesotho,LSO,"Mortality rate, infant (per 1,000 live births)",SP.DYN.IMRT.IN,78,78.3,78.5,79.2,80.2,81.4,81.7,80.2,83.1,78.3,76.1,73.3,73.1,72.8,71.2,69.3
Lesotho,LSO,"Mortality rate, under-5 (per 1,000 live births)",SH.DYN.MORT,109.4,111.1,112.4,113.7,114.7,115.6,115.3,111.5,108.8,96.4,90.1,85.9,82.6,80.2,78.2,75.1
Lesotho,LSO,"Prevalence of HIV, total (% of population ages 15-49)",SH.DYN.AIDS.ZS,22,22.5,22.8,23.1,23.2,23.3,23.5,23.8,24.2,24.6,24.8,24.9,24.9,24.9,24.7,24.3
Lesotho,LSO,"Incidence of tuberculosis (per 100,000 people)",SH.TBS.INCD,827,923,1010,1080,1150,1200,1230,1230,1240,1230,1180,1120,1040,948,853,780
Lesotho,LSO,Diabetes prevalence (% of population ages 20 to 79),SH.STA.DIAB.ZS,..,..,..,..,..,..,..,..,..,..,..,3.4,..,..,..,..
Lesotho,LSO,"Physicians (per 1,000 people)",SH.MED.PHYS.ZS,..,..,..,0.045,..,..,..,..,..,..,0.068,..,..,..,..,..
Lesotho,LSO,"Hospital beds (per 1,000 people)",SH.MED.BEDS.ZS,..,..,..,..,..,..,1.3,..,..,..,..,..,..,..,..,..
Lesotho,LSO,Current health expenditure (% of GDP),SH.XPD.CHEX.GD.ZS,5.15633392,6.59075689,5.86441517,5.33754826,5.24658537,4.67452669,5.40532398,7.22251844,7.66648197,8.9529829,7.64083624,9.07554626,10.04389477,10.99586868,9.99925232,9.29659843
Lesotho,LSO,Access to electricity (% of population),EG.ELC.ACCS.ZS,4.3,1.3,3.4,5.4,6.8,9.6,9.7,13.9,16,17,17,22.5,20.6,26.9,27.8,31.8
Lesotho,LSO,People using at least basic drinking water services (% of population),SH.H2O.BASW.ZS,65.636611158019,65.9923559534695,66.3542082338942,66.7221283451514,67.0966895514577,67.4772215254613,67.8645033042361,68.2373154573875,68.6157485170912,68.9992422389788,69.3885918469781,69.7836824972615,70.154778546095,70.5298400497141,70.9091710075085,71.2930990924663
Lesotho,LSO,People using at least basic sanitation services (% of population),SH.STA.BASS.ZS,8.05081252635009,10.4138869303896,12.7671556876899,15.0659903580985,17.3400175380548,19.5885686664073,21.8118480082732,24.0010764509758,26.1665222050084,28.3078762545419,30.4253043022921,32.5186590001468,34.5834307451435,36.6264406630214,38.6477300190175,40.647307173143
Lesotho,LSO,GDP per capita (current US$),NY.GDP.PCAP.CD,442.779545779081,412.677473676821,388.92334985135,583.270036200288,766.685820928242,861.381496414995,925.467485502842,861.188420899563,898.482517882593,878.847950537772,1119.47557793042,1280.73390931581,1217.93071228944,1151.03735837227,1173.5377928819,1121.19851342518
Lesotho,LSO,"School enrollment, secondary (% gross)",SE.SEC.ENRR,28.7576808929443,30.2747707366943,31.2329406738281,32.0320014953613,34.4488716125488,36.768440246582,38.4086112976074,41.5562515258789,44.7508811950684,49.1937294006348,54.2426986694336,56.9506416320801,59.0772018432617,57.7590713500977,58.2575629391492,59.3985096286536
Libya,LBY,"Life expectancy at birth, total (years)",SP.DYN.LE00.IN,70.542,70.653,70.788,70.996,71.21,71.439,71.632,71.788,71.936,72.071,72.196,69.95,72.188,72.339,71.3,71.644
Libya,LBY,"Mortality rate, adult, female (per 1,000 female adults)",SP.DYN.AMRT.FE,131.485,130.881,129.512,127.961,126.481,125.219,125.06,124.824,124.196,123.931,123.272,133.62,121.238,120.296,122.135,119.444
Libya,LBY,"Mortality rate, adult, male (per 1,000 male adults)",SP.DYN.AMRT.MA,174.089,174.905,175.231,174.082,172.967,171.77,171.129,171.501,172.722,173.475,175.003,240.784,187.13,184.744,224.577,217.307
Libya,LBY,"Mortality rate, infant (per 1,000 live births)",SP.DYN.IMRT.IN,21.5,20.9,20.3,19.6,18.8,17.9,16.8,15.7,14.7,13.8,13,13.9,11.9,11.4,11,10.6
Libya,LBY,"Mortality rate, under-5 (per 1,000 live births)",SH.DYN.MORT,28.1,27.3,26.5,25.5,24.4,23.1,21.7,20.2,18.8,17.6,16.6,19.6,15.1,14.5,13.9,13.3
Libya,LBY,"Prevalence of HIV, total (% of population ages 15-49)",SH.DYN.AIDS.ZS,0.1,0.1,0.1,0.1,0.1,0.1,0.1,0.1,0.1,0.1,0.1,0.1,0.1,0.1,0.1,0.1
Libya,LBY,"Incidence of tuberculosis (per 100,000 people)",SH.TBS.INCD,40,40,40,40,40,40,40,40,40,40,40,40,40,40,40,40
Libya,LBY,Diabetes prevalence (% of population ages 20 to 79),SH.STA.DIAB.ZS,..,..,..,..,..,..,..,..,..,..,..,13.8,..,..,..,..
Libya,LBY,"Physicians (per 1,000 people)",SH.MED.PHYS.ZS,..,..,..,..,1.243,..,..,..,1.792,1.888,..,..,..,..,2.148,1.963
Libya,LBY,"Hospital beds (per 1,000 people)",SH.MED.BEDS.ZS,4.12,3.85,3.9,3.9,3.9,3.4,3.7,3.7,3.7,3.7,3.7,3.7,3.7,3.7,3.7,3.7
Libya,LBY,Current health expenditure (% of GDP),SH.XPD.CHEX.GD.ZS,3.31908512,3.92571616,4.73818302,3.97301245,3.38328195,2.51707149,2.29996443,2.41929626,2.24441886,3.5828805,3.28064442,4.01902008,3.95612097,4.97548628,5.17777824,5.80638647
Libya,LBY,Access to electricity (% of population),EG.ELC.ACCS.ZS,99.8,96.9,95.2,93.5,91.8,90.1,88.4,86.8,85.1,83.5,81.9,80.3,78.7,77.1,75.5,73.8
Libya,LBY,People using at least basic drinking water services (% of population),SH.H2O.BASW.ZS,84.2320719602978,85.1020415068801,85.9720110534627,86.8419806000452,87.7119501466275,88.58191969321,89.4518892397925,90.3218587863748,91.1918283329574,92.0617978795399,92.9317674261222,93.8017369727047,94.6717065192872,95.5416760658698,96.411645612452,97.2816151590346
Libya,LBY,People using at least basic sanitation services (% of population),SH.STA.BASS.ZS,90.3050686131387,90.4198832116788,90.534697810219,90.6495124087591,90.7643270072993,90.8791416058394,90.9939562043796,91.1087708029197,91.2235854014598,91.3384,91.4532145985401,91.5680291970803,91.6828437956204,91.7976583941606,91.9124729927007,92.0272875912409
Libya,LBY,GDP per capita (current US$),NY.GDP.PCAP.CD,7214.10040377084,6312.80030498965,3718.29434696755,4674.09943200321,5773.76333234281,8079.24957329001,10048.8480434289,11144.9448413435,13906.1407818125,9551.05403869755,11600.9068649472,7593.8391525702,14975.8902795144,11951.7134126011,8926.42074591474,7458.48917756374
Libya,LBY,"School enrollment, secondary (% gross)",SE.SEC.ENRR,..,..,110.586441040039,106.755638122559,..,93.6851577758789,97.6095123291016,..,..,..,..,..,..,..,..,..
Lithuania,LTU,"Life expectancy at birth, total (years)",SP.DYN.LE00.IN,72.0195121951219,71.6585365853659,71.7609756097561,72.0609756097561,71.9609756097561,71.2536585365854,71.0560975609756,70.9,71.8121951219512,72.9146341463415,73.2682926829268,73.5634146341464,73.8634146341464,73.9146341463415,74.5170731707317,74.3219512195122
Lithuania,LTU,"Mortality rate, adult, female (per 1,000 female adults)",SP.DYN.AMRT.FE,102.974,109.185,103.637,107.048,104.367,112.675,116.755,120.102,119.033,99.771,98.028,96.743,93.203,91.556,84.589,85.048
Lithuania,LTU,"Mortality rate, adult, male (per 1,000 male adults)",SP.DYN.AMRT.MA,292.937,311.081,304.387,304.451,307.592,331.463,342.046,355.587,326.457,286.844,284.275,272.305,266.341,265.849,250.161,245.418
Lithuania,LTU,"Mortality rate, infant (per 1,000 live births)",SP.DYN.IMRT.IN,8.6,8.2,7.9,7.7,7.5,7.3,7,6.5,6,5.4,4.9,4.5,4.3,4.2,4.2,4.1
Lithuania,LTU,"Mortality rate, under-5 (per 1,000 live births)",SH.DYN.MORT,10.7,10.3,9.9,9.6,9.3,9,8.6,8,7.4,6.7,6,5.6,5.3,5.1,5.1,5
Lithuania,LTU,"Prevalence of HIV, total (% of population ages 15-49)",SH.DYN.AIDS.ZS,0.1,0.1,0.1,0.1,0.1,0.1,0.1,0.1,0.1,0.1,0.1,0.1,0.1,0.1,0.2,0.2
Lithuania,LTU,"Incidence of tuberculosis (per 100,000 people)",SH.TBS.INCD,87,86,81,88,69,73,83,80,75,69,65,66,63,61,58,55
Lithuania,LTU,Diabetes prevalence (% of population ages 20 to 79),SH.STA.DIAB.ZS,..,..,..,..,..,..,..,..,..,..,..,7.8,..,..,..,..
Lithuania,LTU,"Physicians (per 1,000 people)",SH.MED.PHYS.ZS,3.526,3.54,3.626,3.611,3.578,3.664,3.731,3.835,3.85,3.833,3.895,4.003,4.115,4.177,4.218,4.253
Lithuania,LTU,"Hospital beds (per 1,000 people)",SH.MED.BEDS.ZS,8.59,8.12,7.93,7.73,7.47,7.17,7.05,7.1,7.12,7.14,7.07,7.26,7.26,7.14,7.11,6.83
Lithuania,LTU,Current health expenditure (% of GDP),SH.XPD.CHEX.GD.ZS,6.19950438,6.01339626,6.14446115,6.18627787,5.51149988,5.64800453,5.84418154,5.7643218,6.29453707,7.36587334,6.81462288,6.48781538,6.2759347,6.12593651,6.19332647,6.49043989
Lithuania,LTU,Access to electricity (% of population),EG.ELC.ACCS.ZS,99.5,99.5,99.4,99.4,99.4,99.4,99.4,99.4,99.4,99.5,99.7,99.7,100,100,100,100
Lithuania,LTU,People using at least basic drinking water services (% of population),SH.H2O.BASW.ZS,89.6695663284182,90.1167290972295,90.5603040029276,91.0054056999747,91.4520269763869,91.9138706271934,92.3892460143079,92.8634415448249,93.3364474617288,93.7976524323637,94.2487448779998,94.7096039955815,95.18639409975,95.6610147705921,96.1335981896812,96.6041391284408
Lithuania,LTU,People using at least basic sanitation services (% of population),SH.STA.BASS.ZS,84.6392329206456,85.0639192269901,85.4836130370486,85.9048986588177,86.3277685124307,86.7706817558432,87.2319799203244,87.6920473745611,88.1508739917097,88.6464180846017,89.1284006750331,89.6251198140672,90.1462779351199,90.665902279155,91.1841702460882,91.7010670434122
Lithuania,LTU,GDP per capita (current US$),NY.GDP.PCAP.CD,3300.63634928559,3532.52787363242,4148.13091485015,5507.47434187652,6734.57487061946,7857.03148786492,9210.10118229413,12295.1212779366,14955.5345462921,11854.3711053096,11829.122609457,14261.8433787325,14288.1853493139,15636.5252586048,16446.1647181663,14269.8039878287
Lithuania,LTU,"School enrollment, secondary (% gross)",SE.SEC.ENRR,96.9156875610352,99.6236419677734,102.291709899902,105.020172119141,103.009536743164,104.49723815918,107.004852294922,106.929290771484,106.108779907227,104.755882263184,105.068267822266,106.008163452148,106.17350769043,108.994407653809,102.44751739502,102.153343200684
"Macao SAR, China",MAC,"Life expectancy at birth, total (years)",SP.DYN.LE00.IN,80.1829268292683,80.5878048780488,80.9463414634146,81.0439024390244,80.9926829268293,81.3414634146341,81.7292682926829,81.7292682926829,82.0268292682927,82.1756097560976,82.2731707317073,82.4707317073171,82.4707317073171,82.7219512195122,83.0219512195122,83.2243902439024
"Macao SAR, China",MAC,"Mortality rate, adult, female (per 1,000 female adults)",SP.DYN.AMRT.FE,39.275,37.564,36.321,35.982,34.827,35.203,34.234,33.08,32.37,30.787,30.026,29.74,28.897,28.079,27.456,26.312
"Macao SAR, China",MAC,"Mortality rate, adult, male (per 1,000 male adults)",SP.DYN.AMRT.MA,80.576,76.696,73.954,72.556,71.664,69.625,68.923,68.258,66.856,65.6,65.255,62.099,60.82,60.066,59.055,58.609
"Macao SAR, China",MAC,"Mortality rate, infant (per 1,000 live births)",SP.DYN.IMRT.IN,..,..,..,..,..,..,..,..,..,..,..,..,..,..,..,..
"Macao SAR, China",MAC,"Mortality rate, under-5 (per 1,000 live births)",SH.DYN.MORT,..,..,..,..,..,..,..,..,..,..,..,..,..,..,..,..
"Macao SAR, China",MAC,"Prevalence of HIV, total (% of population ages 15-49)",SH.DYN.AIDS.ZS,..,..,..,..,..,..,..,..,..,..,..,..,..,..,..,..
"Macao SAR, China",MAC,"Incidence of tuberculosis (per 100,000 people)",SH.TBS.INCD,118,120,98,92,80,92,93,84,85,72,81,76,79,83,74,68
"Macao SAR, China",MAC,Diabetes prevalence (% of population ages 20 to 79),SH.STA.DIAB.ZS,..,..,..,..,..,..,..,..,..,..,..,7.2,..,..,..,..
"Macao SAR, China",MAC,"Physicians (per 1,000 people)",SH.MED.PHYS.ZS,..,..,..,..,..,..,..,..,..,..,..,..,..,..,..,..
"Macao SAR, China",MAC,"Hospital beds (per 1,000 people)",SH.MED.BEDS.ZS,..,..,..,..,..,..,..,..,..,..,..,..,..,..,..,..
"Macao SAR, China",MAC,Current health expenditure (% of GDP),SH.XPD.CHEX.GD.ZS,..,..,..,..,..,..,..,..,..,..,..,..,..,..,..,..
"Macao SAR, China",MAC,Access to electricity (% of population),EG.ELC.ACCS.ZS,100,100,100,100,100,100,100,100,100,100,100,100,100,100,100,100
"Macao SAR, China",MAC,People using at least basic drinking water services (% of population),SH.H2O.BASW.ZS,100,100,100,100,100,100,100,100,100,100,100,100,100,100,100,100
"Macao SAR, China",MAC,People using at least basic sanitation services (% of population),SH.STA.BASS.ZS,100,100,100,100,100,100,100,100,100,100,100,100,100,100,100,100
"Macao SAR, China",MAC,GDP per capita (current US$),NY.GDP.PCAP.CD,15731.9868750281,15810.7227666562,16814.9926424134,18589.8998330534,23407.1993692194,25681.2167315221,29813.7877167933,35400.2334659409,38888.5118044503,40351.0035623363,52591.8035225196,67041.2823092952,76051.6312325843,87069.767003344,88310.8119567344,70070.2918001631
"Macao SAR, China",MAC,"School enrollment, secondary (% gross)",SE.SEC.ENRR,..,82.3632736206055,85.1063385009766,88.1465911865234,92.5055236816406,92.0361480712891,92.9831237792969,94.0301895141602,89.8171920776367,89.3067169189453,91.1610379698531,94.9301234316026,97.4283454689247,98.6075581395349,101.75873015873,100.96644295302
Malawi,MWI,"Life expectancy at birth, total (years)",SP.DYN.LE00.IN,46.17,47.205,48.176,49.601,51.073,52.469,53.652,54.687,55.715,56.714,57.787,58.859,59.87,60.816,61.651,62.324
Malawi,MWI,"Mortality rate, adult, female (per 1,000 female adults)",SP.DYN.AMRT.FE,485.045,482.253,473.931,456.724,437.969,415.947,400.839,392.199,376.208,358.009,335.418,314.031,295.017,275.688,261.794,251.463
Malawi,MWI,"Mortality rate, adult, male (per 1,000 male adults)",SP.DYN.AMRT.MA,544.52,536.621,531.834,520.958,500.653,482.555,465.499,447.197,432.693,420.526,410.094,397.159,385.789,376.752,367.269,359.153
Malawi,MWI,"Mortality rate, infant (per 1,000 live births)",SP.DYN.IMRT.IN,100.2,93.1,85.1,77.2,70.2,65.1,61.9,59.9,57.3,55.5,53.6,49.9,46.6,43.6,41.4,39.3
Malawi,MWI,"Mortality rate, under-5 (per 1,000 live births)",SH.DYN.MORT,173.3,159.9,145.5,131.5,119.3,109.9,103.4,98.3,93.1,88.1,83,76.7,69.8,64,60.2,56.7
Malawi,MWI,"Prevalence of HIV, total (% of population ages 15-49)",SH.DYN.AIDS.ZS,15.3,14.8,14.3,13.6,12.9,12.3,11.8,11.3,11.1,10.9,10.7,10.5,10.3,10.1,9.9,9.6
Malawi,MWI,"Incidence of tuberculosis (per 100,000 people)",SH.TBS.INCD,386,395,401,403,402,398,392,383,371,356,338,316,291,261,228,197
Malawi,MWI,Diabetes prevalence (% of population ages 20 to 79),SH.STA.DIAB.ZS,..,..,..,..,..,..,..,..,..,..,..,5.6,..,..,..,..
Malawi,MWI,"Physicians (per 1,000 people)",SH.MED.PHYS.ZS,..,..,..,0.011,0.021,..,..,..,0.019,0.019,..,..,..,0.013,..,..
Malawi,MWI,"Hospital beds (per 1,000 people)",SH.MED.BEDS.ZS,..,..,..,..,..,..,..,1.1,..,..,..,1.3,..,..,..,..
Malawi,MWI,Current health expenditure (% of GDP),SH.XPD.CHEX.GD.ZS,2.35247517,2.06040049,2.69725966,3.32019806,4.07199907,4.30046511,4.91223288,5.44258356,6.10668802,5.87333822,5.14304781,5.32226658,6.02199793,8.22379494,6.89776182,6.62879086
Malawi,MWI,Access to electricity (% of population),EG.ELC.ACCS.ZS,4.8,5.2,5.6,6.2,6.9,6.6,3.7,7.4,7.8,8.3,8.7,7.6,7.4,9,11.9,10.8
Malawi,MWI,People using at least basic drinking water services (% of population),SH.H2O.BASW.ZS,53.8551503867891,54.6944365407866,55.5306960967453,56.3642789213834,57.1948248177515,58.0226689907609,58.8474613731577,59.6695187660042,60.488516312097,61.3079411675592,62.127463511403,62.9470286507326,63.7660224661247,64.5846233286892,65.4019636230554,66.21842923585
Malawi,MWI,People using at least basic sanitation services (% of population),SH.STA.BASS.ZS,9.35119168326581,9.35302745592832,9.35480607328341,9.35670091834008,9.35853809192232,11.6430175561907,13.9195187317472,16.1881876779704,18.4488656942881,20.7030013060694,22.9502207251724,25.1902515685701,27.422603378864,29.6470619862229,31.8630595655518,34.0704034895695
Malawi,MWI,GDP per capita (current US$),NY.GDP.PCAP.CD,224.22415918428,215.474524898357,428.210439838398,383.348596852642,404.674248445428,414.361121984475,440.822149023873,475.180261659331,554.048820396119,625.869729869625,683.124694716799,763.061000394572,558.46208832772,496.947368267313,529.5133440206,539.605363240686
Malawi,MWI,"School enrollment, secondary (% gross)",SE.SEC.ENRR,31.0989303588867,32.2248115539551,31.3253707885742,..,28.9145393371582,28.7130393981934,30.5642108917236,30.2626094818115,32.6917381286621,33.3515281677246,33.6619814891638,34.7371599213107,34.8210140987042,37.847295845447,39.5435659506335,39.7291461793841
Maldives,MDV,"Life expectancy at birth, total (years)",SP.DYN.LE00.IN,70.892,71.659,72.36,73.263,73.008,74.785,75.256,75.711,75.999,76.371,76.756,77.141,77.512,77.847,78.187,78.607
Maldives,MDV,"Mortality rate, adult, female (per 1,000 female adults)",SP.DYN.AMRT.FE,123.148,114.224,106.331,92.344,99.922,75.1,69.718,65.169,64.085,62.951,59.89,55.692,52.361,48.733,48.04,44.873
Maldives,MDV,"Mortality rate, adult, male (per 1,000 male adults)",SP.DYN.AMRT.MA,133.561,128.129,119.821,108.518,108.073,90.016,87.964,85.627,84.733,81.385,78.046,74.815,70.975,67.805,62.94,57.169
Maldives,MDV,"Mortality rate, infant (per 1,000 live births)",SP.DYN.IMRT.IN,33.5,29.8,26.5,23.4,21.8,18.6,16.7,15.2,13.9,12.8,11.9,11.1,10.4,9.8,9.1,8.5
Maldives,MDV,"Mortality rate, under-5 (per 1,000 live births)",SH.DYN.MORT,39,34.7,30.8,27.2,27,21.6,19.4,17.6,16.1,14.9,13.8,12.9,12.1,11.3,10.5,9.9
Maldives,MDV,"Prevalence of HIV, total (% of population ages 15-49)",SH.DYN.AIDS.ZS,0.1,0.1,0.1,0.1,0.1,0.1,0.1,0.1,0.1,0.1,0.1,0.1,0.1,0.1,0.1,0.1
Maldives,MDV,"Incidence of tuberculosis (per 100,000 people)",SH.TBS.INCD,59,61,53,57,48,48,38,47,44,35,32,29,35,34,36,42
Maldives,MDV,Diabetes prevalence (% of population ages 20 to 79),SH.STA.DIAB.ZS,..,..,..,..,..,..,..,..,..,..,..,9.2,..,..,..,..
Maldives,MDV,"Physicians (per 1,000 people)",SH.MED.PHYS.ZS,..,..,..,..,1,..,..,1.698,..,1.507,1.452,..,..,..,1.848,..
Maldives,MDV,"Hospital beds (per 1,000 people)",SH.MED.BEDS.ZS,1.66,1.86,1.91,2.16,2.51,2.55,4.34,4.2,2.33,3.91,..,..,..,..,..,4.95
Maldives,MDV,Current health expenditure (% of GDP),SH.XPD.CHEX.GD.ZS,7.73655844,8.21364975,8.78440189,6.77857542,7.48356962,8.82753372,8.04819012,8.30568123,11.47104168,10.0928812,8.48758984,7.92251587,8.67304802,8.15509319,7.91345072,8.72545815
Maldives,MDV,Access to electricity (% of population),EG.ELC.ACCS.ZS,83.8,87.5,88.3,89.1,90,90.9,91.7,92.6,93.6,99.9,99,99.1,99.2,99.4,100,99.8
Maldives,MDV,People using at least basic drinking water services (% of population),SH.H2O.BASW.ZS,93.8161752422714,94.1999675312677,94.5765294876173,94.9453974450017,95.3063047504855,95.6587150998305,95.9945571824833,96.3039886979955,96.6283878161288,96.949784334191,97.2681796910021,97.5835487524829,97.8958734972482,98.2050998830209,98.5112365758254,98.8142445978223
Maldives,MDV,People using at least basic sanitation services (% of population),SH.STA.BASS.ZS,74.853414579006,76.2621541817664,77.6515125140142,79.0198495743965,80.3664465970216,81.6892283501392,82.9454237660318,84.0726027003193,85.333492439595,86.5890752662508,87.8394197664,89.0844308336587,90.3241236103808,91.5580636141333,92.7864986293009,93.9734926103428
Maldives,MDV,GDP per capita (current US$),NY.GDP.PCAP.CD,2213.81235053178,3033.93234507036,3076.07007160101,3548.5767011056,4070.2609459446,3796.51546524644,5018.94335409159,5758.10286933053,6757.43280929292,6734.03165601895,7173.59601844692,7424.520410971,7461.29703686309,8236.08177944126,8939.07416571472,9644.90655028145
Maldives,MDV,"School enrollment, secondary (% gross)",SE.SEC.ENRR,51.4409103393555,61.0277481079102,61.3511009216309,67.9700698852539,67.8094329833984,..,..,..,..,..,70.0468136514648,72.8434927609116,71.9760042609256,68.3872693233485,72.9110894145066,73.441380211737
Malta,MLT,"Life expectancy at birth, total (years)",SP.DYN.LE00.IN,78.3487804878049,78.8439024390244,78.7390243902439,78.5463414634146,79.2536585365854,79.3,79.4390243902439,79.7926829268293,79.6365853658537,80.2414634146342,81.3975609756098,80.7463414634146,80.7463414634146,81.7463414634146,82.0463414634146,81.8975609756097
Malta,MLT,"Mortality rate, adult, female (per 1,000 female adults)",SP.DYN.AMRT.FE,59.449,50.696,51.847,51.302,50.19,48.004,48.265,50.177,44.646,45.684,39.378,45.574,46.177,37.382,38.483,41.482
Malta,MLT,"Mortality rate, adult, male (per 1,000 male adults)",SP.DYN.AMRT.MA,79.111,84.104,81.601,80.537,71.798,73.251,83.373,79.918,86.703,74.218,76.744,73.326,77.916,67.031,71.454,66.052
Malta,MLT,"Mortality rate, infant (per 1,000 live births)",SP.DYN.IMRT.IN,6.7,6.5,6.3,6.2,6.1,6.1,6,6,6,6,6,6,6,5.9,5.9,5.8
Malta,MLT,"Mortality rate, under-5 (per 1,000 live births)",SH.DYN.MORT,7.6,7.4,7.2,7.1,7,6.9,6.9,6.9,6.9,6.9,6.9,6.8,6.8,6.7,6.7,6.6
Malta,MLT,"Prevalence of HIV, total (% of population ages 15-49)",SH.DYN.AIDS.ZS,0.1,0.1,0.1,0.1,0.1,0.1,0.1,0.1,0.1,0.2,0.2,0.2,0.2,0.2,0.2,0.2
Malta,MLT,"Incidence of tuberculosis (per 100,000 people)",SH.TBS.INCD,4.6,4.6,6.8,2,5,6.1,8.3,10,13,11,7.9,8.1,11,13,12,8.3
Malta,MLT,Diabetes prevalence (% of population ages 20 to 79),SH.STA.DIAB.ZS,..,..,..,..,..,..,..,..,..,..,..,6.6,..,..,..,..
Malta,MLT,"Physicians (per 1,000 people)",SH.MED.PHYS.ZS,2.565,3.036,3.217,3.082,3.386,3.43,3.804,3.293,3.324,3.025,3.054,3.114,3.212,3.351,3.508,3.583
Malta,MLT,"Hospital beds (per 1,000 people)",SH.MED.BEDS.ZS,5.29,7.4,7.32,7.28,7.32,7.33,7.46,7.75,7.32,4.8,4.48,4.31,4.6,4.65,4.47,4.47
Malta,MLT,Current health expenditure (% of GDP),SH.XPD.CHEX.GD.ZS,6.57308626,6.99985981,7.70661688,7.89556122,8.04820728,8.66396618,8.80992031,8.16883373,7.86335802,7.92382908,7.95211124,8.4481411,8.37802982,8.49665833,9.08505249,8.89759636
Malta,MLT,Access to electricity (% of population),EG.ELC.ACCS.ZS,100,100,100,100,100,100,100,100,100,100,100,100,100,100,100,100
Malta,MLT,People using at least basic drinking water services (% of population),SH.H2O.BASW.ZS,99.999999495466,99.9999964485413,100,99.999998278826,100,99.9999995796661,100,100,99.9999965451882,99.999999540951,100,99.9999975467548,99.9999999041683,99.999997297169,100,99.9999975971148
Malta,MLT,People using at least basic sanitation services (% of population),SH.STA.BASS.ZS,99.9653614954224,99.9652560741241,99.9651628325787,99.9650632803487,99.9649729237465,99.9648827046089,99.9648320502604,99.9648043978014,99.9647731719596,99.964749165706,99.9647232541935,99.9646946724475,99.9646707791624,99.9646426741923,99.9646228609982,99.9645923474147
Malta,MLT,GDP per capita (current US$),NY.GDP.PCAP.CD,10348.4860163,10357.7026407269,11251.2024877398,13593.9787182902,15212.1312964883,15831.3439802756,16653.6038312389,19444.1743635565,22315.3104812611,21176.3216665018,21946.6070188242,23516.9691282762,22878.3131257656,25415.5566806942,27424.5765369278,25529.6813131565
Malta,MLT,"School enrollment, secondary (% gross)",SE.SEC.ENRR,91.4956817626953,90.7193222045898,91.1574630737305,93.1107406616211,104.41886138916,101.806327819824,97.5271606445312,100.52220916748,101.423049926758,..,105.11385345459,94.1126708984375,95.5169982910156,96.2600631713867,96.2309799194336,95.1571197509766
Marshall Islands,MHL,"Life expectancy at birth, total (years)",SP.DYN.LE00.IN,63.323,63.735,63.848,63.956,64.044,64.112,64.207,64.259,64.3,64.395,64.498,64.641,64.776,64.954,65.11,65.292
Marshall Islands,MHL,"Mortality rate, adult, female (per 1,000 female adults)",SP.DYN.AMRT.FE,231.419,225.46,224.865,225.185,226.085,227.319,228.427,229.649,229.591,228.886,227.669,225.564,223.749,221.809,220.143,217.473
Marshall Islands,MHL,"Mortality rate, adult, male (per 1,000 male adults)",SP.DYN.AMRT.MA,324.943,317.239,313.302,309.097,305.43,302.424,298.93,296.719,296.104,294.424,292.96,290.982,289.341,286.613,284.511,282.607
Marshall Islands,MHL,"Mortality rate, infant (per 1,000 live births)",SP.DYN.IMRT.IN,33.7,33.8,33.8,33.7,33.5,33.3,33,32.8,32.5,32.2,32,31.7,31.2,30.7,30,29.3
Marshall Islands,MHL,"Mortality rate, under-5 (per 1,000 live births)",SH.DYN.MORT,42.5,42.5,42.4,42.1,41.8,41.4,41,40.6,40.2,39.7,39.4,38.9,38.2,37.5,36.6,35.7
Marshall Islands,MHL,"Prevalence of HIV, total (% of population ages 15-49)",SH.DYN.AIDS.ZS,..,..,..,..,..,..,..,..,..,..,..,..,..,..,..,..
Marshall Islands,MHL,"Incidence of tuberculosis (per 100,000 people)",SH.TBS.INCD,84,137,124,145,282,267,334,380,300,339,464,335,352,368,356,353
Marshall Islands,MHL,Diabetes prevalence (% of population ages 20 to 79),SH.STA.DIAB.ZS,..,..,..,..,..,..,..,..,..,..,..,21.8,..,..,..,..
Marshall Islands,MHL,"Physicians (per 1,000 people)",SH.MED.PHYS.ZS,0.471,..,..,..,..,..,..,0.574,..,..,0.599,0.623,0.46,..,..,..
Marshall Islands,MHL,"Hospital beds (per 1,000 people)",SH.MED.BEDS.ZS,..,..,..,..,..,..,..,..,..,2.7,2.73,..,..,..,..,..
Marshall Islands,MHL,Current health expenditure (% of GDP),SH.XPD.CHEX.GD.ZS,13.52467632,11.28137302,12.06634617,13.3324337,14.15128136,18.45293236,22.29854774,16.82522392,19.1096344,18.7292881,17.84438324,11.35905361,11.7263298,12.13685322,12.11000061,14.86287594
Marshall Islands,MHL,Access to electricity (% of population),EG.ELC.ACCS.ZS,68.6,70.1,71.5,72.9,74.3,75.7,77.2,72.3,80.2,81.7,89.4,89.9,90.4,90.9,91.5,92.1
Marshall Islands,MHL,People using at least basic drinking water services (% of population),SH.H2O.BASW.ZS,..,88.846454166801,88.8034139775803,88.7607795266566,88.7185676881366,88.6768506324111,88.5595194571216,88.4416462106947,88.3230760122172,88.1583557847715,87.8931921119103,87.632671099874,87.3770778473405,87.1264193749024,86.8804159565269,86.6389747290043
Marshall Islands,MHL,People using at least basic sanitation services (% of population),SH.STA.BASS.ZS,..,85.8643567466223,86.0295829741817,86.1932036066817,86.355229689874,86.5153345819956,86.6610247489783,86.6800967046038,86.2704200640935,85.8537920591275,85.4310277601314,85.0023277739981,84.5664339716106,84.1230311092403,83.6729549393833,83.2161395070542
Marshall Islands,MHL,GDP per capita (current US$),NY.GDP.PCAP.CD,2264.79114897645,2394.34501105178,2566.06708799222,2539.3307383954,2566.08291015814,2658.65217893885,2754.26988767503,2892.28403958874,2817.60522775322,2906.63026970914,3095.45768964722,3319.39815439151,3514.26515490383,3677.90690791421,3735.23977829545,3764.34426229508
Marshall Islands,MHL,"School enrollment, secondary (% gross)",SE.SEC.ENRR,..,..,78.4224166870117,73.5776977539062,77.7290267944336,73.762451171875,79.1771087646484,82.46044921875,84.7516632080078,83.8652801513672,..,..,..,..,..,83.1655973995361
Mauritius,MUS,"Life expectancy at birth, total (years)",SP.DYN.LE00.IN,71.6634146341463,71.7658536585366,71.9658536585366,72.1170731707317,72.2658536585366,72.4321951219512,72.4321951219512,72.5707317073171,72.5707317073171,72.8824390243903,72.9673170731707,73.2668292682927,73.8634146341464,74.0170731707317,74.1943902439024,74.3531707317073
Mauritius,MUS,"Mortality rate, adult, female (per 1,000 female adults)",SP.DYN.AMRT.FE,114.925,113.642,112.781,109.296,109.505,107.55,106.513,105.074,102.342,103.037,99.901,99.599,95.003,95.58,94.02,94.688
Mauritius,MUS,"Mortality rate, adult, male (per 1,000 male adults)",SP.DYN.AMRT.MA,218.929,218.371,217.673,214.225,209.235,206.746,206.046,205.31,209.171,209.679,207.423,199.336,192.679,187.269,185.912,187.401
Mauritius,MUS,"Mortality rate, infant (per 1,000 live births)",SP.DYN.IMRT.IN,16.6,15.4,14.6,14.1,13.8,13.6,13.5,13.4,13.2,13,13,13.1,13.2,13.1,13,13
Mauritius,MUS,"Mortality rate, under-5 (per 1,000 live births)",SH.DYN.MORT,18.9,17.6,16.6,16,15.7,15.5,15.4,15.2,15,14.8,14.8,14.9,15,14.9,14.7,14.7
Mauritius,MUS,"Prevalence of HIV, total (% of population ages 15-49)",SH.DYN.AIDS.ZS,..,..,..,..,..,..,..,..,..,..,..,..,..,..,..,..
Mauritius,MUS,"Incidence of tuberculosis (per 100,000 people)",SH.TBS.INCD,17,13,14,14,14,13,12,11,11,12,12,11,13,13,13,13
Mauritius,MUS,Diabetes prevalence (% of population ages 20 to 79),SH.STA.DIAB.ZS,15,..,..,..,..,..,..,..,..,..,..,14.8,..,..,..,..
Mauritius,MUS,"Physicians (per 1,000 people)",SH.MED.PHYS.ZS,0.888,0.904,0.961,0.944,1.042,1.067,1.107,1.122,1.137,1.152,1.169,1.407,1.336,1.585,1.88,1.972
Mauritius,MUS,"Hospital beds (per 1,000 people)",SH.MED.BEDS.ZS,3.76,3.66,3.54,3.41,3.41,3.37,3.4,3.35,3.34,3.48,3.4,3.34,3.46,3.45,3.43,3.47
Mauritius,MUS,Current health expenditure (% of GDP),SH.XPD.CHEX.GD.ZS,2.85734653,2.92151856,3.18897271,3.18201613,3.31652546,3.51794028,3.60573649,3.52321672,3.93896508,4.17035627,4.51898289,4.25059652,4.21993399,4.620821,5.38024664,5.55042362
Mauritius,MUS,Access to electricity (% of population),EG.ELC.ACCS.ZS,99,99.2,99.4,99.1,99,99,99,99,99,99,99.4,99.6,99.4,99.4,99.5,99.6
Mauritius,MUS,People using at least basic drinking water services (% of population),SH.H2O.BASW.ZS,99.3163374767888,99.3495705952433,99.382883118503,99.416277503971,99.4497609225468,99.483333741009,99.5169819997469,99.5507166407848,99.5845366579485,99.6184440971442,99.6524315945965,99.6865004105042,99.7206566079624,99.7548988700036,99.7892273957832,99.8236333743034
Mauritius,MUS,People using at least basic sanitation services (% of population),SH.STA.BASS.ZS,90.0793406891159,90.4883947670548,90.8988237585279,91.310664714881,91.723928323025,92.1386403749534,92.5547473749025,92.9723040352606,93.3912768352424,93.8117044078618,94.2335664258149,94.6568681231222,95.0744845618934,95.4787720221817,95.4736296388164,95.4685057890773
Mauritius,MUS,GDP per capita (current US$),NY.GDP.PCAP.CD,3981.98343249582,3908.55694927435,4073.06053055903,4858.26575549747,5460.60800184198,5354.02974260642,5695.97525509869,6574.6635764099,8030.05228087539,7318.12640972422,8000.37643182154,9197.04299089459,9291.23627601053,9764.64413060045,10366.3550754936,9507.87133656424
Mauritius,MUS,"School enrollment, secondary (% gross)",SE.SEC.ENRR,..,80.2969284057617,82.4172286987305,85.5775909423828,86.3435287475586,88.6331024169922,86.6944198608398,86.7215270996094,86.2219161987305,86.6567001342773,86.9073104858398,88.7222900390625,92.1094389658945,93.7982864379883,97.075353264043,93.9681984718368
"Micronesia, Fed. Sts.",FSM,"Life expectancy at birth, total (years)",SP.DYN.LE00.IN,64.317,64.801,63.907,64.915,64.898,64.906,64.859,64.844,64.849,64.865,64.892,64.969,65.08,65.179,65.294,65.306
"Micronesia, Fed. Sts.",FSM,"Mortality rate, adult, female (per 1,000 female adults)",SP.DYN.AMRT.FE,210.196,205.155,219.99,206.281,207.671,208.506,209.731,210.895,211.931,212.829,213.883,213.909,214.054,214.018,213.768,214.702
"Micronesia, Fed. Sts.",FSM,"Mortality rate, adult, male (per 1,000 male adults)",SP.DYN.AMRT.MA,322.025,316.021,319.207,315.068,315.388,315.876,317.485,318.133,318.425,318.804,318.988,318.871,317.58,317.02,316.169,315.883
"Micronesia, Fed. Sts.",FSM,"Mortality rate, infant (per 1,000 live births)",SP.DYN.IMRT.IN,33.4,32.7,33.9,31.8,31.6,31.5,31.6,31.5,31.2,30.8,30.3,29.7,28.9,28.1,27.3,26.5
"Micronesia, Fed. Sts.",FSM,"Mortality rate, under-5 (per 1,000 live births)",SH.DYN.MORT,38.6,37.7,41.6,36.5,36.1,35.9,35.9,35.8,35.4,34.9,34.2,33.5,32.5,31.6,30.7,29.8
"Micronesia, Fed. Sts.",FSM,"Prevalence of HIV, total (% of population ages 15-49)",SH.DYN.AIDS.ZS,..,..,..,..,..,..,..,..,..,..,..,..,..,..,..,..
"Micronesia, Fed. Sts.",FSM,"Incidence of tuberculosis (per 100,000 people)",SH.TBS.INCD,102,116,141,118,132,110,117,159,188,171,191,172,167,171,217,120
"Micronesia, Fed. Sts.",FSM,Diabetes prevalence (% of population ages 20 to 79),SH.STA.DIAB.ZS,..,..,..,..,..,..,..,..,..,..,..,15.7,..,..,..,..
"Micronesia, Fed. Sts.",FSM,"Physicians (per 1,000 people)",SH.MED.PHYS.ZS,0.573,..,..,0.537,..,0.559,..,..,0.589,0.1942,..,..,0.665,..,..,..
"Micronesia, Fed. Sts.",FSM,"Hospital beds (per 1,000 people)",SH.MED.BEDS.ZS,2.8,..,..,..,..,3.3,3.31,..,..,3.23,..,..,..,..,..,..
"Micronesia, Fed. Sts.",FSM,Current health expenditure (% of GDP),SH.XPD.CHEX.GD.ZS,7.86639547,8.63168144,8.02993011,9.73036766,12.23100758,18.02140999,17.96380424,17.86091805,18.93288994,19.33613586,21.48778725,13.31436253,12.42913532,12.25674343,11.9102993,12.70485306
"Micronesia, Fed. Sts.",FSM,Access to electricity (% of population),EG.ELC.ACCS.ZS,46,48.4,50.1,51.8,53.5,55.2,57,58.7,60.5,62.2,64.5,66.3,67.8,69.4,71.2,73
"Micronesia, Fed. Sts.",FSM,People using at least basic drinking water services (% of population),SH.H2O.BASW.ZS,91.0896484335557,91.0286886006993,90.9677287678428,90.9067689349864,90.84580910213,90.7848492692736,90.7238894364172,90.6629296035608,90.6019697707044,90.541009937848,90.4800501049916,90.4190902721352,90.3581304392788,90.2971706064224,90.236210773566,90.1752509407096
"Micronesia, Fed. Sts.",FSM,People using at least basic sanitation services (% of population),SH.STA.BASS.ZS,25.0484297460343,29.1362716817011,33.2241136173679,37.3119555530347,41.3997974887025,45.4876394243693,49.5754813600361,53.6633232957029,57.7511652313697,61.8390071670365,65.9268491027033,70.0146910383701,74.1025329740369,78.1903749097037,82.2782168453705,86.3660587810373
"Micronesia, Fed. Sts.",FSM,GDP per capita (current US$),NY.GDP.PCAP.CD,2081.9660133519,2144.5369999555,2156.70532157086,2185.80309035045,2146.40160821979,2246.45370337127,2289.75155559971,2336.97852202403,2415.59355952119,2596.26147447595,2761.24325832248,2890.50493045368,3033.16989526369,2933.88333441237,2945.41495996162,2911.16211045292
"Micronesia, Fed. Sts.",FSM,"School enrollment, secondary (% gross)",SE.SEC.ENRR,..,..,..,..,85.3729476928711,87.2520217895508,..,..,..,..,..,..,..,..,..,..
Monaco,MCO,"Life expectancy at birth, total (years)",SP.DYN.LE00.IN,82.121,82.485,83.055,83.613,84.151,84.34,84.194,83.903,83.827,84.187,84.644,85.01,85.045,85.056,85.093,85.323
Monaco,MCO,"Mortality rate, adult, female (per 1,000 female adults)",SP.DYN.AMRT.FE,28.569,26.773,24.162,22.23,21.166,21.454,22.305,23.384,24.049,24.313,23.9,23.202,22.118,21.13,20.566,20.255
Monaco,MCO,"Mortality rate, adult, male (per 1,000 male adults)",SP.DYN.AMRT.MA,65.517,63.411,60.267,56.628,52.236,49.616,49.549,50.704,50.293,45.987,41.757,38.947,39.646,40.47,40.58,38.774
Monaco,MCO,"Mortality rate, infant (per 1,000 live births)",SP.DYN.IMRT.IN,4.2,4.1,4,3.8,3.7,3.7,3.6,3.5,3.4,3.3,3.3,3.2,3.1,3,3,2.9
Monaco,MCO,"Mortality rate, under-5 (per 1,000 live births)",SH.DYN.MORT,5.2,5,4.8,4.7,4.6,4.5,4.4,4.3,4.2,4.1,4,3.9,3.8,3.7,3.6,3.5
Monaco,MCO,"Prevalence of HIV, total (% of population ages 15-49)",SH.DYN.AIDS.ZS,..,..,..,..,..,..,..,..,..,..,..,..,..,..,..,..
Monaco,MCO,"Incidence of tuberculosis (per 100,000 people)",SH.TBS.INCD,0,0,0,0.61,0.73,0.84,0.94,1,1.1,1.2,3.5,1.3,1.3,1.3,0,0
Monaco,MCO,Diabetes prevalence (% of population ages 20 to 79),SH.STA.DIAB.ZS,..,..,..,..,..,..,..,..,..,..,..,5.6,..,..,..,..
Monaco,MCO,"Physicians (per 1,000 people)",SH.MED.PHYS.ZS,..,..,..,..,..,..,..,..,..,..,..,7.375,7.32,8.107,7.756,..
Monaco,MCO,"Hospital beds (per 1,000 people)",SH.MED.BEDS.ZS,..,..,..,..,..,..,14.78,14.64,14.78,15.18,15.88,18.32,17.84,22.3,22.02,..
Monaco,MCO,Current health expenditure (% of GDP),SH.XPD.CHEX.GD.ZS,3.69517851,3.75390792,3.80860424,4.43205786,4.52466917,4.50320387,4.29524565,3.81156135,4.08357811,4.84195948,4.95791674,4.63501215,4.7558527,4.57341814,4.44085073,4.31544638
Monaco,MCO,Access to electricity (% of population),EG.ELC.ACCS.ZS,100,100,100,100,100,100,100,100,100,100,100,100,100,100,100,100
Monaco,MCO,People using at least basic drinking water services (% of population),SH.H2O.BASW.ZS,100,100,100,100,100,100,100,100,100,100,100,100,100,100,100,100
Monaco,MCO,People using at least basic sanitation services (% of population),SH.STA.BASS.ZS,100,100,100,100,100,100,100,100,100,100,100,100,100,100,100,100
Monaco,MCO,GDP per capita (current US$),NY.GDP.PCAP.CD,81789.0206522549,82402.7809570189,90051.4459877468,111110.451312249,125160.228087598,130538.742587117,143083.461107202,184558.556593338,204263.797114294,169150.267344616,161853.920622244,179363.984221513,165444.651378771,184940.663804718,195693.570738894,170437.101188261
Monaco,MCO,"School enrollment, secondary (% gross)",SE.SEC.ENRR,149.82096862793,..,..,..,..,..,..,..,147.5048828125,..,..,..,..,..,..,..
Montenegro,MNE,"Life expectancy at birth, total (years)",SP.DYN.LE00.IN,73.3968048780488,73.5801951219512,73.9652195121951,74.0557317073171,74.2056097560976,73.9829268292683,73.8390243902439,74.3390243902439,75.1365853658537,75.1439024390244,75.990243902439,76.0829268292683,76.3,76.490243902439,76.3390243902439,76.6024390243903
Montenegro,MNE,"Mortality rate, adult, female (per 1,000 female adults)",SP.DYN.AMRT.FE,97.392,98.577,97.417,95.131,92.223,91.031,87.17,85.237,83.954,81.632,80.637,78.235,75.524,76.235,74.843,80.349
Montenegro,MNE,"Mortality rate, adult, male (per 1,000 male adults)",SP.DYN.AMRT.MA,186.308,184.4,181.183,179.107,177.666,175.203,168.965,165.28,160.123,154.683,148.174,144.487,140.754,136.894,133.572,132.514
Montenegro,MNE,"Mortality rate, infant (per 1,000 live births)",SP.DYN.IMRT.IN,12.7,12.2,11.5,10.8,10.1,9.3,8.5,7.8,7,6.3,5.7,5.1,4.6,4.2,3.8,3.5
Montenegro,MNE,"Mortality rate, under-5 (per 1,000 live births)",SH.DYN.MORT,14.2,13.7,13,12.2,11.4,10.6,9.7,8.9,8,7.3,6.6,5.9,5.4,4.9,4.5,4.1
Montenegro,MNE,"Prevalence of HIV, total (% of population ages 15-49)",SH.DYN.AIDS.ZS,0.1,0.1,0.1,0.1,0.1,0.1,0.1,0.1,0.1,0.1,0.1,0.1,0.1,0.1,0.1,0.1
Montenegro,MNE,"Incidence of tuberculosis (per 100,000 people)",SH.TBS.INCD,..,..,..,..,..,29,31,27,24,21,20,20,18,22,21,15
Montenegro,MNE,Diabetes prevalence (% of population ages 20 to 79),SH.STA.DIAB.ZS,..,..,..,..,..,..,..,..,..,..,..,7.7,..,..,..,..
Montenegro,MNE,"Physicians (per 1,000 people)",SH.MED.PHYS.ZS,1.825,1.853,1.843,1.801,1.883,1.901,1.946,1.951,2.078,2.075,2.022,1.993,2.016,2.127,2.16,2.35
Montenegro,MNE,"Hospital beds (per 1,000 people)",SH.MED.BEDS.ZS,4.13,4.16,4.11,4.14,4.15,4.12,4.09,3.94,3.84,3.86,3.91,3.9,3.9,3.81,3.86,3.86
Montenegro,MNE,Current health expenditure (% of GDP),SH.XPD.CHEX.GD.ZS,..,..,..,..,..,..,..,..,..,..,..,7.96692181,8.29550457,8.47144604,8.00086784,9.02188778
Montenegro,MNE,Access to electricity (% of population),EG.ELC.ACCS.ZS,99.1,99.1,99,99,99,99.8,99,99,99,99.1,99.2,99,99.3,99.7,97.7,99.5
Montenegro,MNE,People using at least basic drinking water services (% of population),SH.H2O.BASW.ZS,..,..,..,..,..,..,95.1859673036858,95.4302206036587,95.674688556437,95.9192963290748,96.1640949733071,96.4090994773298,96.65430968259,96.8997474933698,97.145409083929,97.3912959033093
Montenegro,MNE,People using at least basic sanitation services (% of population),SH.STA.BASS.ZS,..,..,..,..,..,..,90.6415137211444,91.1775890860869,91.7158382559497,92.2561054343669,92.7984947146131,93.3430536333069,93.8897865095767,94.438754471895,94.9899625656677,95.5434212429212
Montenegro,MNE,GDP per capita (current US$),NY.GDP.PCAP.CD,1627.06511911987,1909.59870186179,2106.6350684523,2789.15906483509,3380.16512135859,3674.6179242797,4425.67887307803,5976.39414454596,7367.75190910882,6727.10776676969,6688.40259641346,7325.64689244715,6577.74033229273,7172.92908521143,7364.96590101549,6491.19280618646
Montenegro,MNE,"School enrollment, secondary (% gross)",SE.SEC.ENRR,..,..,..,91.9459609985352,90.45458984375,91.0373306274414,92.1242370605469,92.5225219726562,93.0311737060547,95.6065979003906,98.99609375,93.1708908081055,92.6130599975586,..,..,91.863410949707
Mauritania,MRT,"Life expectancy at birth, total (years)",SP.DYN.LE00.IN,61.044,61.662,62.249,62.805,63.369,63.92,64.493,64.885,65.233,65.485,65.661,65.754,65.808,65.89,66.207,66.498
Mauritania,MRT,"Mortality rate, adult, female (per 1,000 female adults)",SP.DYN.AMRT.FE,213.506,205.757,199.204,193.702,190.266,183.691,178.412,175.445,172.759,171.18,171.964,172.724,175.537,176.428,174.316,172.302
Mauritania,MRT,"Mortality rate, adult, male (per 1,000 male adults)",SP.DYN.AMRT.MA,262.376,257.622,253.577,252.164,248.18,246.167,241.697,240.291,239.204,238.022,236.925,237.786,237.622,237.965,232.175,227.23
Mauritania,MRT,"Mortality rate, infant (per 1,000 live births)",SP.DYN.IMRT.IN,67.6,64.9,61.8,58.4,55,51.8,49,46.7,44.8,43.4,42.4,41.5,40.8,40.1,39.3,38.5
Mauritania,MRT,"Mortality rate, under-5 (per 1,000 live births)",SH.DYN.MORT,98.2,93.5,88.1,82.5,77,71.8,67.3,63.5,60.4,57.9,56.1,54.5,53.1,51.7,50.4,48.9
Mauritania,MRT,"Prevalence of HIV, total (% of population ages 15-49)",SH.DYN.AIDS.ZS,0.7,0.7,0.7,0.7,0.7,0.7,0.6,0.6,0.6,0.5,0.5,0.4,0.4,0.4,0.3,0.3
Mauritania,MRT,"Incidence of tuberculosis (per 100,000 people)",SH.TBS.INCD,250,235,220,206,193,181,170,160,151,143,135,128,121,115,111,107
Mauritania,MRT,Diabetes prevalence (% of population ages 20 to 79),SH.STA.DIAB.ZS,..,..,..,..,..,..,..,..,..,..,..,4.3,..,..,..,..
Mauritania,MRT,"Physicians (per 1,000 people)",SH.MED.PHYS.ZS,..,..,..,..,0.106,..,..,..,..,0.134,0.16,..,..,..,0.162,0.175
Mauritania,MRT,"Hospital beds (per 1,000 people)",SH.MED.BEDS.ZS,..,..,..,..,..,..,0.4,..,..,..,..,..,..,..,..,..
Mauritania,MRT,Current health expenditure (% of GDP),SH.XPD.CHEX.GD.ZS,3.37824655,3.5718379,4.00224972,4.03254652,3.70429492,3.40312648,2.70252752,2.87644005,3.01338983,3.11034036,2.63618922,2.47383666,2.64919329,2.86799884,3.46724391,3.67363763
Mauritania,MRT,Access to electricity (% of population),EG.ELC.ACCS.ZS,19.1,22.2,21.7,23,24.3,18.2,27,33,30,31.1,34.2,35.3,36.4,37.6,38.8,39.5
Mauritania,MRT,People using at least basic drinking water services (% of population),SH.H2O.BASW.ZS,41.6727136260492,42.4899515308389,44.036188545055,45.6009548233358,47.1838775605219,48.7833430823827,50.3993782607608,52.0315948495456,53.6800163896712,55.3417749959603,57.0181227515306,58.7082503245994,60.4113532940723,62.125804073415,63.8479726379874,65.5766976503204
Mauritania,MRT,People using at least basic sanitation services (% of population),SH.STA.BASS.ZS,17.9997173834584,19.1524574061145,20.4186752595666,21.6942174188124,22.9791704022434,24.2726192428968,25.8426775463685,27.4480730531652,29.0901330674284,30.7676046443891,32.4828471045186,34.2364122777928,36.0288156075821,37.8596791899108,39.7263190878941,41.6283202758138
Mauritania,MRT,GDP per capita (current US$),NY.GDP.PCAP.CD,680.911061879778,651.817840199777,648.879643934862,732.017820812675,823.554457141893,998.96583416747,1300.60367988659,1405.15016203368,1635.5630623124,1435.43010811893,1659.96369705455,1931.19975525465,1859.11733247641,1934.24103064714,1713.00865264234,1554.94897871782
Mauritania,MRT,"School enrollment, secondary (% gross)",SE.SEC.ENRR,18.0476703643799,20.5369300842285,20.5889301300049,21.539270401001,22.1136894226074,22.4629497528076,23.1758899688721,..,18.5803203582764,20.0069904327393,20.4244003295898,22.7523097991943,27.0638964405956,30.2620419125702,30.6988232872483,31.196307538775
Mexico,MEX,"Life expectancy at birth, total (years)",SP.DYN.LE00.IN,72.562,72.912,73.106,73.308,73.432,73.627,73.746,73.796,73.695,73.628,73.718,73.921,74.128,74.289,74.404,74.431
Mexico,MEX,"Mortality rate, adult, female (per 1,000 female adults)",SP.DYN.AMRT.FE,111.048,108.631,107.607,106.088,105.039,103.343,102.281,101.394,103.102,103.558,102.795,100.325,99.139,99.111,98.728,99.243
Mexico,MEX,"Mortality rate, adult, male (per 1,000 male adults)",SP.DYN.AMRT.MA,196.857,191.13,187.86,184.479,183.286,181.742,181.904,183.826,189.179,193.536,195.384,193.621,191.565,188.799,186.874,188.499
Mexico,MEX,"Mortality rate, infant (per 1,000 live births)",SP.DYN.IMRT.IN,23.7,22.7,21.7,20.8,20,19.2,18.5,17.9,17.3,16.8,16.2,15.7,15.2,14.8,14.3,13.9
Mexico,MEX,"Mortality rate, under-5 (per 1,000 live births)",SH.DYN.MORT,28.1,26.8,25.7,24.6,23.6,22.7,21.9,21.1,20.4,19.8,19.1,18.5,17.9,17.3,16.8,16.2
Mexico,MEX,"Prevalence of HIV, total (% of population ages 15-49)",SH.DYN.AIDS.ZS,0.2,0.2,0.2,0.2,0.2,0.3,0.3,0.3,0.3,0.3,0.3,0.3,0.3,0.3,0.4,0.4
Mexico,MEX,"Incidence of tuberculosis (per 100,000 people)",SH.TBS.INCD,23,24,22,23,18,22,21,21,21,21,22,21,22,22,22,22
Mexico,MEX,Diabetes prevalence (% of population ages 20 to 79),SH.STA.DIAB.ZS,14.2,..,..,..,..,..,..,..,..,..,..,15.6,..,..,..,..
Mexico,MEX,"Physicians (per 1,000 people)",SH.MED.PHYS.ZS,1.644,1.53,1.538,1.589,1.662,1.775,1.893,1.937,1.97,2.004,2.026,2.129,2.14,2.184,2.256,2.358
Mexico,MEX,"Hospital beds (per 1,000 people)",SH.MED.BEDS.ZS,1.06,1.09,1.1,1.06,1.07,1.05,1.03,1.06,1.04,1.03,1.06,1.04,1.03,1.03,1.02,1
Mexico,MEX,Current health expenditure (% of GDP),SH.XPD.CHEX.GD.ZS,4.24436522,4.58201361,4.83042812,5.53978777,5.6835022,5.58110142,5.40647888,5.50668049,5.44587374,5.84786463,5.4897337,5.30093002,5.42140484,5.5773263,5.35336781,5.52738619
Mexico,MEX,Access to electricity (% of population),EG.ELC.ACCS.ZS,98,97.1,97.9,97.4,98.6,98.9,99.1,97.9,98.9,98.3,99.2,99,99.1,99.1,99.2,99
Mexico,MEX,People using at least basic drinking water services (% of population),SH.H2O.BASW.ZS,90.6043820368074,91.1740919461825,91.7391646143139,92.2996135627821,92.8555799319342,93.4067485824867,93.9533047726709,94.495124111029,95.0155943324326,95.4075017015433,95.7953211176627,96.1794604737157,96.5596662108125,96.9361142167942,97.3088202170104,97.6776477066578
Mexico,MEX,People using at least basic sanitation services (% of population),SH.STA.BASS.ZS,77.7475158917068,78.5114853040977,79.2657534926557,80.0105060107886,80.7461576631509,81.4723548482518,82.1895486593841,82.8976759186884,83.5973565911458,84.288329732509,84.9709827739648,85.6461713546529,86.3134473539737,86.9732305633495,87.6255975088182,88.2703403132952
Mexico,MEX,GDP per capita (current US$),NY.GDP.PCAP.CD,7524.0271380091,7952.76479510706,7983.03398381759,7434.07465031562,7849.66759649565,8671.75891885163,9512.63575346699,10134.3327129706,10523.7685427665,8423.56933214711,9728.80078237782,10664.4944046282,10744.1335229686,11216.800851866,11391.3773510244,10021.2386124039
Mexico,MEX,"School enrollment, secondary (% gross)",SE.SEC.ENRR,71.1195831298828,72.8832092285156,75.1482925415039,78.5541915893555,79.7827072143555,80.6305389404297,82.7013931274414,84.0887069702148,86.0763092041016,85.9423217773438,87.2729263305664,88.3800888061523,90.6936187744141,93.2623062133789,97.3196868896484,100.982269287109
Moldova,MDA,"Life expectancy at birth, total (years)",SP.DYN.LE00.IN,67.462,67.672,67.793,67.9,68.017,68.197,68.423,68.674,69,69.406,69.876,70.173,70.344,70.291,70.241,70.118
Moldova,MDA,"Mortality rate, adult, female (per 1,000 female adults)",SP.DYN.AMRT.FE,153.154,151.083,150.21,149.391,148.653,147.669,146.188,144.019,139.788,133.443,125.486,120.425,118.111,119.478,121.062,123.024
Moldova,MDA,"Mortality rate, adult, male (per 1,000 male adults)",SP.DYN.AMRT.MA,307.302,305.591,306.388,308.593,311.916,314.764,316.549,316.57,312.456,304.69,293.912,286.722,282.721,284.751,286.872,291.533
Moldova,MDA,"Mortality rate, infant (per 1,000 live births)",SP.DYN.IMRT.IN,27.9,25.4,23,21,19.3,18,17.2,16.5,16,15.6,15.3,15.1,14.8,14.6,14.4,14.2
Moldova,MDA,"Mortality rate, under-5 (per 1,000 live births)",SH.DYN.MORT,31.3,28.5,25.8,23.4,21.6,20.1,19.1,18.3,17.7,17.3,16.9,16.6,16.3,16,15.8,15.5
Moldova,MDA,"Prevalence of HIV, total (% of population ages 15-49)",SH.DYN.AIDS.ZS,0.4,0.5,0.6,0.6,0.6,0.7,0.7,0.8,0.8,0.8,0.8,0.8,0.9,0.9,0.9,0.9
Moldova,MDA,"Incidence of tuberculosis (per 100,000 people)",SH.TBS.INCD,80,99,104,119,133,142,138,135,125,125,116,119,124,127,115,102
Moldova,MDA,Diabetes prevalence (% of population ages 20 to 79),SH.STA.DIAB.ZS,..,..,..,..,..,..,..,..,..,..,..,2.7,..,..,..,..
Moldova,MDA,"Physicians (per 1,000 people)",SH.MED.PHYS.ZS,2.427,2.285,2.327,2.327,2.247,2.472,2.5,2.543,2.54,2.613,2.645,2.739,2.805,2.985,3.02,3.085
Moldova,MDA,"Hospital beds (per 1,000 people)",SH.MED.BEDS.ZS,6.06,5.96,5.89,5.89,5.71,5.74,5.7,5.65,5.72,5.85,5.99,6.13,6.32,6.08,6.03,5.74
Moldova,MDA,Current health expenditure (% of GDP),SH.XPD.CHEX.GD.ZS,5.92687273,6.23449755,7.40437651,7.02227592,8.97114944,9.55814838,10.54445267,11.02066803,10.94920063,13.6766243,10.13112831,9.09670353,9.13962078,8.68300343,8.63275623,8.55763531
Moldova,MDA,Access to electricity (% of population),EG.ELC.ACCS.ZS,98.7,98.8,99,98.8,99.1,98.6,98.9,99,99.1,99.2,99.3,99.4,99.5,99.6,99.8,99.9
Moldova,MDA,People using at least basic drinking water services (% of population),SH.H2O.BASW.ZS,82.9191762020796,83.2538565916286,83.5931574476972,83.9370770399076,84.2858248843836,84.6745046272972,85.100053203952,85.5261099407884,85.9526894490116,86.3797812076695,86.807397646256,87.2355300636616,87.6641847043877,88.0933541286004,88.5230477822304,88.9514518015044
Moldova,MDA,People using at least basic sanitation services (% of population),SH.STA.BASS.ZS,71.59461816846,71.9520936357361,72.3143220268056,72.6812987261888,73.205652583647,73.7845138198424,74.4134127854106,75.046170236363,75.6828033174088,76.3233081453546,76.9677005639759,77.6159780889049,78.2681510565517,78.9242178717652,79.5841919776636,80.2520181994655
Moldova,MDA,GDP per capita (current US$),NY.GDP.PCAP.CD,440.538683980372,507.404076252819,570.799866188293,682.319095965299,897.178494749468,1034.39197746993,1183.02481442894,1531.21618590748,2110.55305353857,1898.43975710988,2436.79935102421,2941.36224066021,3044.8084324815,3321.04397795719,3289.95758568777,2749.55137054338
Moldova,MDA,"School enrollment, secondary (% gross)",SE.SEC.ENRR,..,..,..,..,..,..,..,..,..,..,87.9811349895035,87.7193726926085,88.1958686665424,88.3360494330142,104.382597025321,105.06970563726
Mongolia,MNG,"Life expectancy at birth, total (years)",SP.DYN.LE00.IN,63.2104878048781,63.3917073170732,63.540243902439,63.5753658536585,64.630243902439,65.2807317073171,65.9021951219512,66.5934146341464,67.2460975609756,67.9690243902439,68.5056097560976,69.109268292683,69.500243902439,70.0980487804878,70.5831707317073,70.810243902439
Mongolia,MNG,"Mortality rate, adult, female (per 1,000 female adults)",SP.DYN.AMRT.FE,209.968,201.515,198.731,199.784,197.021,188.648,174.638,162.778,158.014,159.167,159.255,154.979,148.863,143.31,139.985,132.591
Mongolia,MNG,"Mortality rate, adult, male (per 1,000 male adults)",SP.DYN.AMRT.MA,314.582,321.112,334.39,348.288,363.366,366.587,355.737,335.232,318.457,321.89,332.346,340.136,334.942,323.144,312.186,303.857
Mongolia,MNG,"Mortality rate, infant (per 1,000 live births)",SP.DYN.IMRT.IN,47.4,44,40.6,37.4,34.4,31.5,28.9,26.6,24.4,22.5,20.8,19.4,18.2,17.3,16.5,15.7
Mongolia,MNG,"Mortality rate, under-5 (per 1,000 live births)",SH.DYN.MORT,62.9,58,53.2,48.7,44.5,40.7,37.1,33.9,31.1,28.5,26.3,24.4,22.8,21.5,20.4,19.4
Mongolia,MNG,"Prevalence of HIV, total (% of population ages 15-49)",SH.DYN.AIDS.ZS,0.1,0.1,0.1,0.1,0.1,0.1,0.1,0.1,0.1,0.1,0.1,0.1,0.1,0.1,0.1,0.1
Mongolia,MNG,"Incidence of tuberculosis (per 100,000 people)",SH.TBS.INCD,428,428,428,428,428,428,428,428,428,428,428,428,428,428,428,428
Mongolia,MNG,Diabetes prevalence (% of population ages 20 to 79),SH.STA.DIAB.ZS,..,..,..,..,..,..,..,..,..,..,..,7.1,..,..,..,..
Mongolia,MNG,"Physicians (per 1,000 people)",SH.MED.PHYS.ZS,2.651,2.685,2.735,2.637,2.597,2.652,2.743,2.816,2.879,2.678,2.774,2.895,3.079,3.132,3.204,3.256
Mongolia,MNG,"Hospital beds (per 1,000 people)",SH.MED.BEDS.ZS,7.33,7.32,7.46,7.22,7.24,7.14,7.11,6.91,6.86,6.65,6.59,6.91,7.01,6.98,7.09,7.33
Mongolia,MNG,Current health expenditure (% of GDP),SH.XPD.CHEX.GD.ZS,6.07605076,5.4423995,5.49190998,4.29768944,4.30204487,3.86456275,3.74971509,4.07522774,4.55693007,4.45980072,3.73945642,3.58612084,3.85800076,4.08932018,4.20989752,4.23154545
Mongolia,MNG,Access to electricity (% of population),EG.ELC.ACCS.ZS,67.3,71.7,72.8,76.3,74.8,86.2,77,78.1,79.2,80.3,78.5,72.1,83.7,81.2,86,88
Mongolia,MNG,People using at least basic drinking water services (% of population),SH.H2O.BASW.ZS,62.4953614169164,63.8930991876622,65.2631885127539,66.6052545425881,67.9189653068814,69.2018583021678,70.4564922690515,71.6821145354004,72.8790843201777,74.0447903548772,75.1827087064584,76.0198226801003,76.6971420236104,77.3737729103165,78.0492712740592,78.7245239498298
Mongolia,MNG,People using at least basic sanitation services (% of population),SH.STA.BASS.ZS,44.1796872523233,44.964576316648,45.7307298595951,46.4779605923644,47.9419219894717,49.4051503733462,50.8680989175166,52.3291930599635,53.7875711591003,55.2405369166261,56.6892307138482,57.962223135466,59.1478903931974,60.3456671818311,61.555210784295,62.7770012891177
Mongolia,MNG,GDP per capita (current US$),NY.GDP.PCAP.CD,476.02755082717,524.453483552485,570.249213248399,643.168068921658,794.154552001815,994.90010913241,1329.89179579053,1627.68787743359,2127.42678594737,1703.32756790019,2625.21881402433,3736.04201455077,4328.89001905655,4340.14310544449,4126.23975800524,3838.92126989984
Mongolia,MNG,"School enrollment, secondary (% gross)",SE.SEC.ENRR,62.4367294311523,69.4697723388672,74.5482330322266,82.2682495117188,88.4728012084961,92.1028823852539,92.3052825927734,..,..,98.5075302124023,91.1776885986328,..,..,..,..,..
Morocco,MAR,"Life expectancy at birth, total (years)",SP.DYN.LE00.IN,66.794,67.2,67.582,67.958,68.272,68.748,69.157,69.62,70.051,70.454,70.821,71.263,71.674,72.117,72.522,72.894
Morocco,MAR,"Mortality rate, adult, female (per 1,000 female adults)",SP.DYN.AMRT.FE,167.633,163.485,159.585,155.81,152.93,146.877,141.651,136.776,132.301,128.166,124.409,118.779,113.549,108.942,104.932,101.268
Morocco,MAR,"Mortality rate, adult, male (per 1,000 male adults)",SP.DYN.AMRT.MA,215.36,210.407,205.651,200.979,196.911,191.843,187.541,181.523,175.767,170.356,165.437,160.812,156.574,151.008,145.763,141.058
Morocco,MAR,"Mortality rate, infant (per 1,000 live births)",SP.DYN.IMRT.IN,45.2,43.5,41.9,40.2,38.5,36.7,34.9,33.1,31.4,29.7,28.2,26.7,25.3,24,22.7,21.6
Morocco,MAR,"Mortality rate, under-5 (per 1,000 live births)",SH.DYN.MORT,52.2,50.1,47.9,45.7,43.6,41.3,39.1,37,34.9,32.9,31.1,29.3,27.7,26.2,24.7,23.4
Morocco,MAR,"Prevalence of HIV, total (% of population ages 15-49)",SH.DYN.AIDS.ZS,0.1,0.1,0.1,0.1,0.1,0.1,0.1,0.1,0.1,0.1,0.1,0.1,0.1,0.1,0.1,0.1
Morocco,MAR,"Incidence of tuberculosis (per 100,000 people)",SH.TBS.INCD,115,112,116,103,99,99,97,94,98,99,101,100,99,99,101,102
Morocco,MAR,Diabetes prevalence (% of population ages 20 to 79),SH.STA.DIAB.ZS,..,..,..,..,..,..,..,..,..,..,..,6.8,..,..,..,..
Morocco,MAR,"Physicians (per 1,000 people)",SH.MED.PHYS.ZS,..,0.483,..,..,0.532,..,..,0.585,..,0.645,..,..,..,0.63,0.912,..
Morocco,MAR,"Hospital beds (per 1,000 people)",SH.MED.BEDS.ZS,0.88,0.88,0.88,0.89,0.87,0.86,0.86,0.87,0.86,0.85,0.84,0.83,0.83,0.82,1.1,1.1
Morocco,MAR,Current health expenditure (% of GDP),SH.XPD.CHEX.GD.ZS,3.69304585,3.81601191,4.06117535,4.08037519,4.23211098,4.37350655,4.56586647,4.80759001,4.83789158,5.27312183,5.41861057,5.37019396,5.39619017,5.25540543,5.41626596,5.10435581
Morocco,MAR,Access to electricity (% of population),EG.ELC.ACCS.ZS,69.8,71.6,73.3,75.1,78.2,78.6,96.5,82.2,84.1,85.9,95.7,96.1,96.4,97.2,97.3,97.3
Morocco,MAR,People using at least basic drinking water services (% of population),SH.H2O.BASW.ZS,64.7959021092167,65.6268836626532,66.5885809593139,67.5495505303989,68.5102152427062,69.5807164276535,70.6676089659344,71.7467395262126,72.8173346439623,73.8787116175245,74.9321261036749,75.9759037287144,77.0103247140373,78.0347633935167,79.0494793784529,80.0538678565424
Morocco,MAR,People using at least basic sanitation services (% of population),SH.STA.BASS.ZS,67.66782238601,68.5059628559509,69.7649049930659,71.0463173308646,72.2380123762747,73.1773228798592,74.1286263488446,75.078660952352,76.0270427371128,76.9734333991615,77.918633263736,78.861710640232,79.8028890316832,80.7418404189432,81.6787840039995,82.6133886224459
Morocco,MAR,GDP per capita (current US$),NY.GDP.PCAP.CD,1499.107421875,1506.24523925781,1596.02062988281,1941.87255859375,2183.55541992188,2242.98828125,2438.12646484375,2755.5859375,3183.20043945313,3119.58862304688,3067.9853515625,3301.98876953125,3164.17724609375,3379.7431640625,3435.40698242188,3146.24780273438
Morocco,MAR,"School enrollment, secondary (% gross)",SE.SEC.ENRR,39.6924896240234,41.3156585693359,43.0969085693359,44.651439666748,47.3964385986328,49.1547889709473,52.2258186340332,55.3458595275879,57.666561126709,60.7418212890625,63.0757983249551,66.0255284774218,68.7358726261435,..,..,..
Myanmar,MMR,"Life expectancy at birth, total (years)",SP.DYN.LE00.IN,60.357,60.64,60.925,61.196,61.443,61.72,62.026,62.367,56.364,63.095,63.479,63.859,64.251,64.617,64.994,65.288
Myanmar,MMR,"Mortality rate, adult, female (per 1,000 female adults)",SP.DYN.AMRT.FE,214.668,212.199,209.758,208.497,207.65,206.325,203.976,201.855,297.249,195.602,191.674,187.044,183.403,180.03,174.677,171.18
Myanmar,MMR,"Mortality rate, adult, male (per 1,000 male adults)",SP.DYN.AMRT.MA,325.48,323.01,320.703,317.61,315.22,312.51,309.52,305.225,331.401,297.114,292.842,289.554,284.17,279.49,275.775,273.204
Myanmar,MMR,"Mortality rate, infant (per 1,000 live births)",SP.DYN.IMRT.IN,73.9,72.3,70.5,68.8,66.9,65,62.9,60.8,70.8,56.4,54.2,52.1,50,48.1,46.3,44.6
Myanmar,MMR,"Mortality rate, under-5 (per 1,000 live births)",SH.DYN.MORT,89.5,87.1,84.7,82.2,79.7,77.1,74.4,71.6,101.1,66,63.2,60.5,58,55.6,53.4,51.3
Myanmar,MMR,"Prevalence of HIV, total (% of population ages 15-49)",SH.DYN.AIDS.ZS,0.6,0.7,0.7,0.8,0.8,0.8,0.8,0.9,0.9,0.9,0.9,0.9,0.9,0.9,0.9,0.9
Myanmar,MMR,"Incidence of tuberculosis (per 100,000 people)",SH.TBS.INCD,555,555,554,552,549,545,540,535,530,525,500,476,453,431,411,391
Myanmar,MMR,Diabetes prevalence (% of population ages 20 to 79),SH.STA.DIAB.ZS,..,..,..,..,..,..,..,..,..,..,..,7.1,..,..,..,..
Myanmar,MMR,"Physicians (per 1,000 people)",SH.MED.PHYS.ZS,0.302,..,..,..,0.376,0.389,0.426,0.45,0.487,0.501,0.535,0.564,0.594,..,..,..
Myanmar,MMR,"Hospital beds (per 1,000 people)",SH.MED.BEDS.ZS,0.7,..,0.63,0.69,0.71,0.72,0.72,0.74,0.76,0.77,0.86,0.87,0.88,0.9,0.93,1.06
Myanmar,MMR,Current health expenditure (% of GDP),SH.XPD.CHEX.GD.ZS,2.12591195,2.28925514,2.74706364,2.53689265,2.46972823,2.48261595,2.39884496,2.15582204,2.24654627,2.30063438,2.08368421,2.06551504,2.5793314,3.29410386,4.39346027,5.47780561
Myanmar,MMR,Access to electricity (% of population),EG.ELC.ACCS.ZS,41.9,43,47,45.1,46.2,47.3,48.4,49.5,50.6,51.8,48.8,54.1,55.3,56.5,52,60.5
Myanmar,MMR,People using at least basic drinking water services (% of population),SH.H2O.BASW.ZS,47.7268532369647,49.1890418639071,50.6713196252269,52.1738693593399,53.6965766171392,55.2393218321691,56.8017092189817,58.3838996351405,59.9857724295587,61.6069476357524,63.2478211567168,64.9077560427868,66.5868862184781,68.2848517202293,70.0019904371487,71.7410019192318
Myanmar,MMR,People using at least basic sanitation services (% of population),SH.STA.BASS.ZS,63.4598761862451,64.0138787377536,64.5659721349404,65.1163566338286,65.6650226981939,66.2119534701718,66.7569454756528,67.3001776825017,67.8416370024388,68.3369207154711,68.8298210389307,69.3199772404652,69.807531674854,70.2923176898012,70.7745834946792,71.2558687447799
Myanmar,MMR,GDP per capita (current US$),NY.GDP.PCAP.CD,196.619580625284,141.525660705722,146.598390364449,224.292688912409,224.508811413327,252.685193060728,303.495087119254,419.375780725042,658.442487229705,758.442935789255,1010.53417343401,1213.62898703376,1202.6658960055,1199.09561597055,1293.00042298688,1166.73305546337
Myanmar,MMR,"School enrollment, secondary (% gross)",SE.SEC.ENRR,39.3193206787109,40.303840637207,41.8484497070312,42.1795806884766,45.0282783508301,45.6932487487793,47.5437698364258,47.3708114624023,49.9790115356445,49.9621315002441,50.8663902282715,..,..,..,57.1178512573242,..
Mozambique,MOZ,"Life expectancy at birth, total (years)",SP.DYN.LE00.IN,49.476,50.259,50.879,51.383,51.855,52.322,52.748,53.255,53.799,54.4,55.04,55.733,56.46,57.189,57.965,58.711
Mozambique,MOZ,"Mortality rate, adult, female (per 1,000 female adults)",SP.DYN.AMRT.FE,376.786,371.691,369.026,372.803,376.393,379.49,383.524,381.665,377.239,369.929,360.512,348.3,334.422,319.239,303.004,286.771
Mozambique,MOZ,"Mortality rate, adult, male (per 1,000 male adults)",SP.DYN.AMRT.MA,428.888,429.329,431.316,432.781,434.205,435.005,435.692,434.755,433.027,429.442,424.812,418.506,410.749,402.572,392.732,382.682
Mozambique,MOZ,"Mortality rate, infant (per 1,000 live births)",SP.DYN.IMRT.IN,106.1,100.1,94.5,89.5,84.6,80.2,75.7,69.7,67,63.7,63.5,59.7,57.5,56.1,54.8,53.8
Mozambique,MOZ,"Mortality rate, under-5 (per 1,000 live births)",SH.DYN.MORT,163,154.2,146,138.5,131.6,125,118.2,110,103.7,97.5,95,90.5,86.3,82.6,79.2,75.1
Mozambique,MOZ,"Prevalence of HIV, total (% of population ages 15-49)",SH.DYN.AIDS.ZS,8.8,9.4,9.9,10.3,10.6,10.9,11.1,11.3,11.6,11.8,12,12.3,12.4,12.6,12.7,12.8
Mozambique,MOZ,"Incidence of tuberculosis (per 100,000 people)",SH.TBS.INCD,336,338,339,339,341,342,345,348,351,354,357,359,361,361,361,361
Mozambique,MOZ,Diabetes prevalence (% of population ages 20 to 79),SH.STA.DIAB.ZS,..,..,..,..,..,..,..,..,..,..,..,3.1,..,..,..,..
Mozambique,MOZ,"Physicians (per 1,000 people)",SH.MED.PHYS.ZS,0.024,..,..,..,0.026,..,0.026,..,..,0.046,0.05,0.053,0.056,0.058,..,..
Mozambique,MOZ,"Hospital beds (per 1,000 people)",SH.MED.BEDS.ZS,..,..,..,..,..,..,0.85,0.75,0.79,0.84,0.85,0.84,0.85,0.8,0.8,0.78
Mozambique,MOZ,Current health expenditure (% of GDP),SH.XPD.CHEX.GD.ZS,2.14253044,2.80098224,3.18652654,3.25095367,3.53062654,4.21435642,3.94559026,3.79955554,4.13496828,5.05562353,5.29249668,4.9217639,5.14035702,6.04556036,6.24013042,6.60972881
Mozambique,MOZ,Access to electricity (% of population),EG.ELC.ACCS.ZS,6.1,5.7,8.4,8.1,10.7,11.8,13,12.4,13.6,15,18.9,20.2,21.2,22.4,24.8,24
Mozambique,MOZ,People using at least basic drinking water services (% of population),SH.H2O.BASW.ZS,22.7135095802514,23.7660889119429,25.281950672123,26.8306654926848,28.4125475477891,30.0268645534793,31.6744358371789,33.3535146665371,35.2069187179296,37.1024439275655,39.0283491613439,40.9829957259919,42.9657407480855,44.975925386408,47.0128819373376,49.0759428639125
Mozambique,MOZ,People using at least basic sanitation services (% of population),SH.STA.BASS.ZS,10.2305487963868,11.2260111087981,12.2572646339569,13.3023143058234,14.3614035663123,15.4341574090753,16.5211559577989,17.6213721830878,18.8302407708135,20.0645617499618,21.3170069551163,22.5867672282022,23.8737014232425,25.1776607454077,26.498493533672,27.8360509112133
Mozambique,MOZ,GDP per capita (current US$),NY.GDP.PCAP.CD,327.12623979157,304.792138621913,313.886661721198,339.488737800648,400.056973161545,436.773856167384,457.487647833183,507.874923914304,592.159111184122,547.697144193651,496.185839392659,618.17649286789,685.685748199513,686.505672517351,697.142680444123,610.563774706589
Mozambique,MOZ,"School enrollment, secondary (% gross)",SE.SEC.ENRR,5.94095993041992,6.66658020019531,8.2307596206665,..,10.5598001480103,12.95458984375,15.2163000106812,17.9137401580811,20.1720008850098,22.9890193939209,25.1208838457009,26.0157578808472,25.6446165136399,34.4439086914062,33.95458984375,34.5285606384277
Namibia,NAM,"Life expectancy at birth, total (years)",SP.DYN.LE00.IN,52.946,51.98,51.988,51.918,52.175,52.557,53.183,54.026,54.74,55.347,56.093,56.647,57.733,58.468,59.311,60.008
Namibia,NAM,"Mortality rate, adult, female (per 1,000 female adults)",SP.DYN.AMRT.FE,486.164,508.643,512.11,518.508,512.889,509.028,492.914,472.803,455.357,449.231,433.694,416.377,390.147,374.2,357.386,340.237
Namibia,NAM,"Mortality rate, adult, male (per 1,000 male adults)",SP.DYN.AMRT.MA,548.809,579.651,583.924,587.712,589.043,585.263,582.35,572.578,566.546,555.264,544.38,536.27,517.689,501.066,479.498,465.972
Namibia,NAM,"Mortality rate, infant (per 1,000 live births)",SP.DYN.IMRT.IN,45.9,44.5,43.5,42.6,41.5,38.4,36.8,38.4,40.7,43.1,42.7,44.4,48,47.6,46.9,47.5
Namibia,NAM,"Mortality rate, under-5 (per 1,000 live births)",SH.DYN.MORT,77.9,77.1,76.1,75.1,74.1,70.5,64.9,60.6,56.4,52.9,50.8,51.6,55.1,54,53.1,55
Namibia,NAM,"Prevalence of HIV, total (% of population ages 15-49)",SH.DYN.AIDS.ZS,13.4,13.7,13.8,13.8,13.6,13.4,13.3,13.2,13.2,13.1,13.1,13.1,13,12.8,12.6,12.4
Namibia,NAM,"Incidence of tuberculosis (per 100,000 people)",SH.TBS.INCD,985,1100,1190,1240,1260,1250,1210,1140,1060,974,892,815,754,710,674,639
Namibia,NAM,Diabetes prevalence (% of population ages 20 to 79),SH.STA.DIAB.ZS,..,..,..,..,..,..,..,..,..,..,..,7.8,..,..,..,..
Namibia,NAM,"Physicians (per 1,000 people)",SH.MED.PHYS.ZS,..,..,..,..,0.308,..,..,0.385,..,..,..,..,..,..,..,..
Namibia,NAM,"Hospital beds (per 1,000 people)",SH.MED.BEDS.ZS,..,..,..,..,..,..,3.3,..,..,2.7,..,..,..,..,..,..
Namibia,NAM,Current health expenditure (% of GDP),SH.XPD.CHEX.GD.ZS,9.23999977,9.64409447,9.68074989,9.91340542,10.12623405,10.08441544,10.57086945,10.71633053,9.91801167,9.04967022,9.72781372,9.83193302,9.26659298,9.06448746,8.4089098,9.98109627
Namibia,NAM,Access to electricity (% of population),EG.ELC.ACCS.ZS,36.5,36,36.9,37.8,38.7,39.6,40.5,43.7,42.4,44.1,44.4,42.3,46.4,47.4,48.4,51.6
Namibia,NAM,People using at least basic drinking water services (% of population),SH.H2O.BASW.ZS,75.9628102006405,76.3689821667623,76.8782066115786,77.4019458954656,77.9204001256526,78.4318651214661,78.9370961710911,79.4353345856474,79.9267237226483,80.4094271857812,80.8850164351902,81.3519879199082,81.8179821315026,82.2751583561412,82.7234244328951,83.1619215172849
Namibia,NAM,People using at least basic sanitation services (% of population),SH.STA.BASS.ZS,28.0552178433948,28.3498582411564,28.7898121001836,29.2486420373994,29.6982094854602,30.1360786395554,30.5632818943393,30.9787336893598,31.3826009951545,31.7723198058651,32.1500515659927,32.5137073208858,32.8736174504631,33.2190608656143,33.549894403974,33.8649685207144
Namibia,NAM,GDP per capita (current US$),NY.GDP.PCAP.CD,2156.67590512714,1915.58926594875,1772.07565537493,2569.24739317883,3403.15496192955,3685.77299991587,4017.1834716928,4379.04313682732,4204.78555422749,4302.91374148376,5418.21633365814,5834.7917675794,5942.64680978673,5346.62131149967,5378.32326241205,4774.10650865775
Namibia,NAM,"School enrollment, secondary (% gross)",SE.SEC.ENRR,63.7193412780762,67.4832611083984,66.1111907958984,65.2594223022461,64.5331420898438,63.1600494384766,62.1227416992188,62.7577209472656,..,..,68.0998401813149,72.4541177178611,74.2465574610051,76.142480002464,76.7595646559311,78.2608012276393
Nepal,NPL,"Life expectancy at birth, total (years)",SP.DYN.LE00.IN,62.642,63.288,63.507,64.229,64.744,65.275,65.891,66.169,66.442,66.6,66.772,67.123,67.364,67.598,67.812,67.374
Nepal,NPL,"Mortality rate, adult, female (per 1,000 female adults)",SP.DYN.AMRT.FE,209.128,199.983,192.96,186.614,180.237,175.724,169.083,168.262,168.044,169.864,172.823,171.75,170.415,169.427,168.29,176.825
Nepal,NPL,"Mortality rate, adult, male (per 1,000 male adults)",SP.DYN.AMRT.MA,263.307,259.025,269.675,256.872,252.769,244.589,234.099,230.704,227.206,225.179,221.559,214.904,212.69,209.84,207.498,212.397
Nepal,NPL,"Mortality rate, infant (per 1,000 live births)",SP.DYN.IMRT.IN,61.8,58.8,55.9,53.3,50.9,48.8,46.9,45.1,43.4,41.8,40.2,38.7,37.1,35.6,34.1,32.6
Nepal,NPL,"Mortality rate, under-5 (per 1,000 live births)",SH.DYN.MORT,79.2,74.8,70.6,66.9,63.5,60.4,57.6,55.1,52.7,50.5,48.3,46.2,44.1,42.1,40.1,38.2
Nepal,NPL,"Prevalence of HIV, total (% of population ages 15-49)",SH.DYN.AIDS.ZS,0.2,0.2,0.2,0.2,0.3,0.3,0.3,0.3,0.3,0.3,0.3,0.2,0.2,0.2,0.2,0.2
Nepal,NPL,"Incidence of tuberculosis (per 100,000 people)",SH.TBS.INCD,417,405,393,382,371,360,350,339,329,320,311,302,293,284,276,268
Nepal,NPL,Diabetes prevalence (% of population ages 20 to 79),SH.STA.DIAB.ZS,..,..,..,..,..,..,..,..,..,..,..,3.6,..,..,..,..
Nepal,NPL,"Physicians (per 1,000 people)",SH.MED.PHYS.ZS,..,0.052,..,..,0.207,..,..,..,..,..,..,..,0.51,0.554,..,..
Nepal,NPL,"Hospital beds (per 1,000 people)",SH.MED.BEDS.ZS,..,0.21,0.21,0.2,0.2,0.26,0.26,0.26,0.26,0.26,0.26,0.26,0.26,0.27,0.27,0.25
Nepal,NPL,Current health expenditure (% of GDP),SH.XPD.CHEX.GD.ZS,3.13292074,3.81229901,3.93863344,3.8560729,4.04629898,3.95095325,3.54402447,3.67297482,3.81756353,3.90179515,4.36131525,4.45220184,4.49078751,4.63012981,5.07549381,5.46615553
Nepal,NPL,Access to electricity (% of population),EG.ELC.ACCS.ZS,29.9,24.6,36.4,39.6,37.2,46.1,51.2,52.6,56,59.3,68.6,67.3,75.2,77.4,84.9,82
Nepal,NPL,People using at least basic drinking water services (% of population),SH.H2O.BASW.ZS,79.6697888529143,80.3252807935525,80.936422443979,81.5412679602195,82.1397139231249,82.731665320308,83.3170381280125,83.895823115831,84.4678253980994,85.0329499671884,85.5911073264404,86.1422718062614,86.686530708514,87.2235597131944,87.7533252357355,88.275580629965
Nepal,NPL,People using at least basic sanitation services (% of population),SH.STA.BASS.ZS,13.9643034202623,16.5126874413899,19.0765230183174,21.7098754525465,24.4122734406566,27.1832353733961,30.0222708409922,32.9290255317548,35.9028115449213,38.9430970513843,42.0493403726571,45.2211012451996,48.4581805623339,51.7595632493705,55.1248076174692,58.5529933392084
Nepal,NPL,GDP per capita (current US$),NY.GDP.PCAP.CD,223.830289183078,240.795114544664,238.89140296106,246.429706587633,279.587750044428,309.024168339372,340.431796437968,385.449767660642,464.817391891529,473.078751198621,585.278491984574,785.518656222132,788.202937148377,803.269595420477,821.455224911731,875.543635474862
Nepal,NPL,"School enrollment, secondary (% gross)",SE.SEC.ENRR,34.4201507568359,37.3896903991699,41.0556297302246,42.0749092102051,..,45.098201751709,42.5181617736816,42.0970306396484,48.0189094543457,49.2625999450684,55.5892906188965,58.9935111999512,63.1414794921875,65.4935302734375,67.5318298339844,68.6131210327148
New Caledonia,NCL,"Life expectancy at birth, total (years)",SP.DYN.LE00.IN,73.574,73.958,74.278,74.5,74.713,74.867,75.016,75.181,75.398,75.676,75.992,76.315,76.615,76.867,77.053,77.206
New Caledonia,NCL,"Mortality rate, adult, female (per 1,000 female adults)",SP.DYN.AMRT.FE,94.957,93.528,92.129,91.026,89.092,87.358,85.448,83.348,81.049,78.604,76.182,73.946,72.038,70.591,69.686,69.192
New Caledonia,NCL,"Mortality rate, adult, male (per 1,000 male adults)",SP.DYN.AMRT.MA,176.257,172.047,168.489,165.73,163.258,161.098,158.849,156.222,152.943,149.01,144.913,141.124,138.028,135.953,135.037,134.483
New Caledonia,NCL,"Mortality rate, infant (per 1,000 live births)",SP.DYN.IMRT.IN,..,..,..,..,..,..,..,..,..,..,..,..,..,..,..,..
New Caledonia,NCL,"Mortality rate, under-5 (per 1,000 live births)",SH.DYN.MORT,..,..,..,..,..,..,..,..,..,..,..,..,..,..,..,..
New Caledonia,NCL,"Prevalence of HIV, total (% of population ages 15-49)",SH.DYN.AIDS.ZS,..,..,..,..,..,..,..,..,..,..,..,..,..,..,..,..
New Caledonia,NCL,"Incidence of tuberculosis (per 100,000 people)",SH.TBS.INCD,48,31,32,18,29,22,23,22,23,24,22,22,16,18,12,23
New Caledonia,NCL,Diabetes prevalence (% of population ages 20 to 79),SH.STA.DIAB.ZS,..,..,..,..,..,..,..,..,..,..,..,8.6,..,..,..,..
New Caledonia,NCL,"Physicians (per 1,000 people)",SH.MED.PHYS.ZS,..,..,..,..,..,..,..,..,..,..,..,..,..,..,..,..
New Caledonia,NCL,"Hospital beds (per 1,000 people)",SH.MED.BEDS.ZS,..,..,..,..,..,..,..,..,..,..,..,..,..,..,..,..
New Caledonia,NCL,Current health expenditure (% of GDP),SH.XPD.CHEX.GD.ZS,..,..,..,..,..,..,..,..,..,..,..,..,..,..,..,..
New Caledonia,NCL,Access to electricity (% of population),EG.ELC.ACCS.ZS,100,100,100,100,100,100,100,100,100,100,100,100,100,100,100,100
New Caledonia,NCL,People using at least basic drinking water services (% of population),SH.H2O.BASW.ZS,95.10497708421,95.10497708421,95.10497708421,95.3383295002079,95.5716819162058,95.8050343322036,96.0383867482015,96.2717391641993,96.5050915801972,96.7384439961951,96.9717964121929,97.2051488281908,97.4385012441887,97.6718536601866,97.9052060761844,98.1385584921823
New Caledonia,NCL,People using at least basic sanitation services (% of population),SH.STA.BASS.ZS,100,100,100,100,100,100,100,100,100,100,100,100,100,100,100,100
New Caledonia,NCL,GDP per capita (current US$),NY.GDP.PCAP.CD,15329.7297200058,14482.3606263602,16104.5520406819,20768.1061488848,24475.6488547037,25528.2918353444,28193.2537573387,35177.6535261448,35723.9033194947,33836.494080472,35798.9084757829,38835.9401851385,35559.5672006157,36671.1566752621,37816.9558599295,30858.7237060533
New Caledonia,NCL,"School enrollment, secondary (% gross)",SE.SEC.ENRR,..,..,..,..,..,..,..,..,..,..,..,..,..,..,..,..
Nicaragua,NIC,"Life expectancy at birth, total (years)",SP.DYN.LE00.IN,66.36,67.028,67.95,68.749,69.51,70.374,70.958,71.197,71.404,71.499,71.761,72.033,72.435,72.551,72.792,72.899
Nicaragua,NIC,"Mortality rate, adult, female (per 1,000 female adults)",SP.DYN.AMRT.FE,175.328,168.051,157.279,149.232,141.478,131.588,125.973,123.692,123.75,122.386,121.283,118.491,116.32,116.163,114.319,113.128
Nicaragua,NIC,"Mortality rate, adult, male (per 1,000 male adults)",SP.DYN.AMRT.MA,282.407,275.406,264.534,253.895,243.699,232.005,225.158,221.934,221.895,222.081,220.215,219.542,216.062,215.111,207.319,203.861
Nicaragua,NIC,"Mortality rate, infant (per 1,000 live births)",SP.DYN.IMRT.IN,30.8,29.2,27.6,26.2,24.9,23.6,22.5,21.4,20.4,19.4,18.5,17.6,16.8,16,15.3,14.6
Nicaragua,NIC,"Mortality rate, under-5 (per 1,000 live births)",SH.DYN.MORT,38.2,36.2,34.3,32.6,31,29.5,28.1,26.8,25.5,24.4,23.3,22.2,21.3,20.3,19.4,18.6
Nicaragua,NIC,"Prevalence of HIV, total (% of population ages 15-49)",SH.DYN.AIDS.ZS,..,..,..,..,..,..,..,..,..,..,..,..,..,..,..,..
Nicaragua,NIC,"Incidence of tuberculosis (per 100,000 people)",SH.TBS.INCD,59,59,50,54,52,44,45,51,52,50,53,57,58,57,54,50
Nicaragua,NIC,Diabetes prevalence (% of population ages 20 to 79),SH.STA.DIAB.ZS,..,..,..,..,..,..,..,..,..,..,..,11,..,..,..,..
Nicaragua,NIC,"Physicians (per 1,000 people)",SH.MED.PHYS.ZS,..,..,..,0.384,..,0.498,0.491,0.525,0.646,0.7,0.724,0.808,0.854,0.89,0.885,0.92
Nicaragua,NIC,"Hospital beds (per 1,000 people)",SH.MED.BEDS.ZS,..,..,..,0.8999999762,0.9,0.81,0.79,0.88,0.87,0.88,0.88,0.9,0.89,0.93,0.94,0.9
Nicaragua,NIC,Current health expenditure (% of GDP),SH.XPD.CHEX.GD.ZS,5.23883677,5.48459768,5.73315859,6.08317614,6.05740356,6.22468948,6.35756445,6.95643044,7.16700697,7.68584394,7.71019173,7.44982004,7.48836899,7.63869238,7.97716141,7.96303272
Nicaragua,NIC,Access to electricity (% of population),EG.ELC.ACCS.ZS,73,72.2,74.1,74.6,75.2,73.8,76.3,76.9,77.5,77.9,80.1,81.2,81.3,81.9,81.9,83.2
Nicaragua,NIC,People using at least basic drinking water services (% of population),SH.H2O.BASW.ZS,80.6461725738748,80.6712485778784,80.697556235523,80.7254005845665,80.7547757336457,80.7870236509338,80.8357507918115,80.8860732414651,80.9386665632115,80.9928505979787,81.048950444765,81.1069673480345,81.1669027053438,81.2287535155048,81.2921378883304,81.3531277628567
Nicaragua,NIC,People using at least basic sanitation services (% of population),SH.STA.BASS.ZS,57.0729057082999,58.0593665909167,59.0445107661833,60.0285956771106,61.0116188363532,61.9945613405031,62.987007020763,63.9778142639389,64.9674578476413,65.9554776456119,66.9420991365654,67.9273254225164,68.9111598605716,69.8936029746752,70.8744369725595,71.8538830119437
Nicaragua,NIC,GDP per capita (current US$),NY.GDP.PCAP.CD,1017.3124434882,1051.874235891,1014.3339042591,1021.35216668794,1098.62118662335,1183.30214010175,1248.17371577788,1350.38145753377,1523.68437086409,1467.08288052845,1526.56706951408,1679.71192084633,1784.69836017555,1835.43996363715,1958.37047579547,2074.45620634731
Nicaragua,NIC,"School enrollment, secondary (% gross)",SE.SEC.ENRR,53.405029296875,56.3652381896973,60.6764602661133,..,65.4347305297852,68.5747222900391,69.0923385620117,72.1754989624023,70.7740936279297,..,71.3924407958984,..,..,..,..,..
Nigeria,NGA,"Life expectancy at birth, total (years)",SP.DYN.LE00.IN,47.143,47.549,48.02,48.618,49.148,49.538,49.876,50.381,50.748,51.08,51.315,51.49,51.688,51.827,51.94,51.939
Nigeria,NGA,"Mortality rate, adult, female (per 1,000 female adults)",SP.DYN.AMRT.FE,386.687,388.716,388.616,384.339,380.799,375.402,373.949,368.993,367.809,364.208,363.335,364.028,363.264,362.22,361.45,364.365
Nigeria,NGA,"Mortality rate, adult, male (per 1,000 male adults)",SP.DYN.AMRT.MA,420.766,413.918,407.223,400.042,393.771,395.492,394.456,389.583,385.116,383.557,381.744,379.82,377.929,378.192,378.732,379.757
Nigeria,NGA,"Mortality rate, infant (per 1,000 live births)",SP.DYN.IMRT.IN,97.1,94.6,91.9,89.1,86.4,83.7,81.2,79,77.1,75.4,74,73,72,71.4,70.8,70.2
Nigeria,NGA,"Mortality rate, under-5 (per 1,000 live births)",SH.DYN.MORT,182.3,176.8,171.1,165.4,159.8,154.5,149.6,145.2,141.3,138,135.1,132.9,130.9,129.3,127.9,126.4
Nigeria,NGA,"Prevalence of HIV, total (% of population ages 15-49)",SH.DYN.AIDS.ZS,2.2,2.2,2.2,2.2,2.2,2.1,2.1,2,2,2,2,1.9,1.9,1.8,1.8,1.7
Nigeria,NGA,"Incidence of tuberculosis (per 100,000 people)",SH.TBS.INCD,219,219,219,219,219,219,219,219,219,219,219,219,219,219,219,219
Nigeria,NGA,Diabetes prevalence (% of population ages 20 to 79),SH.STA.DIAB.ZS,..,..,..,..,..,..,..,..,..,..,..,4.8,..,..,..,..
Nigeria,NGA,"Physicians (per 1,000 people)",SH.MED.PHYS.ZS,0.269,..,..,0.262,..,0.279,0.344,0.373,0.371,0.373,..,..,..,0.376,..,..
Nigeria,NGA,"Hospital beds (per 1,000 people)",SH.MED.BEDS.ZS,1.2,..,..,..,0.5,..,..,..,..,..,..,..,..,..,..,..
Nigeria,NGA,Current health expenditure (% of GDP),SH.XPD.CHEX.GD.ZS,3.1973834,3.18946862,2.49063969,5.05360985,4.63368416,4.46591949,4.25775146,3.90997243,3.69581532,3.5801971,3.29653287,3.32077932,3.35984254,3.4206934,3.34840417,3.58194995
Nigeria,NGA,Access to electricity (% of population),EG.ELC.ACCS.ZS,43.2,43.9,44.6,52.2,46.1,46.8,47.6,50.1,50.3,50,48,55.9,53,55.6,54.2,52.5
Nigeria,NGA,People using at least basic drinking water services (% of population),SH.H2O.BASW.ZS,44.4422771880572,45.7286131867996,47.2883073743618,48.8567642406248,50.4334927622484,52.0176713923367,53.6095346466067,55.2089706747755,56.8158520956791,58.4287046846298,60.048448967519,61.6709575534606,63.296219919828,64.9235673868733,66.5530061054195,68.1845425049661
Nigeria,NGA,People using at least basic sanitation services (% of population),SH.STA.BASS.ZS,27.9946355957726,28.0339081146668,28.6863473284877,29.3592591376198,30.0532638422315,30.7689136768009,31.5068482626807,32.267693402297,33.0520742471129,33.8602865376741,34.6931332709606,35.5499398732214,36.4309333257504,37.3360752432271,38.2655122285715,39.2193825451344
Nigeria,NGA,GDP per capita (current US$),NY.GDP.PCAP.CD,547.318298903379,566.428231812933,712.164852077686,763.388745367223,962.48104194733,1211.37703504386,1599.53891556365,1815.52697545827,2154.10543545364,1820.48633854782,2202.25672957344,2418.41316975875,2633.19734671361,2872.79083379398,3088.72131316169,2585.73360671797
Nigeria,NGA,"School enrollment, secondary (% gross)",SE.SEC.ENRR,23.9613494873047,26.3999805450439,28.8738098144531,..,33.9481201171875,33.7729187011719,33.1262817382812,30.4232006072998,33.6112785339355,37.1381416320801,41.7837982177734,43.0239906311035,44.4557914733887,52.7967300415039,42.7821502685547,43.8246917724609
Nauru,NRU,"Life expectancy at birth, total (years)",SP.DYN.LE00.IN,59.574,59.482,59.427,59.359,59.346,59.361,59.409,59.49,59.675,59.852,60.074,60.287,60.533,60.701,60.834,60.897
Nauru,NRU,"Mortality rate, adult, female (per 1,000 female adults)",SP.DYN.AMRT.FE,290.621,294.888,298.535,301.709,304.214,305.508,305.211,303.922,301.235,298.301,294.588,291.323,288.566,287.693,288.112,289.379
Nauru,NRU,"Mortality rate, adult, male (per 1,000 male adults)",SP.DYN.AMRT.MA,422.6,427.738,431.218,434.43,436.569,438.145,439.406,439.892,437.304,435.07,431.875,428.858,425.439,423.076,421.243,421.476
Nauru,NRU,"Mortality rate, infant (per 1,000 live births)",SP.DYN.IMRT.IN,37.5,36.1,34.7,33.4,32.3,31.2,30.1,28.9,27.5,26,24.4,22.7,21,19.3,17.7,16.2
Nauru,NRU,"Mortality rate, under-5 (per 1,000 live births)",SH.DYN.MORT,41.3,39.6,38.1,36.6,35.3,34.1,32.9,31.5,30,28.4,26.6,24.8,22.9,21.1,19.3,17.6
Nauru,NRU,"Prevalence of HIV, total (% of population ages 15-49)",SH.DYN.AIDS.ZS,..,..,..,..,..,..,..,..,..,..,..,..,..,..,..,..
Nauru,NRU,"Incidence of tuberculosis (per 100,000 people)",SH.TBS.INCD,45,34,57,34,75,126,138,34,57,46,34,57,69,77,86,105
Nauru,NRU,Diabetes prevalence (% of population ages 20 to 79),SH.STA.DIAB.ZS,..,..,..,..,..,..,..,..,..,..,..,20.4,..,..,..,..
Nauru,NRU,"Physicians (per 1,000 people)",SH.MED.PHYS.ZS,..,..,..,..,0.971,..,..,..,0.98,0.98,1.078,1.359,..,..,..,1.25
Nauru,NRU,"Hospital beds (per 1,000 people)",SH.MED.BEDS.ZS,..,..,..,..,3.5,..,..,3.5,..,..,4.88,..,..,..,..,..
Nauru,NRU,Current health expenditure (% of GDP),SH.XPD.CHEX.GD.ZS,18.96671295,16.22330093,13.80812454,9.97444248,6.87889576,10.82081795,12.41761494,24.23069,23.00409317,12.31576252,12.69640064,9.97123718,8.84148979,9.85010338,8.3867569,14.00561714
Nauru,NRU,Access to electricity (% of population),EG.ELC.ACCS.ZS,99.1,99,99,99,99,99,99,99.8,99.1,99.1,99.2,99,99.4,99.4,99.5,99
Nauru,NRU,People using at least basic drinking water services (% of population),SH.H2O.BASW.ZS,98.0817937576702,98.0098979236459,97.9380020896215,97.8661062555972,97.7942104215728,97.7223145875485,97.6504187535241,97.5785229194998,97.5066270854755,97.4347312514511,97.3628354174268,97.2909395834024,97.2190437493781,97.1471479153537,97.0752520813294,97.003356247305
Nauru,NRU,People using at least basic sanitation services (% of population),SH.STA.BASS.ZS,65.5137522153518,65.5383576484379,65.562963081524,65.5875685146101,65.6121739476961,65.6367793807822,65.6613848138683,65.6859902469544,65.7105956800405,65.7352011131266,65.7598065462126,65.7844119792987,65.8090174123848,65.8336228454709,65.858228278557,65.8828337116431
Nauru,NRU,GDP per capita (current US$),NY.GDP.PCAP.CD,2648.60152860938,2232.30874026726,2084.64824520971,2463.28259078079,3040.51349889,3013.51778151855,2908.47386033322,2302.25782991175,3715.14889936257,4395.46425210914,4723.91708258679,6480.90451339597,9817.36872216004,8974.51886874433,9193.09784447237,7703.43149943923
Nauru,NRU,"School enrollment, secondary (% gross)",SE.SEC.ENRR,46.8175392150879,45.7883415222168,41.9780197143555,47.2527503967285,36.415771484375,42.5531883239746,57.9658584594727,50.5131988525391,61.9589996337891,..,..,..,83.1134567260742,..,83.9183731079102,..
Netherlands,NLD,"Life expectancy at birth, total (years)",SP.DYN.LE00.IN,77.9878048780488,78.190243902439,78.2926829268293,78.4926829268293,79.0951219512195,79.3463414634146,79.6975609756098,80.0975609756098,80.2512195121951,80.5487804878049,80.7024390243902,81.2048780487805,81.1048780487805,81.3048780487805,81.7073170731707,81.509756097561
Netherlands,NLD,"Mortality rate, adult, female (per 1,000 female adults)",SP.DYN.AMRT.FE,67.172,66.506,66.999,66.203,63.509,61.402,59.326,57.41,57.538,55.941,54.912,55.696,53.79,51.226,50.465,49.464
Netherlands,NLD,"Mortality rate, adult, male (per 1,000 male adults)",SP.DYN.AMRT.MA,100.046,97.454,94.149,93.558,89.467,82.862,80.784,78.375,78.423,75.442,74.179,72.066,71.928,70.412,67.33,66.691
Netherlands,NLD,"Mortality rate, infant (per 1,000 live births)",SP.DYN.IMRT.IN,5.1,5,4.9,4.8,4.6,4.4,4.3,4.1,4,3.9,3.8,3.7,3.6,3.6,3.5,3.5
Netherlands,NLD,"Mortality rate, under-5 (per 1,000 live births)",SH.DYN.MORT,6.2,6.1,5.9,5.7,5.5,5.3,5.1,4.9,4.7,4.6,4.4,4.3,4.2,4.2,4.1,4.1
Netherlands,NLD,"Prevalence of HIV, total (% of population ages 15-49)",SH.DYN.AIDS.ZS,0.1,0.1,0.1,0.1,0.1,0.1,0.2,0.2,0.2,0.2,0.2,0.2,0.2,0.2,0.2,0.2
Netherlands,NLD,"Incidence of tuberculosis (per 100,000 people)",SH.TBS.INCD,8.9,10,9.6,9.2,9.2,7.9,7,6.5,6.7,7.8,7,6.6,6.3,5.6,5.5,5.7
Netherlands,NLD,Diabetes prevalence (% of population ages 20 to 79),SH.STA.DIAB.ZS,..,..,..,..,..,..,..,..,..,..,..,5.3,..,..,..,..
Netherlands,NLD,"Physicians (per 1,000 people)",SH.MED.PHYS.ZS,2.447,2.525,2.59,2.632,2.662,2.717,2.799,2.792,2.868,2.922,2.963,3.131,3.248,3.301,3.407,3.471
Netherlands,NLD,"Hospital beds (per 1,000 people)",SH.MED.BEDS.ZS,4.93,4.77,4.71,4.52,4.52,4.45,4.4,4.29,4.25,4.21,4.12,3.97,3.77,3.68,3.53,3.47
Netherlands,NLD,Current health expenditure (% of GDP),SH.XPD.CHEX.GD.ZS,7.7069602,8.05945873,8.64913177,9.05657101,9.1107645,9.09666824,9.08055115,9.05292606,9.27660465,9.9929266,10.15508747,10.23357868,10.53898716,10.58363628,10.56703758,10.32393837
Netherlands,NLD,Access to electricity (% of population),EG.ELC.ACCS.ZS,100,100,100,100,100,100,100,100,100,100,100,100,100,100,100,100
Netherlands,NLD,People using at least basic drinking water services (% of population),SH.H2O.BASW.ZS,99.999996990304,99.9999983868204,99.9999987228149,100,99.9999994573325,100,99.999998516524,100,100,99.9999985708445,99.9999996591429,100,100,99.9999988536471,100,100
Netherlands,NLD,People using at least basic sanitation services (% of population),SH.STA.BASS.ZS,98.0564777557976,98.0316587409707,98.000824418187,97.9713200170169,97.9431358893338,97.9163289613094,97.8921628313765,97.8704767276913,97.8497499916639,97.828475809527,97.8081693959468,97.790286649988,97.7732711548526,97.7588906600023,97.7468159845855,97.7352217528266
Netherlands,NLD,GDP per capita (current US$),NY.GDP.PCAP.CD,26225.1697734149,26955.7128032278,29446.5330872868,35896.7504630706,40611.3414353091,42165.396168388,45123.5432406426,52100.7996285947,58246.7026905874,53172.0261581418,51305.7338533973,54701.7728030611,50473.9442002689,52602.2860520766,53457.2234864322,45793.8135434697
Netherlands,NLD,"School enrollment, secondary (% gross)",SE.SEC.ENRR,123.295211791992,123.443389892578,120.754852294922,119.909339904785,116.909530639648,117.553810119629,118.427619934082,119.842338562012,121.511627197266,122.74600982666,124.569526672363,129.868103027344,111.448249816895,..,..,114.137916564941
New Zealand,NZL,"Life expectancy at birth, total (years)",SP.DYN.LE00.IN,78.6365853658537,78.6926829268293,78.8463414634146,79.1463414634146,79.5487804878049,79.8512195121951,80.0487804878049,80.1512195121951,80.3512195121951,80.7024390243902,80.9048780487805,81.1560975609756,81.4073170731707,81.4048780487805,81.4568292682927,81.6124390243903
New Zealand,NZL,"Mortality rate, adult, female (per 1,000 female adults)",SP.DYN.AMRT.FE,67.077,64.107,64.566,64.71,62.964,59.596,59.427,58.429,58.291,56.586,54.4,55.589,53.037,52.498,51.758,52.403
New Zealand,NZL,"Mortality rate, adult, male (per 1,000 male adults)",SP.DYN.AMRT.MA,104.312,100.077,100.426,98.588,93.11,94.411,90.167,91.593,87.738,87.298,85.44,84.877,81.99,80.47,79.095,76.511
New Zealand,NZL,"Mortality rate, infant (per 1,000 live births)",SP.DYN.IMRT.IN,6,5.9,5.8,5.7,5.5,5.5,5.4,5.3,5.3,5.2,5.2,5.1,5,4.9,4.8,4.7
New Zealand,NZL,"Mortality rate, under-5 (per 1,000 live births)",SH.DYN.MORT,7.4,7.2,7,6.9,6.7,6.6,6.5,6.5,6.4,6.3,6.2,6.1,6,5.9,5.7,5.6
New Zealand,NZL,"Prevalence of HIV, total (% of population ages 15-49)",SH.DYN.AIDS.ZS,0.1,0.1,0.1,0.1,0.1,0.1,0.1,0.1,0.1,0.1,0.1,0.1,0.1,0.1,0.1,0.1
New Zealand,NZL,"Incidence of tuberculosis (per 100,000 people)",SH.TBS.INCD,10,11,9.6,12,10,9.2,9.5,7.5,7.9,8,8,8,7.6,7,7.6,7.3
New Zealand,NZL,Diabetes prevalence (% of population ages 20 to 79),SH.STA.DIAB.ZS,..,..,..,..,..,..,..,..,..,..,..,8.6,..,..,..,..
New Zealand,NZL,"Physicians (per 1,000 people)",SH.MED.PHYS.ZS,2.235,2.183,2.126,2.179,2.192,2.107,2.274,2.299,2.464,2.581,2.626,2.655,2.714,2.824,2.894,3.046
New Zealand,NZL,"Hospital beds (per 1,000 people)",SH.MED.BEDS.ZS,..,..,6.2,..,..,..,..,..,..,2.41,2.75,2.82,2.83,2.78,2.75,2.72
New Zealand,NZL,Current health expenditure (% of GDP),SH.XPD.CHEX.GD.ZS,7.4700222,7.5789361,7.90045929,7.72169256,7.90090561,8.27334881,8.63841629,8.32904434,9.12382889,9.62076378,9.59277534,9.51987362,9.65163612,9.36019325,9.40168381,9.28344345
New Zealand,NZL,Access to electricity (% of population),EG.ELC.ACCS.ZS,100,100,100,100,100,100,100,100,100,100,100,100,100,100,100,100
New Zealand,NZL,People using at least basic drinking water services (% of population),SH.H2O.BASW.ZS,99.9999997720245,99.9999994727498,99.9999996042885,99.9999994777015,99.9999984208119,100,99.9999977338024,100,99.9999974555785,100,99.9999988878029,100,100,99.9999995940721,99.9999988101768,99.9999992554402
New Zealand,NZL,People using at least basic sanitation services (% of population),SH.STA.BASS.ZS,99.9999997720245,99.9999994727498,99.9999996042885,99.9999994777015,99.9999984208119,100,99.9999977338024,100,99.9999974555785,100,99.9999988878029,100,100,99.9999995940721,99.9999988101768,99.9999992554402
New Zealand,NZL,GDP per capita (current US$),NY.GDP.PCAP.CD,13641.1027183822,13882.8568268586,16874.1874918196,21913.7081719961,25420.234882944,27751.0654708859,26654.5932018985,32479.9817381467,31324.7397977102,28276.7255416225,33761.9009639947,38431.7766788499,40053.6991536369,43000.4646849189,44618.266973847,38665.3723018158
New Zealand,NZL,"School enrollment, secondary (% gross)",SE.SEC.ENRR,112.153717041016,112.625297546387,115.515556335449,117.427673339844,115.379913330078,119.563697814941,117.906547546387,119.56844329834,118.054237365723,125.807861328125,119.128967285156,118.256721496582,116.826477050781,115.650527954102,116.084312438965,114.889991760254
Niger,NER,"Life expectancy at birth, total (years)",SP.DYN.LE00.IN,49.172,49.872,50.645,51.545,52.402,53.32,54.223,55.063,55.852,56.487,57.08,57.6,57.987,58.364,58.693,58.85
Niger,NER,"Mortality rate, adult, female (per 1,000 female adults)",SP.DYN.AMRT.FE,286.306,285.707,284.02,279.671,275.613,269.58,263.028,256.144,248.966,243.822,238.112,232.206,227.89,222.912,218.05,214.64
Niger,NER,"Mortality rate, adult, male (per 1,000 male adults)",SP.DYN.AMRT.MA,313.147,311.963,309.791,305.913,302.064,297.168,291.499,286.183,280.238,274.318,268.865,264.205,260.201,256.367,253.262,255.218
Niger,NER,"Mortality rate, infant (per 1,000 live births)",SP.DYN.IMRT.IN,107.7,103.6,99,94.1,89.3,84.8,80.7,77.2,74.5,72.3,70.9,69.9,69.4,69.2,69.1,69.3
Niger,NER,"Mortality rate, under-5 (per 1,000 live births)",SH.DYN.MORT,227.8,217.5,206.2,194.4,182.8,171.9,162,153.6,146.6,140.9,136.5,133.1,130.7,128.9,127.4,126.3
Niger,NER,"Prevalence of HIV, total (% of population ages 15-49)",SH.DYN.AIDS.ZS,0.7,0.7,0.6,0.6,0.6,0.5,0.5,0.5,0.4,0.4,0.4,0.3,0.3,0.3,0.3,0.3
Niger,NER,"Incidence of tuberculosis (per 100,000 people)",SH.TBS.INCD,191,179,168,159,151,143,136,129,123,118,113,109,105,102,98,95
Niger,NER,Diabetes prevalence (% of population ages 20 to 79),SH.STA.DIAB.ZS,..,..,..,..,..,..,..,..,..,..,..,4.2,..,..,..,..
Niger,NER,"Physicians (per 1,000 people)",SH.MED.PHYS.ZS,..,..,0.033,..,0.022,..,..,..,0.019,0.027,..,..,0.053,0.051,0.027,0.032
Niger,NER,"Hospital beds (per 1,000 people)",SH.MED.BEDS.ZS,..,..,..,..,..,0.3,..,..,..,..,0.35,..,0.44,0.32,0.29,0.26
Niger,NER,Current health expenditure (% of GDP),SH.XPD.CHEX.GD.ZS,4.69005966,4.75815105,4.85896921,4.77953815,5.01118755,5.67637587,5.80890512,5.38838625,5.22304106,5.33017302,5.02160501,4.87323856,4.30732679,4.46636009,4.45377159,5.34745932
Niger,NER,Access to electricity (% of population),EG.ELC.ACCS.ZS,6.5,8.4,8.8,9.3,9.7,7.1,9.3,11.2,11.8,12.3,13.6,14.3,14.4,15.2,15.7,16.6
Niger,NER,People using at least basic drinking water services (% of population),SH.H2O.BASW.ZS,37.4862898335816,38.2323921535631,38.9070640104782,39.5615764536022,40.1952996142198,40.8076339348269,41.3997749332035,41.9711167865491,42.5210848692935,43.0508252721647,43.5597544905099,44.0473292776335,44.5146416573825,44.9611346362854,45.3946527650978,45.8159264872674
Niger,NER,People using at least basic sanitation services (% of population),SH.STA.BASS.ZS,5.51939760860001,6.02610409458753,6.5151645895249,7.0044098515518,7.49361279660052,7.99790275762047,8.49858964807735,8.99542619140241,9.48812752048888,9.97724246979752,10.4624965004898,10.9435748894921,11.4210866098121,11.8947265091648,12.369659574494,12.8471159354794
Niger,NER,GDP per capita (current US$),NY.GDP.PCAP.CD,194.771959898935,205.417936120931,225.294391147438,265.225363452469,283.468281798296,318.643121918273,333.345078419447,387.168065883301,475.044955398162,461.131533961487,474.425692340831,510.75956176268,528.510104469655,552.103334363117,565.30989731175,485.662574175279
Niger,NER,"School enrollment, secondary (% gross)",SE.SEC.ENRR,6.30063009262085,6.231369972229,6.28120994567871,6.86678981781006,8.35079956054688,9.26323986053467,10.6787004470825,10.3014001846313,10.6592998504639,11.1999397277832,12.8063202484136,13.6643213754076,14.8037867184503,15.9596510320284,17.8459505465436,19.6922012498743
North Macedonia,MKD,"Life expectancy at birth, total (years)",SP.DYN.LE00.IN,72.9463414634147,73.4365853658537,73.0390243902439,73.2414634146342,73.5975609756098,73.6975609756098,73.8951219512195,73.8,74.4,74.4463414634146,74.9975609756098,75.1,74.9024390243903,75.4,75.4512195121951,75.4024390243902
North Macedonia,MKD,"Mortality rate, adult, female (per 1,000 female adults)",SP.DYN.AMRT.FE,92.247,87.818,84.987,86.069,84.049,82.652,82.406,85.407,80.504,76.361,74.888,72.06,74.464,68.517,68.467,69.211
North Macedonia,MKD,"Mortality rate, adult, male (per 1,000 male adults)",SP.DYN.AMRT.MA,168.101,172.555,177.886,170.022,159.007,158.361,159.92,152.246,140.123,144.036,139.831,133.652,131.089,129.135,130.284,124.766
North Macedonia,MKD,"Mortality rate, infant (per 1,000 live births)",SP.DYN.IMRT.IN,14.2,13.2,12.7,12.7,12.6,12.2,11.5,10.9,10.3,9.7,9.2,8.9,9,9.4,9.8,9.9
North Macedonia,MKD,"Mortality rate, under-5 (per 1,000 live births)",SH.DYN.MORT,15.9,14.8,14.3,14.3,14.2,13.7,13,12.3,11.7,11,10.4,10,10.2,10.7,11.1,11.3
North Macedonia,MKD,"Prevalence of HIV, total (% of population ages 15-49)",SH.DYN.AIDS.ZS,0.1,0.1,0.1,0.1,0.1,0.1,0.1,0.1,0.1,0.1,0.1,0.1,0.1,0.1,0.1,0.1
North Macedonia,MKD,"Incidence of tuberculosis (per 100,000 people)",SH.TBS.INCD,39,40,42,42,39,36,34,32,27,27,23,20,21,19,17,17
North Macedonia,MKD,Diabetes prevalence (% of population ages 20 to 79),SH.STA.DIAB.ZS,..,..,..,..,..,..,..,..,..,..,..,7.7,..,..,..,..
North Macedonia,MKD,"Physicians (per 1,000 people)",SH.MED.PHYS.ZS,2.186,2.172,2.215,2.148,2.163,2.113,2.492,2.425,2.571,2.567,2.646,2.694,2.741,2.761,2.867,2.834
North Macedonia,MKD,"Hospital beds (per 1,000 people)",SH.MED.BEDS.ZS,5.03,4.89,4.73,4.7,4.67,4.6,4.54,4.48,4.46,4.39,4.51,4.42,4.32,4.37,4.32,4.31
North Macedonia,MKD,Current health expenditure (% of GDP),SH.XPD.CHEX.GD.ZS,8.86991501,8.3815918,8.97826958,9.00857735,8.46505451,7.67907524,7.38314581,6.57065344,6.55317593,6.52846384,6.71369696,6.51887369,6.61468363,6.71928358,6.28993368,6.34227896
North Macedonia,MKD,Access to electricity (% of population),EG.ELC.ACCS.ZS,99,99,99,99,99.4,99.1,99,99.1,99.2,99.2,99.5,99.7,99.6,99.7,99.8,99.9
North Macedonia,MKD,People using at least basic drinking water services (% of population),SH.H2O.BASW.ZS,96.8854893538115,96.8894420680536,96.8933932349043,96.8973446794941,96.9013161842229,96.9594603137634,97.0165477785083,97.0727320878475,97.1281380530316,97.1828877852087,97.2371451233877,97.2910338729364,97.3446985613481,97.3982677624482,97.4518918318534,97.5057069828448
North Macedonia,MKD,People using at least basic sanitation services (% of population),SH.STA.BASS.ZS,88.6499470780448,88.6252238814114,88.6004997175492,88.5757745689181,88.5509328244917,89.1441420373222,89.7448396361039,90.3526009355752,90.9669657546801,91.5875693766163,92.2138595061877,92.8454442525628,93.4817532595642,94.1223718660981,94.7668045906324,95.4144088491547
North Macedonia,MKD,GDP per capita (current US$),NY.GDP.PCAP.CD,1861.89899780644,1823.02267682636,1989.13537265159,2445.36286400013,2818.5814561242,3120.98401394233,3440.4411057968,4204.11328760452,5026.4202989873,4799.78722768888,4833.36586759968,5416.86672931659,5049.8265386157,5626.26115664893,5925.38592218015,5262.68671928674
North Macedonia,MKD,"School enrollment, secondary (% gross)",SE.SEC.ENRR,83.5768890380859,84.2949676513672,83.9654083251953,83.6575317382812,83.2468414306641,83.6800384521484,..,84.0014801025391,84.0322494506836,84.1355972290039,85.4283828735352,..,85.8300170898438,83.8025588989258,83.6949768066406,84.9836273193359
Norway,NOR,"Life expectancy at birth, total (years)",SP.DYN.LE00.IN,78.6341463414634,78.7853658536585,78.9878048780488,79.390243902439,79.8414634146342,80.0414634146342,80.3439024390244,80.3951219512195,80.5926829268293,80.7951219512195,80.9975609756098,81.2951219512195,81.4512195121951,81.7512195121951,82.1,82.3048780487805
Norway,NOR,"Mortality rate, adult, female (per 1,000 female adults)",SP.DYN.AMRT.FE,61.089,59.779,58.943,56.879,56.784,55.982,53.192,52.837,49.79,50.03,50.116,49.575,44.447,45.912,43.49,41.989
Norway,NOR,"Mortality rate, adult, male (per 1,000 male adults)",SP.DYN.AMRT.MA,106.629,101.212,99.014,94.188,92.071,88.359,85.973,81.324,82.741,82.932,79.608,79.947,73.747,75.058,69.462,65.805
Norway,NOR,"Mortality rate, infant (per 1,000 live births)",SP.DYN.IMRT.IN,3.9,3.8,3.7,3.6,3.4,3.3,3.2,3,2.9,2.8,2.7,2.6,2.4,2.4,2.3,2.2
Norway,NOR,"Mortality rate, under-5 (per 1,000 live births)",SH.DYN.MORT,4.9,4.7,4.6,4.4,4.2,4.1,3.9,3.7,3.6,3.4,3.3,3.1,3,2.9,2.8,2.7
Norway,NOR,"Prevalence of HIV, total (% of population ages 15-49)",SH.DYN.AIDS.ZS,0.1,0.1,0.1,0.1,0.1,0.1,0.1,0.1,0.1,0.1,0.1,0.1,0.1,0.1,0.1,0.1
Norway,NOR,"Incidence of tuberculosis (per 100,000 people)",SH.TBS.INCD,5.7,7,6.2,8.4,7.1,6.9,6.8,6.9,7.2,7.8,6.9,7.4,7.9,8.2,6.8,6.3
Norway,NOR,Diabetes prevalence (% of population ages 20 to 79),SH.STA.DIAB.ZS,..,..,..,..,..,..,..,..,..,..,..,4.7,..,..,..,..
Norway,NOR,"Physicians (per 1,000 people)",SH.MED.PHYS.ZS,3.38,3.54,3.218,3.23,3.4,3.563,3.731,3.844,3.955,4.048,4.114,4.188,4.231,4.305,4.429,4.451
Norway,NOR,"Hospital beds (per 1,000 people)",SH.MED.BEDS.ZS,3.8,3.82,4.99,4.99,5.24,5.16,5.03,4.86,4.63,4.52,4.3,4.19,3.97,3.86,3.84,3.76
Norway,NOR,Current health expenditure (% of GDP),SH.XPD.CHEX.GD.ZS,7.70270586,8.00972462,8.98267078,9.19355106,8.79598331,8.29899502,7.8822999,8.01673985,7.91507673,9.03254128,8.8581152,8.73474026,8.72188568,8.87431335,9.28297901,10.06992245
Norway,NOR,Access to electricity (% of population),EG.ELC.ACCS.ZS,100,100,100,100,100,100,100,100,100,100,100,100,100,100,100,100
Norway,NOR,People using at least basic drinking water services (% of population),SH.H2O.BASW.ZS,100,99.999999286078,99.9999970520901,99.9999971549165,100,99.9999965995429,100,100,99.9999985460061,100,100,99.9999982454226,99.9999993871015,99.9999993849234,99.999995923009,100
Norway,NOR,People using at least basic sanitation services (% of population),SH.STA.BASS.ZS,98.0719405668406,98.0708653037938,98.06979811135,98.0687452129224,98.0678051328673,98.0669716567859,98.0661507577549,98.0652985498145,98.0644205669027,98.0635557187896,98.0626945664686,98.0616332804533,98.0603773910058,98.0591413909472,98.0579200068589,98.0567284959559
Norway,NOR,GDP per capita (current US$),NY.GDP.PCAP.CD,38178.2368777076,38601.897639231,43170.557174499,50250.3298214345,57768.6980958462,67047.1704558264,74434.4996835671,85502.2677087731,97503.5407803783,80347.5700665184,88163.2085931423,101221.813476644,102175.919298374,103553.840134417,97666.6951838749,74809.9658049898
Norway,NOR,"School enrollment, secondary (% gross)",SE.SEC.ENRR,116.452041625977,114.568199157715,113.255867004395,113.38200378418,114.047332763672,111.56275177002,111.527641296387,111.639923095703,111.518058776855,111.068412780762,112.978569030762,113.169883728027,112.176536560059,114.515380859375,113.479888916016,115.210121154785
Oman,OMN,"Life expectancy at birth, total (years)",SP.DYN.LE00.IN,73.643,73.979,74.276,74.521,74.82,75.07,75.354,75.596,76.124,76.631,77.184,77.74,78.187,78.633,79.03,79.346
Oman,OMN,"Mortality rate, adult, female (per 1,000 female adults)",SP.DYN.AMRT.FE,82.955,79.758,77.45,76.299,74.844,74.341,73.897,74.62,71.963,70.04,67.589,64.787,61.8,58.772,55.821,53.003
Oman,OMN,"Mortality rate, adult, male (per 1,000 male adults)",SP.DYN.AMRT.MA,132.67,127.729,123.974,121.652,120.027,118.914,117.442,115.434,110.93,105.265,98.721,92.018,85.711,80.201,75.717,72.127
Oman,OMN,"Mortality rate, infant (per 1,000 live births)",SP.DYN.IMRT.IN,13.3,12.5,11.8,11.2,10.8,10.4,10.1,9.9,9.8,9.6,9.5,9.4,9.3,9.2,9.1,9.1
Oman,OMN,"Mortality rate, under-5 (per 1,000 live births)",SH.DYN.MORT,16.4,15.4,14.5,13.8,13.2,12.8,12.4,12.2,12,11.9,11.7,11.6,11.5,11.3,11.2,11.2
Oman,OMN,"Prevalence of HIV, total (% of population ages 15-49)",SH.DYN.AIDS.ZS,0.1,0.1,0.1,0.1,0.1,0.1,0.1,0.1,0.1,0.1,0.1,0.1,0.1,0.1,0.1,0.1
Oman,OMN,"Incidence of tuberculosis (per 100,000 people)",SH.TBS.INCD,16,15,14,12,14,12,16,15,15,14,13,13,12,9.9,10,9
Oman,OMN,Diabetes prevalence (% of population ages 20 to 79),SH.STA.DIAB.ZS,..,..,..,..,..,..,..,..,..,..,..,10.5,..,..,..,..
Oman,OMN,"Physicians (per 1,000 people)",SH.MED.PHYS.ZS,1.39,1.431,1.471,1.532,1.568,1.663,1.788,1.884,1.959,2.062,2.034,1.973,1.995,2.01,2.158,2.127
Oman,OMN,"Hospital beds (per 1,000 people)",SH.MED.BEDS.ZS,1.93,1.89,1.85,1.85,1.82,1.81,1.78,1.74,1.74,1.72,1.63,1.46,1.32,1.26,1.22,1.19
Oman,OMN,Current health expenditure (% of GDP),SH.XPD.CHEX.GD.ZS,2.68485427,2.70073724,2.77737164,2.77524447,2.59660101,2.26479053,2.01985121,2.11371112,1.75567567,2.4694581,2.47588587,2.23611403,2.27702832,2.5054009,3.13740134,4.07826233
Oman,OMN,Access to electricity (% of population),EG.ELC.ACCS.ZS,100,100,100,100,100,99.9,99.9,100,100,100,100,100,100,100,100,100
Oman,OMN,People using at least basic drinking water services (% of population),SH.H2O.BASW.ZS,85.6380751384865,85.633767394233,85.6294594553516,85.6251519486473,85.693648626899,86.0602737315176,86.4235170420893,86.783197423425,87.1393577072111,87.4916173094102,87.8404476591595,88.2854887282793,88.798794146094,89.2944806885204,89.7744713393211,90.238487000101
Oman,OMN,People using at least basic sanitation services (% of population),SH.STA.BASS.ZS,89.1558424092509,89.1527848641269,89.9116255325414,90.6708890812861,91.4715621981696,92.2937619891342,93.1032797460759,93.9002109005218,94.6847822626704,95.4570697191831,96.2174889393392,96.9895886365216,97.7533949334276,98.4864180180041,99.0454579563343,99.3190098528426
Oman,OMN,GDP per capita (current US$),NY.GDP.PCAP.CD,9753.84755185404,9611.96360191054,9869.13050219438,10463.5425832141,11800.8507411171,14434.8577924647,16930.8565071853,18792.653772482,26576.779241509,20655.9180249218,23570.1798147325,25188.0074151885,24642.2978768596,23458.0233840053,23160.6502252547,18808.3077921839
Oman,OMN,"School enrollment, secondary (% gross)",SE.SEC.ENRR,77.5544662475586,80.0002517700195,82.3686370849609,83.6306076049805,..,87.4191207885742,89.8000335693359,92.0884475708008,93.2216796875,98.9851303100586,..,114.451620751396,110.750350631136,109.168488109249,..,101.932699190524
Northern Mariana Islands,MNP,"Life expectancy at birth, total (years)",SP.DYN.LE00.IN,74.9,75.419,75.934,76.505,76.789,77.307,77.688,77.863,77.938,77.903,77.8,77.688,77.566,77.452,77.377,77.36
Northern Mariana Islands,MNP,"Mortality rate, adult, female (per 1,000 female adults)",SP.DYN.AMRT.FE,104.475,108.125,105.373,98.984,93.816,84.339,76.774,72.582,70.096,69.104,69.143,69.293,69.641,69.958,70.077,70.057
Northern Mariana Islands,MNP,"Mortality rate, adult, male (per 1,000 male adults)",SP.DYN.AMRT.MA,167.189,148.664,134.627,122.52,114.826,107.857,102.043,98.89,97.31,97.1,97.648,98.685,99.762,100.763,101.397,101.373
Northern Mariana Islands,MNP,"Mortality rate, infant (per 1,000 live births)",SP.DYN.IMRT.IN,..,..,..,..,..,..,..,..,..,..,..,..,..,..,..,..
Northern Mariana Islands,MNP,"Mortality rate, under-5 (per 1,000 live births)",SH.DYN.MORT,..,..,..,..,..,..,..,..,..,..,..,..,..,..,..,..
Northern Mariana Islands,MNP,"Prevalence of HIV, total (% of population ages 15-49)",SH.DYN.AIDS.ZS,..,..,..,..,..,..,..,..,..,..,..,..,..,..,..,..
Northern Mariana Islands,MNP,"Incidence of tuberculosis (per 100,000 people)",SH.TBS.INCD,126,98,91,79,95,105,97,86,56,79,68,71,69,72,57,63
Northern Mariana Islands,MNP,Diabetes prevalence (% of population ages 20 to 79),SH.STA.DIAB.ZS,..,..,..,..,..,..,..,..,..,..,..,..,..,..,..,..
Northern Mariana Islands,MNP,"Physicians (per 1,000 people)",SH.MED.PHYS.ZS,..,..,..,..,..,..,..,..,..,..,..,..,..,..,..,..
Northern Mariana Islands,MNP,"Hospital beds (per 1,000 people)",SH.MED.BEDS.ZS,..,..,..,..,..,..,..,..,..,..,..,..,..,..,..,..
Northern Mariana Islands,MNP,Current health expenditure (% of GDP),SH.XPD.CHEX.GD.ZS,..,..,..,..,..,..,..,..,..,..,..,..,..,..,..,..
Northern Mariana Islands,MNP,Access to electricity (% of population),EG.ELC.ACCS.ZS,100,100,99.9,99.9,99.8,99.8,99.7,100,100,100,100,100,100,100,100,100
Northern Mariana Islands,MNP,People using at least basic drinking water services (% of population),SH.H2O.BASW.ZS,96.8436215951858,97.052725714739,97.2618298342922,97.4709339538454,97.6800380733986,97.8891421929518,98.098246312505,98.3073504320582,98.5164545516114,98.7255586711646,98.9346627907178,99.143766910271,99.3528710298242,99.5619751493774,99.7710792689306,99.9801833884838
Northern Mariana Islands,MNP,People using at least basic sanitation services (% of population),SH.STA.BASS.ZS,75.6282466212204,75.8418392447866,76.0554318683527,76.2690244919189,76.482617115485,76.6962097390512,76.9098023626173,77.1233949861835,77.3369876097496,77.5505802333157,77.7641728568818,77.977765480448,78.1913581040142,78.4049507275803,78.6185433511465,78.8321359747126
Northern Mariana Islands,MNP,GDP per capita (current US$),NY.GDP.PCAP.CD,..,..,19227.8894246608,18938.8728389967,18924.5831899653,17015.7487891715,16314.5578590027,15914.2193040498,16430.4461942257,14369.6339810212,14771.4037455399,13598.7166094613,14013.6003306158,14632.8518897608,15945.417608954,17665.1007493109
Northern Mariana Islands,MNP,"School enrollment, secondary (% gross)",SE.SEC.ENRR,..,..,..,..,..,..,..,..,..,..,..,..,..,..,..,..
Pakistan,PAK,"Life expectancy at birth, total (years)",SP.DYN.LE00.IN,61.903,62.241,62.556,62.834,63.097,62.416,63.624,63.807,64.002,64.206,64.378,64.659,64.883,65.129,65.374,65.641
Pakistan,PAK,"Mortality rate, adult, female (per 1,000 female adults)",SP.DYN.AMRT.FE,196.509,192.533,188.574,184.435,179.631,188.12,167.359,162.346,158.372,155.74,153.645,151.574,149.937,148.246,146.233,144.332
Pakistan,PAK,"Mortality rate, adult, male (per 1,000 male adults)",SP.DYN.AMRT.MA,220.775,218.651,217.052,216.392,216.639,229.714,218.703,221.757,223.82,222.93,223.586,221.176,220.226,218.52,217.357,215.344
Pakistan,PAK,"Mortality rate, infant (per 1,000 live births)",SP.DYN.IMRT.IN,89.1,87,85,83.4,81.8,80.4,79,77.7,76.3,74.8,73.2,71.6,69.8,67.9,66,64.1
Pakistan,PAK,"Mortality rate, under-5 (per 1,000 live births)",SH.DYN.MORT,108.1,105.3,102.8,100.5,98.5,96.5,94.7,92.9,91,89.1,87.1,84.9,82.7,80.4,78,75.6
Pakistan,PAK,"Prevalence of HIV, total (% of population ages 15-49)",SH.DYN.AIDS.ZS,0.1,0.1,0.1,0.1,0.1,0.1,0.1,0.1,0.1,0.1,0.1,0.1,0.1,0.1,0.1,0.1
Pakistan,PAK,"Incidence of tuberculosis (per 100,000 people)",SH.TBS.INCD,275,275,275,276,276,276,276,276,276,276,276,276,276,275,270,270
Pakistan,PAK,Diabetes prevalence (% of population ages 20 to 79),SH.STA.DIAB.ZS,11.8,..,..,..,..,..,..,..,..,..,..,7.9,..,..,..,..
Pakistan,PAK,"Physicians (per 1,000 people)",SH.MED.PHYS.ZS,0.595,0.605,..,..,0.682,0.725,..,0.703,0.721,0.734,0.745,0.767,0.796,0.817,0.841,0.876
Pakistan,PAK,"Hospital beds (per 1,000 people)",SH.MED.BEDS.ZS,0.5,0.5,0.49,0.48,0.48,0.47,0.47,0.46,0.45,0.44,0.44,0.44,0.46,0.48,0.48,0.48
Pakistan,PAK,Current health expenditure (% of GDP),SH.XPD.CHEX.GD.ZS,2.48079324,2.33959723,2.42219901,2.10399199,2.03666282,2.37323904,2.73132491,2.62370729,2.56806731,2.49995875,2.42967653,2.23121333,2.22185278,2.4164784,2.48899078,2.49493265
Pakistan,PAK,Access to electricity (% of population),EG.ELC.ACCS.ZS,72.8,73.9,74.9,76,77,78.1,79.1,80.2,81.4,82.5,87.1,87.8,88.6,89.3,90.1,91
Pakistan,PAK,People using at least basic drinking water services (% of population),SH.H2O.BASW.ZS,87.3640207649067,87.6027830851505,87.8385392713498,88.0732811150417,88.3071370228667,87.9905798672017,88.1440617187268,88.3118874800695,88.4779312858562,88.642191883269,88.8047528450212,88.9656021763823,89.1247311719253,89.2819713314618,89.4374847948449,89.5912469503616
Pakistan,PAK,People using at least basic sanitation services (% of population),SH.STA.BASS.ZS,30.905792299364,32.8076683667381,34.704454970034,36.5951591126919,38.4802169271555,40.3591576860178,42.2129054960727,44.0564727354643,45.8894854056575,47.7119967878789,49.5244058324413,51.3267238066017,53.1189631049965,54.900510974858,56.6720563310367,58.4336067433696
Pakistan,PAK,GDP per capita (current US$),NY.GDP.PCAP.CD,642.338346499898,609.939506905073,599.937345723927,672.44178669894,771.902247348954,827.619861189926,900.873564984808,998.090114197524,1067.04324565284,963.788066395225,987.304571124485,1131.73513834324,1204.36475491585,1225.4340119198,1266.61340849959,1380.47020838317
Pakistan,PAK,"School enrollment, secondary (% gross)",SE.SEC.ENRR,..,..,..,19.8385200500488,21.7634296417236,22.6038208007812,27.2463207244873,29.0634307861328,29.1768093109131,29.0589694976807,29.2962900661933,29.7271460529531,30.6300201416016,31.544819132504,32.6573427323505,34.6741466548496
Panama,PAN,"Life expectancy at birth, total (years)",SP.DYN.LE00.IN,73.443,73.82,74.195,74.567,74.845,75.16,75.429,75.675,75.937,76.228,76.417,76.659,76.877,77.129,77.365,77.583
Panama,PAN,"Mortality rate, adult, female (per 1,000 female adults)",SP.DYN.AMRT.FE,93.693,90.58,87.513,86.4,85.126,83.649,82.489,81.143,80.16,79.089,78.554,77.423,76.345,78.659,74.471,72.223
Panama,PAN,"Mortality rate, adult, male (per 1,000 male adults)",SP.DYN.AMRT.MA,166.947,162.262,158.34,155.192,153.678,152.961,152.985,151.661,151.729,151.713,150.451,149.203,146.349,142.73,141.612,136.065
Panama,PAN,"Mortality rate, infant (per 1,000 live births)",SP.DYN.IMRT.IN,20.3,19.7,19,18.4,17.8,17.2,16.6,16.1,15.6,15.1,14.7,14.3,14.1,13.9,13.7,13.6
Panama,PAN,"Mortality rate, under-5 (per 1,000 live births)",SH.DYN.MORT,25.6,24.9,24.1,23.3,22.5,21.7,21,20.3,19.7,19.1,18.6,18.1,17.7,17.5,17.3,17.2
Panama,PAN,"Prevalence of HIV, total (% of population ages 15-49)",SH.DYN.AIDS.ZS,0.7,0.7,0.8,0.8,0.8,0.8,0.8,0.9,0.9,0.9,0.9,0.9,1,1,1,1
Panama,PAN,"Incidence of tuberculosis (per 100,000 people)",SH.TBS.INCD,49,70,63,63,65,62,61,58,58,54,53,55,51,47,47,52
Panama,PAN,Diabetes prevalence (% of population ages 20 to 79),SH.STA.DIAB.ZS,..,..,..,..,..,..,..,..,..,..,..,9.4,..,..,..,..
Panama,PAN,"Physicians (per 1,000 people)",SH.MED.PHYS.ZS,..,1.256,1.347,1.352,1.332,1.358,1.358,1.312,1.389,1.317,1.413,1.505,1.605,1.588,..,1.581
Panama,PAN,"Hospital beds (per 1,000 people)",SH.MED.BEDS.ZS,2.32,2.24,2.2,2.17,2.1,1.99,2.06,2.09,2.21,2.27,2.14,2.07,2.13,2.13,2.05,2.09
Panama,PAN,Current health expenditure (% of GDP),SH.XPD.CHEX.GD.ZS,6.98486614,6.91849852,7.05643845,6.71176672,7.08192825,6.20666599,6.54604864,7.35227633,6.80452538,6.9857955,7.22332573,6.83196259,6.50450659,6.52210426,6.91532087,6.93698502
Panama,PAN,Access to electricity (% of population),EG.ELC.ACCS.ZS,81.4,81.5,82.1,87.8,83.4,84.1,84.8,85.5,86.3,87,86.9,88.6,89.3,89.1,90.8,91.6
Panama,PAN,People using at least basic drinking water services (% of population),SH.H2O.BASW.ZS,89.5552977125429,89.9173275396009,90.2767156861899,90.6126509250145,90.8270090153794,91.0306750330875,91.2311405700682,91.4282616286243,91.6224163894361,91.8134554082341,92.0012444820873,92.1874281167023,92.371804723482,92.5543328461858,92.735108577371,92.9137986450208
Panama,PAN,People using at least basic sanitation services (% of population),SH.STA.BASS.ZS,62.3676332246805,63.0966351179644,64.1711626174458,65.2513529641118,66.3369400661857,67.4279376784421,68.5243646441293,69.6259556840913,70.7332928304808,71.8461082408501,72.9641411354317,74.0902127771033,75.2240665703728,76.3657176616305,77.5154515155293,78.6727371197927
Panama,PAN,GDP per capita (current US$),NY.GDP.PCAP.CD,3975.09308659503,3991.7767076924,4090.58617397129,4264.66428846636,4644.56582353041,5017.7410922824,5528.76705469354,6317.81730274124,7347.59050324397,7796.92617035048,8331.46421351868,9662.29592216607,11064.8063606203,12273.3225037637,13213.1989637473,14082.6548502728
Panama,PAN,"School enrollment, secondary (% gross)",SE.SEC.ENRR,64.2499084472656,66.2995376586914,67.6569900512695,..,67.365348815918,67.5274200439453,67.3454132080078,67.6976089477539,68.7568283081055,70.2938766479492,71.9136975816467,71.7412201114851,..,76.4041290283203,76.0406265258789,76.5946807861328
Paraguay,PRY,"Life expectancy at birth, total (years)",SP.DYN.LE00.IN,70.026,70.281,70.539,70.795,71.054,71.317,71.584,71.817,72.047,72.282,72.551,72.787,73.105,73.292,73.415,73.454
Paraguay,PRY,"Mortality rate, adult, female (per 1,000 female adults)",SP.DYN.AMRT.FE,136.571,134.318,131.88,129.564,127.299,125.089,122.939,120.722,118.556,116.23,113.895,112.018,107.469,103.745,100.45,99.276
Paraguay,PRY,"Mortality rate, adult, male (per 1,000 male adults)",SP.DYN.AMRT.MA,198.348,196.215,194.205,192.193,190.009,187.703,185.326,183.92,182.563,181.364,179.348,177.719,177.563,179.125,181.018,181.012
Paraguay,PRY,"Mortality rate, infant (per 1,000 live births)",SP.DYN.IMRT.IN,28.7,28.1,27.6,27,26.4,25.8,25.2,24.6,23.9,23.3,22.7,22,21.4,20.8,20.2,19.5
Paraguay,PRY,"Mortality rate, under-5 (per 1,000 live births)",SH.DYN.MORT,33.6,32.9,32.2,31.4,30.7,29.9,29.1,28.3,27.5,26.7,25.9,25.1,24.4,23.7,23,22.2
Paraguay,PRY,"Prevalence of HIV, total (% of population ages 15-49)",SH.DYN.AIDS.ZS,0.2,0.2,0.2,0.2,0.2,0.2,0.3,0.3,0.3,0.3,0.3,0.3,0.4,0.4,0.4,0.4
Paraguay,PRY,"Incidence of tuberculosis (per 100,000 people)",SH.TBS.INCD,42,44,44,47,47,43,48,43,42,44,42,43,43,40,39,40
Paraguay,PRY,Diabetes prevalence (% of population ages 20 to 79),SH.STA.DIAB.ZS,..,..,..,..,..,..,..,..,..,..,..,6.5,..,..,..,..
Paraguay,PRY,"Physicians (per 1,000 people)",SH.MED.PHYS.ZS,1.17,..,1.202,..,..,..,..,..,..,..,..,..,1.385,..,..,..
Paraguay,PRY,"Hospital beds (per 1,000 people)",SH.MED.BEDS.ZS,0.78,0.77,0.83,0.81,0.78,0.81,0.8,0.8,0.82,0.82,0.84,0.83,0.84,0.87,0.89,0.84
Paraguay,PRY,Current health expenditure (% of GDP),SH.XPD.CHEX.GD.ZS,6.01865244,5.60815811,4.75770569,4.90703917,4.93224335,4.82934713,5.01927567,5.02042723,5.03776026,5.52496862,5.46593952,5.82225847,6.53144598,6.0642848,6.62719059,6.69165802
Paraguay,PRY,Access to electricity (% of population),EG.ELC.ACCS.ZS,89.6,91,91.7,92.6,93.2,94.7,96.7,96.5,96.7,96.9,97.4,98.2,97.8,99,99,99.3
Paraguay,PRY,People using at least basic drinking water services (% of population),SH.H2O.BASW.ZS,76.2362190151531,77.7879198510234,79.2988558912089,80.6966115800717,82.0578364483405,83.4038094172464,84.7343030109567,86.0493988819789,87.34940587523,88.6341505522764,89.9037202338302,91.1581991748664,92.3978172967035,93.618796817874,94.8251554833038,96.0186086116123
Paraguay,PRY,People using at least basic sanitation services (% of population),SH.STA.BASS.ZS,70.3699673050704,71.6883702365394,72.9797851516575,74.1767492636509,75.3484581795664,76.5100718090056,77.6613772106309,78.8024376979402,79.9335474945567,81.0545251060352,82.1654388723924,83.2663540458527,84.3575171738242,85.4337129192793,86.4992154178358,87.5561508130822
Paraguay,PRY,GDP per capita (current US$),NY.GDP.PCAP.CD,1736.11729210765,1637.68615122932,1367.76506935997,1443.99885236205,1786.21533938543,1970.87169852378,2439.43124694576,3211.93621659546,4384.9546943793,3941.84815479271,4750.96273669322,5805.40154543044,5642.1699167298,6435.68342733182,6652.25478942291,5879.33792308671
Paraguay,PRY,"School enrollment, secondary (% gross)",SE.SEC.ENRR,64.4096298217773,68.1916809082031,69.8106307983398,67.5210266113281,68.885986328125,68.879280090332,68.669563293457,69.0111694335938,70.5332565307617,71.5204086303711,73.1651100594436,75.882698059082,82.8002090454102,..,..,..
Philippines,PHL,"Life expectancy at birth, total (years)",SP.DYN.LE00.IN,67.789,67.829,67.886,68.049,68.301,68.423,68.172,68.549,68.643,68.631,68.883,69.096,69.237,69.283,69.311,69.45
Philippines,PHL,"Mortality rate, adult, female (per 1,000 female adults)",SP.DYN.AMRT.FE,142.541,145.893,143.066,143.036,137.218,135.221,146.808,142.179,141.324,141.849,139.458,139.075,137.601,139.367,138.362,137.486
Philippines,PHL,"Mortality rate, adult, male (per 1,000 male adults)",SP.DYN.AMRT.MA,268.072,268.122,272.393,268.831,267.204,271.104,268.335,260.932,258.862,258.31,251.661,246.197,244.333,242.266,243.73,240.963
Philippines,PHL,"Mortality rate, infant (per 1,000 live births)",SP.DYN.IMRT.IN,27.3,26.8,26.4,25.9,25.5,25,24.5,24.1,23.8,23.4,23.1,22.8,22.6,22.4,22.3,22.2
Philippines,PHL,"Mortality rate, under-5 (per 1,000 live births)",SH.DYN.MORT,36.9,36.1,35.2,34.4,33.6,32.8,32.1,31.4,30.7,30.1,29.6,29.1,28.7,28.3,28,27.8
Philippines,PHL,"Prevalence of HIV, total (% of population ages 15-49)",SH.DYN.AIDS.ZS,0.1,0.1,0.1,0.1,0.1,0.1,0.1,0.1,0.1,0.1,0.1,0.1,0.1,0.1,0.1,0.1
Philippines,PHL,"Incidence of tuberculosis (per 100,000 people)",SH.TBS.INCD,590,579,569,559,549,539,530,520,524,528,531,535,539,543,546,550
Philippines,PHL,Diabetes prevalence (% of population ages 20 to 79),SH.STA.DIAB.ZS,..,..,..,..,..,..,..,..,..,..,..,9.7,..,..,..,..
Philippines,PHL,"Physicians (per 1,000 people)",SH.MED.PHYS.ZS,1.219,1.221,1.112,1.227,1.109,1.23,1.236,1.242,1.251,1.256,0.553,0.565,0.576,0.588,0.603,0.622
Philippines,PHL,"Hospital beds (per 1,000 people)",SH.MED.BEDS.ZS,1.01,1,1.05,1.02,0.97,1,1.05,1.03,1.54,1.03,1.04,1.06,1.03,0.97,0.94,0.95
Philippines,PHL,Current health expenditure (% of GDP),SH.XPD.CHEX.GD.ZS,3.05512357,2.84775972,2.63767385,3.07663488,3.0468533,3.74253035,3.77762938,3.75318074,3.86315918,4.16451931,4.13107872,4.02518559,4.17709208,4.27408695,3.70313668,3.8982749
Philippines,PHL,Access to electricity (% of population),EG.ELC.ACCS.ZS,74.7,75.7,76.7,76.6,87.6,79.8,80.2,82,83.3,84.3,85.5,87.2,87.1,87.5,89.8,89.1
Philippines,PHL,People using at least basic drinking water services (% of population),SH.H2O.BASW.ZS,85.9786535058569,86.3458339282834,86.7353290540228,87.1255156450676,87.5163914921387,87.9079574573496,88.300211308836,88.6931489201816,89.086781337771,89.4811999864762,89.8807890071793,90.3027532664464,90.7233716794272,91.1427386256371,91.5606767241614,91.9773505590147
Philippines,PHL,People using at least basic sanitation services (% of population),SH.STA.BASS.ZS,64.2349304594324,64.6645847920241,65.0950702025269,65.5263855404339,65.9585302750487,66.3915052686544,66.8253087510555,67.8567880522006,68.9006268568623,69.9569848507723,71.030981112432,72.1406646797649,73.2569909040697,74.3799524340426,75.5092773639833,76.6450187833517
Philippines,PHL,GDP per capita (current US$),NY.GDP.PCAP.CD,1050.79273107952,969.530611744453,1014.90879320106,1027.2301192843,1099.63013023758,1220.46018559867,1426.14649179546,1712.65543282793,1959.29233534978,1864.45043406471,2162.91375885614,2383.91892522087,2614.61644401308,2781.27957677397,2866.83803761407,2909.85818010301
Philippines,PHL,"School enrollment, secondary (% gross)",SE.SEC.ENRR,..,70.5786285400391,74.9138336181641,76.8219680786133,78.5408630371094,78.3063812255859,76.9573211669922,77.0709991455078,78.008903503418,80.1762771606445,..,..,..,..,81.5640314318642,82.0085254812081
Portugal,PRT,"Life expectancy at birth, total (years)",SP.DYN.LE00.IN,76.3146341463415,76.8146341463415,77.0658536585366,77.219512195122,77.6707317073171,78.0707317073171,78.419512195122,78.3219512195122,78.5243902439025,78.7268292682927,79.0268292682927,80.4707317073171,80.3731707317073,80.7219512195122,81.1219512195122,81.1243902439025
Portugal,PRT,"Mortality rate, adult, female (per 1,000 female adults)",SP.DYN.AMRT.FE,65.693,64.704,63.218,62.164,58.261,58.025,52.868,53.452,52.73,52.705,50.999,49.213,47.006,45.643,44.999,42.462
Portugal,PRT,"Mortality rate, adult, male (per 1,000 male adults)",SP.DYN.AMRT.MA,153.572,151.934,148.977,145.227,137.805,140.269,135.503,129.859,125.803,122.941,121.293,118.588,114.785,112.276,109.072,104.024
Portugal,PRT,"Mortality rate, infant (per 1,000 live births)",SP.DYN.IMRT.IN,5.5,5.1,4.7,4.3,3.9,3.7,3.4,3.3,3.2,3.1,3,3,3,2.9,2.9,2.9
Portugal,PRT,"Mortality rate, under-5 (per 1,000 live births)",SH.DYN.MORT,7.2,6.6,6.1,5.5,5,4.7,4.4,4.2,4,3.9,3.8,3.7,3.7,3.6,3.6,3.6
Portugal,PRT,"Prevalence of HIV, total (% of population ages 15-49)",SH.DYN.AIDS.ZS,0.5,0.6,0.6,0.6,0.6,0.6,0.6,0.6,0.6,0.6,0.6,0.6,0.6,0.6,0.6,0.6
Portugal,PRT,"Incidence of tuberculosis (per 100,000 people)",SH.TBS.INCD,47,48,48,44,40,36,35,32,31,30,28,27,27,26,24,23
Portugal,PRT,Diabetes prevalence (% of population ages 20 to 79),SH.STA.DIAB.ZS,..,..,..,..,..,..,..,..,..,..,..,9.6,..,..,..,..
Portugal,PRT,"Physicians (per 1,000 people)",SH.MED.PHYS.ZS,3.202,3.252,3.285,3.336,3.411,3.495,3.565,3.651,3.746,3.853,3.979,4.12,4.238,4.397,4.561,4.75
Portugal,PRT,"Hospital beds (per 1,000 people)",SH.MED.BEDS.ZS,3.71,3.65,3.56,3.58,3.58,3.55,3.47,3.43,3.38,3.36,3.37,3.37,3.4,3.39,3.32,3.37
Portugal,PRT,Current health expenditure (% of GDP),SH.XPD.CHEX.GD.ZS,8.60104179,8.62751579,8.78642941,9.12415695,9.5325079,9.65306759,9.35422611,9.25186634,9.58307838,10.13070393,10.03250504,9.73071671,9.65393257,9.40486622,9.3428812,9.31645775
Portugal,PRT,Access to electricity (% of population),EG.ELC.ACCS.ZS,100,100,100,100,100,100,100,100,100,100,100,100,100,100,100,100
Portugal,PRT,People using at least basic drinking water services (% of population),SH.H2O.BASW.ZS,99.2296653665282,99.2163879122312,99.2046776613979,99.1944165915606,99.1856112955147,99.1782467357753,99.1723220427417,99.1678162409362,99.1647371583627,99.1630556133463,99.1627671316977,99.1638694569545,99.1663315159812,99.1701175619018,99.1752188842536,99.1816088485954
Portugal,PRT,People using at least basic sanitation services (% of population),SH.STA.BASS.ZS,97.5359179912734,97.6666314805629,97.7951624397066,97.9219761374044,98.0470864509063,98.1704321911185,98.2921052004459,98.4120592958514,98.5303308108402,98.6468956571885,98.7617899525804,98.8750282234556,98.9866064300204,99.0965393431923,99.2048529041414,99.3115702473537
Portugal,PRT,GDP per capita (current US$),NY.GDP.PCAP.CD,11526.3720667968,11734.7649743954,12936.6928204482,15797.7821340276,18064.1580932987,18780.12751241,19839.4540499032,22811.0564844365,24949.0413566739,23151.2154130712,22551.935098809,23246.5425416481,20593.4274224109,21676.4859642714,22120.6850127107,19215.7813014347
Portugal,PRT,"School enrollment, secondary (% gross)",SE.SEC.ENRR,108.372886657715,108.49845123291,109.794471740723,108.311233520508,95.0831298828125,96.4346008300781,95.6554183959961,99.3079605102539,101.609558105469,105.083099365234,107.523330688477,108.864181518555,110.253372192383,118.932960510254,114.901290893555,116.804588317871
Qatar,QAT,"Life expectancy at birth, total (years)",SP.DYN.LE00.IN,75.25,75.486,75.766,76.097,76.484,76.909,77.323,77.741,78.262,78.837,79.444,79.994,80.499,80.974,81.395,81.785
Qatar,QAT,"Mortality rate, adult, female (per 1,000 female adults)",SP.DYN.AMRT.FE,74.212,71.313,68.275,65.129,61.933,58.756,55.657,52.681,49.862,47.212,44.717,42.361,40.131,38.015,36.005,34.103
Qatar,QAT,"Mortality rate, adult, male (per 1,000 male adults)",SP.DYN.AMRT.MA,78.794,77.493,76.217,74.932,73.568,72.028,70.229,68.103,65.594,62.719,59.604,56.378,53.151,50.015,47.039,44.254
Qatar,QAT,"Mortality rate, infant (per 1,000 live births)",SP.DYN.IMRT.IN,10.4,10,9.6,9.3,9,8.7,8.4,8.1,7.9,7.7,7.5,7.3,7.1,6.9,6.7,6.4
Qatar,QAT,"Mortality rate, under-5 (per 1,000 live births)",SH.DYN.MORT,12.5,12,11.6,11.2,10.8,10.4,10.1,9.8,9.6,9.3,9.1,8.9,8.7,8.4,8.2,7.9
Qatar,QAT,"Prevalence of HIV, total (% of population ages 15-49)",SH.DYN.AIDS.ZS,0.1,0.1,0.1,0.1,0.1,0.1,0.1,0.1,0.1,0.1,0.1,0.1,0.1,0.1,0.1,0.1
Qatar,QAT,"Incidence of tuberculosis (per 100,000 people)",SH.TBS.INCD,50,48,45,43,40,45,40,38,46,45,39,35,44,34,24,25
Qatar,QAT,Diabetes prevalence (% of population ages 20 to 79),SH.STA.DIAB.ZS,..,..,..,..,..,..,..,..,..,..,..,19.8,..,..,..,..
Qatar,QAT,"Physicians (per 1,000 people)",SH.MED.PHYS.ZS,..,2.217,..,..,..,2.533,2.279,..,3.192,3.183,4.038,..,..,..,1.927,..
Qatar,QAT,"Hospital beds (per 1,000 people)",SH.MED.BEDS.ZS,2.08,2.12,2.04,1.96,1.99,1.96,2.11,1.65,1.41,1.25,1.22,1.22,1.31,1.18,1.08,1.02
Qatar,QAT,Current health expenditure (% of GDP),SH.XPD.CHEX.GD.ZS,1.97258496,2.3197093,2.46044064,3.50257182,3.18311739,2.56300044,2.288064,2.07008052,1.63775349,2.38356304,1.87017763,1.599962,1.74822152,2.07620168,2.42293572,3.63581347
Qatar,QAT,Access to electricity (% of population),EG.ELC.ACCS.ZS,100,100,100,100,100,100,100,100,100,100,100,100,100,100,100,100
Qatar,QAT,People using at least basic drinking water services (% of population),SH.H2O.BASW.ZS,99.9029247892536,99.9029247892536,99.9029247892536,99.9029247892536,99.9029247892536,99.9029247892536,99.9029247892536,99.9029247892536,99.9029247892536,99.9090710287163,99.915217268179,99.9213635076417,99.9275097471044,99.9336559865671,99.9398022260297,99.9459484654924
Qatar,QAT,People using at least basic sanitation services (% of population),SH.STA.BASS.ZS,99.9365492602027,99.9365492602027,99.9365492602027,99.9365492602027,99.9365492602027,99.9365492602027,99.9365492602027,99.9365489991929,99.9365487381809,99.9365484771668,99.9365482161506,99.9365479551322,99.9365476941116,99.9365474330889,99.9365471720641,99.9365469110371
Qatar,QAT,GDP per capita (current US$),NY.GDP.PCAP.CD,27535.182940934,25870.7991864314,27226.6593510117,31602.470865136,41035.5008380177,53949.6764091147,62582.4453138755,65954.3419525051,80781.4039187792,60785.7351551657,77387.3267885308,103261.506539346,108470.378825036,103697.008372373,95840.6310094498,68985.2946961507
Qatar,QAT,"School enrollment, secondary (% gross)",SE.SEC.ENRR,..,87.8413467407227,87.4843902587891,88.7019805908203,90.0552520751953,90.0544815063477,91.3522491455078,91.991569519043,97.6288604736328,97.2014999389648,98.150178716375,96.4676867591291,98.6139808267348,97.3663778760953,97.8845311253665,101.946830749512
Russian Federation,RUS,"Life expectancy at birth, total (years)",SP.DYN.LE00.IN,65.4836585365854,65.3834146341463,65.1287804878049,65.0275609756098,65.4709756097561,65.529756097561,66.7275609756098,67.5868292682927,67.9492682926829,68.6846341463415,68.8412195121951,69.6839024390244,70.0721951219512,70.5787804878049,70.7436585365854,71.1834146341463
Russian Federation,RUS,"Mortality rate, adult, female (per 1,000 female adults)",SP.DYN.AMRT.FE,153.419,158.212,165.892,170.618,168.234,169.67,155.348,147.101,144.608,138.248,142.905,131.131,126.201,123.116,122.93,120.72
Russian Federation,RUS,"Mortality rate, adult, male (per 1,000 male adults)",SP.DYN.AMRT.MA,454.196,458.645,472.165,478.384,473.061,475.471,437.529,413.631,405.63,383.267,393.417,361.822,348.229,339.467,339.604,325.084
Russian Federation,RUS,"Mortality rate, infant (per 1,000 live births)",SP.DYN.IMRT.IN,15.6,14.8,13.8,12.9,11.9,11,10.2,9.5,9,8.6,8.3,8.1,7.9,7.6,7.2,6.6
Russian Federation,RUS,"Mortality rate, under-5 (per 1,000 live births)",SH.DYN.MORT,19.4,18.4,17.3,16.1,15,13.9,12.9,12,11.3,10.7,10.4,10.2,9.9,9.5,8.9,8.2
Russian Federation,RUS,"Prevalence of HIV, total (% of population ages 15-49)",SH.DYN.AIDS.ZS,..,..,..,..,..,..,..,..,..,..,..,..,..,..,..,..
Russian Federation,RUS,"Incidence of tuberculosis (per 100,000 people)",SH.TBS.INCD,95,92,90,88,87,88,88,90,90,89,85,81,77,73,70,67
Russian Federation,RUS,Diabetes prevalence (% of population ages 20 to 79),SH.STA.DIAB.ZS,..,..,..,..,..,..,..,..,..,..,..,9.7,..,..,..,..
Russian Federation,RUS,"Physicians (per 1,000 people)",SH.MED.PHYS.ZS,4.632,4.635,4.687,4.733,4.768,4.8,4.899,4.942,4.919,4.968,4.997,4.24,4.022,4.005,4.138,3.942
Russian Federation,RUS,"Hospital beds (per 1,000 people)",SH.MED.BEDS.ZS,10.72,10.65,10.52,10.4,9.84,9.7,9.6,9.44,9.17,8.93,8.73,8.55,8.37,8.11,7.89,7.58
Russian Federation,RUS,Current health expenditure (% of GDP),SH.XPD.CHEX.GD.ZS,5.01989794,5.24284792,5.52166557,5.16368914,4.7603755,4.77177477,4.76654387,4.74792528,4.90364122,5.64392471,4.97111797,4.79491472,4.93637609,5.08104897,5.18209648,5.29604387
Russian Federation,RUS,Access to electricity (% of population),EG.ELC.ACCS.ZS,97.8,97.9,97.9,97.9,98,98,98.1,98.2,98.3,98.4,99.3,99.2,100,100,100,95.5
Russian Federation,RUS,People using at least basic drinking water services (% of population),SH.H2O.BASW.ZS,95.346969033031,95.3464835099557,95.4208208420239,95.4995210865966,95.5795781237422,95.6594291305029,95.739075854412,95.8185098820316,95.8977415974711,95.9766636604907,96.055478248914,96.1340916047859,96.2138533850753,96.2945729464349,96.376342161291,96.4588851939079
Russian Federation,RUS,People using at least basic sanitation services (% of population),SH.STA.BASS.ZS,84.604416658276,84.8025792224929,85.0004482196448,85.2103313116634,85.4240855108206,85.637442655143,85.850402661147,86.0629590204235,86.2751187608468,86.4865843418487,86.6979468149556,86.9089154098775,87.1234564931594,87.3411074882743,87.5622408978883,87.7861234146889
Russian Federation,RUS,GDP per capita (current US$),NY.GDP.PCAP.CD,1771.59411621094,2100.3525390625,2377.52954101563,2975.123046875,4102.36474609375,5323.455078125,6920.19970703125,9101.2392578125,11635.2841796875,8562.82421875,10674.990234375,14305.33203125,15401.8515625,15941.4482421875,14055.47265625,9277.7138671875
Russian Federation,RUS,"School enrollment, secondary (% gross)",SE.SEC.ENRR,..,..,..,94.6366500854492,88.130989074707,86.7092514038086,86.4854736328125,86.5527572631836,87.0486373901367,89.8769302368164,..,94.5758904929741,95.5384826756866,95.9993761959632,95.6056322692131,96.3292563031308
Samoa,WSM,"Life expectancy at birth, total (years)",SP.DYN.LE00.IN,70.791,71.028,71.233,71.441,71.508,71.487,71.62,71.605,71.531,69.486,71.451,71.393,71.159,71.229,71.142,71.06
Samoa,WSM,"Mortality rate, adult, female (per 1,000 female adults)",SP.DYN.AMRT.FE,122.747,120.716,119.041,117.264,117.451,118.442,117.559,118.788,121.339,152.869,125.451,128.405,134.179,135.856,139.89,143.708
Samoa,WSM,"Mortality rate, adult, male (per 1,000 male adults)",SP.DYN.AMRT.MA,209.772,205.625,201.852,198.176,196.063,195.083,193.835,193.618,193.704,213.998,193.754,193.639,194.487,194.132,194.5,194.981
Samoa,WSM,"Mortality rate, infant (per 1,000 live births)",SP.DYN.IMRT.IN,16.4,15.9,15.5,15.3,15.1,15,15.1,15.1,15.2,17.4,15.3,15.2,15.1,15,14.9,14.8
Samoa,WSM,"Mortality rate, under-5 (per 1,000 live births)",SH.DYN.MORT,21.2,20.6,20,19.7,19.4,19.3,19.3,19.3,19.3,25.4,19.3,19.2,19.1,18.9,18.7,18.5
Samoa,WSM,"Prevalence of HIV, total (% of population ages 15-49)",SH.DYN.AIDS.ZS,..,..,..,..,..,..,..,..,..,..,..,..,..,..,..,..
Samoa,WSM,"Incidence of tuberculosis (per 100,000 people)",SH.TBS.INCD,27,14,19,17,21,15,15,13,7.3,9.6,8.3,12,13,13,13,11
Samoa,WSM,Diabetes prevalence (% of population ages 20 to 79),SH.STA.DIAB.ZS,..,..,..,..,..,..,..,..,..,..,..,7.7,..,..,..,..
Samoa,WSM,"Physicians (per 1,000 people)",SH.MED.PHYS.ZS,..,..,..,0.267,..,0.265,..,..,0.443,..,0.329,..,..,0.46,..,..
Samoa,WSM,"Hospital beds (per 1,000 people)",SH.MED.BEDS.ZS,3.2999999523,..,1.5,2.04,..,0.94,..,1,..,..,..,..,..,..,..,..
Samoa,WSM,Current health expenditure (% of GDP),SH.XPD.CHEX.GD.ZS,4.28232527,3.81804991,4.49205494,4.17237139,4.52578545,4.63365459,4.88451385,4.7446332,4.53258085,5.12732029,5.15268326,5.38357162,4.9883461,6.21823883,6.2579422,6.21438408
Samoa,WSM,Access to electricity (% of population),EG.ELC.ACCS.ZS,88,88.7,89.3,89.9,90.5,91.1,96.4,92.5,98.1,97.9,96.4,96.7,96.8,97,97.9,98.2
Samoa,WSM,People using at least basic drinking water services (% of population),SH.H2O.BASW.ZS,87.0628271690696,87.0579948902936,87.064744879935,87.0776449689648,87.0904378683408,87.3410974952211,87.5902548209258,87.8377590201019,88.0837000553997,88.3282366495514,88.5713883126493,88.8132055205682,89.0540729896839,90.1108837968064,91.1688531070319,92.2280018053418
Samoa,WSM,People using at least basic sanitation services (% of population),SH.STA.BASS.ZS,91.5505250743045,91.5519205403681,91.5499793522055,91.5462491292769,91.5425486886049,91.8897330688306,92.2378248153105,92.586879308403,92.9368651635754,93.2877375230274,93.6394944067816,93.9921230735475,94.3455123808619,94.6997600876247,95.0549169073212,95.4109753379077
Samoa,WSM,GDP per capita (current US$),NY.GDP.PCAP.CD,1424.75240002471,1453.87021324606,1527.55790455937,1798.12429714048,2189.26042607992,2550.04221437511,2663.29135939532,3038.61904093377,3373.60639884263,3279.18269477295,3524.2479246203,3821.50678264479,3934.60320799981,4023.5254013825,3982.68080202084,4084.36083819933
Samoa,WSM,"School enrollment, secondary (% gross)",SE.SEC.ENRR,77.3879165649414,78.0200500488281,78.0871734619141,81.3155212402344,81.9052886962891,81.7751388549805,81.539176940918,80.4865264892578,..,82.5911865234375,84.0352967940982,82.7630728993357,82.3821348963746,..,87.4514117977902,87.5602107303153
Sao Tome and Principe,STP,"Life expectancy at birth, total (years)",SP.DYN.LE00.IN,61.207,61.5,61.826,62.158,62.56,62.434,63.041,63.336,63.448,63.669,63.867,64.122,64.505,64.93,65.478,66.023
Sao Tome and Principe,STP,"Mortality rate, adult, female (per 1,000 female adults)",SP.DYN.AMRT.FE,225.89,228.412,229.944,230.986,230.12,235.931,231.336,230.481,232.468,232.454,233.238,231.704,227.141,220.972,212.862,204.163
Sao Tome and Principe,STP,"Mortality rate, adult, male (per 1,000 male adults)",SP.DYN.AMRT.MA,300.135,302.502,304.434,306.155,307.057,316.447,315.518,320.312,327.058,332.014,335.441,337.736,336.731,334.275,328.34,322.192
Sao Tome and Principe,STP,"Mortality rate, infant (per 1,000 live births)",SP.DYN.IMRT.IN,50.7,47.5,44.2,41,37.8,34.9,32.2,29.6,27.3,25.2,23.2,21.4,19.7,18,16.5,15.1
Sao Tome and Principe,STP,"Mortality rate, under-5 (per 1,000 live births)",SH.DYN.MORT,82.1,76.6,71,65.7,60.5,55.6,51.1,46.8,43,39.5,36.3,33.3,30.4,27.7,25.4,23.1
Sao Tome and Principe,STP,"Prevalence of HIV, total (% of population ages 15-49)",SH.DYN.AIDS.ZS,..,..,..,..,..,..,..,..,..,..,..,..,..,..,..,..
Sao Tome and Principe,STP,"Incidence of tuberculosis (per 100,000 people)",SH.TBS.INCD,119,117,112,125,138,151,166,98,70,78,117,129,107,134,141,156
Sao Tome and Principe,STP,Diabetes prevalence (% of population ages 20 to 79),SH.STA.DIAB.ZS,..,..,..,..,..,..,..,..,..,..,..,5.5,..,..,..,..
Sao Tome and Principe,STP,"Physicians (per 1,000 people)",SH.MED.PHYS.ZS,..,..,..,..,0.514,..,..,..,..,..,..,..,..,..,..,0.313
Sao Tome and Principe,STP,"Hospital beds (per 1,000 people)",SH.MED.BEDS.ZS,..,..,..,3.2,..,..,3.2,..,..,..,..,2.9,..,..,..,..
Sao Tome and Principe,STP,Current health expenditure (% of GDP),SH.XPD.CHEX.GD.ZS,9.31892776,9.64001942,9.49860477,11.46527386,10.7211771,10.35199738,7.10559654,7.00608587,5.97009039,5.75177002,5.80827904,5.65160036,7.07299662,8.94060898,7.91452122,6.53226852
Sao Tome and Principe,STP,Access to electricity (% of population),EG.ELC.ACCS.ZS,52.9,51.5,52.5,53.6,54.7,55.8,56.9,58,59.1,56.9,61.4,62.6,57.9,65,68.6,67.3
Sao Tome and Principe,STP,People using at least basic drinking water services (% of population),SH.H2O.BASW.ZS,68.7559974594775,69.2697762193741,69.8031998185503,70.3328947779321,70.8543956281794,71.3668935067394,71.8708584899915,72.3663035997042,72.8532368503242,73.3312416723324,73.8007821200292,74.2616684599327,74.714140731746,75.1549980628087,75.5849870092693,76.0042348196248
Sao Tome and Principe,STP,People using at least basic sanitation services (% of population),SH.STA.BASS.ZS,20.6224626143389,21.758127056461,22.9281405675294,24.1056942714447,25.2853938487237,26.5791009305251,27.8809293575894,29.1900927295862,30.5058156952963,31.8267788469795,33.1528174421221,34.4829426011606,35.8167422474695,37.1493809462961,38.4812028048961,39.8117886622739
Sao Tome and Principe,STP,GDP per capita (current US$),NY.GDP.PCAP.CD,529.089383412262,518.88050130005,568.10257252271,663.696211810494,726.560882130444,844.169181884274,861.970707697664,878.885791918745,1081.8684584729,1128.28046213305,1045.20958234528,1219.80189089671,1210.79264672325,1382.5757842916,1489.67633417608,1298.10946596396
Sao Tome and Principe,STP,"School enrollment, secondary (% gross)",SE.SEC.ENRR,..,..,..,36.1393585205078,39.6760902404785,43.0029182434082,..,46.4745101928711,43.6149482727051,49.2131805419922,50.2788581848145,48.8370208740234,56.3386497497559,63.3046607971191,74.2815475463867,82.4009170532227
Senegal,SEN,"Life expectancy at birth, total (years)",SP.DYN.LE00.IN,57.615,58.158,58.912,59.474,60.308,60.98,61.801,62.653,63.201,63.751,64.221,64.799,65.229,65.638,66.001,66.451
Senegal,SEN,"Mortality rate, adult, female (per 1,000 female adults)",SP.DYN.AMRT.FE,230.179,226.077,218.532,216.248,211.013,208.127,200.956,192.997,188.522,180.534,177.596,171.338,168.001,164.784,162.916,160.068
Senegal,SEN,"Mortality rate, adult, male (per 1,000 male adults)",SP.DYN.AMRT.MA,289.478,287.972,284.266,283.13,275.165,269.225,263.054,253.284,250.567,250.144,246.143,241.048,237.354,233.849,229.715,223.166
Senegal,SEN,"Mortality rate, infant (per 1,000 live births)",SP.DYN.IMRT.IN,73.8,70.4,66.2,61.8,57.5,53.5,50.1,47.2,44.9,43,41.5,40.3,39.3,38.5,37.9,37.3
Senegal,SEN,"Mortality rate, under-5 (per 1,000 live births)",SH.DYN.MORT,129.3,122.1,113.5,104.5,95.9,88,81.1,75.2,70.3,66.3,63,60.1,57.7,55.7,53.9,52.4
Senegal,SEN,"Prevalence of HIV, total (% of population ages 15-49)",SH.DYN.AIDS.ZS,0.7,0.7,0.7,0.7,0.7,0.7,0.6,0.6,0.6,0.6,0.5,0.5,0.5,0.5,0.4,0.4
Senegal,SEN,"Incidence of tuberculosis (per 100,000 people)",SH.TBS.INCD,155,153,150,147,144,141,139,138,136,134,132,130,129,127,125,123
Senegal,SEN,Diabetes prevalence (% of population ages 20 to 79),SH.STA.DIAB.ZS,..,..,..,..,..,..,..,..,..,..,..,3.2,..,..,..,..
Senegal,SEN,"Physicians (per 1,000 people)",SH.MED.PHYS.ZS,..,..,..,..,0.056,..,..,..,0.062,..,..,..,..,0.3179,..,0.2074
Senegal,SEN,"Hospital beds (per 1,000 people)",SH.MED.BEDS.ZS,..,..,..,..,..,..,..,0.1,0.3,..,..,..,..,..,..,0.69
Senegal,SEN,Current health expenditure (% of GDP),SH.XPD.CHEX.GD.ZS,3.55015373,3.68148756,3.95294404,4.29703569,4.56856203,3.67466521,3.76337624,3.41496587,3.50687575,3.841573,4.02764368,4.21416712,4.26688004,4.38573599,4.38962269,4.37789631
Senegal,SEN,Access to electricity (% of population),EG.ELC.ACCS.ZS,37.7,38.9,36.8,41.9,36.8,47.1,49.9,48.1,49.7,53.5,56.5,56.5,56.5,57,61,60.5
Senegal,SEN,People using at least basic drinking water services (% of population),SH.H2O.BASW.ZS,59.7555406350506,60.8756144546024,61.9989937102872,63.1913822066463,64.4339943181148,65.6736809272597,66.911108985333,68.1456746962979,69.3772031298627,70.6051497639055,71.8300877317255,73.0514525533288,74.2687450783238,75.4821356227169,76.6914468030901,77.8987857430696
Senegal,SEN,People using at least basic sanitation services (% of population),SH.STA.BASS.ZS,36.8403629523326,37.8255022373584,38.8186500389611,39.869656149518,40.9633021795963,42.0544776116129,43.1437484387826,44.2305886798635,45.3148396181609,46.3960167988497,47.4746195159613,48.5501486192775,49.62215098708,50.6907763152699,51.7558632183278,52.8193806775429
Senegal,SEN,GDP per capita (current US$),NY.GDP.PCAP.CD,603.233162455158,637.213530563724,669.430447319209,817.888034221442,918.102079522155,979.846101520171,1017.20196747987,1188.93877808175,1398.79218010021,1308.69404336205,1275.88357492357,1374.67591873844,1326.83798848379,1379.83196553924,1398.89137601382,1218.00613555438
Senegal,SEN,"School enrollment, secondary (% gross)",SE.SEC.ENRR,15.2092504501343,15.5517797470093,16.9281692504883,..,19.9657497406006,22.2482490539551,24.2208805084229,..,30.7020606994629,..,37.1267013549805,42.6368983156004,46.4158677062967,49.0776594909389,50.546931380439,50.5380516052246
Papua New Guinea,PNG,"Life expectancy at birth, total (years)",SP.DYN.LE00.IN,61.609,61.647,61.643,61.741,61.795,61.868,62.018,62.211,62.511,62.772,63.056,63.382,63.639,63.927,64.198,64.473
Papua New Guinea,PNG,"Mortality rate, adult, female (per 1,000 female adults)",SP.DYN.AMRT.FE,228.588,229.362,231.649,232.436,233.479,234.585,233.575,232.067,227.002,222.106,216.366,209.222,203.23,197.275,192.148,187.013
Papua New Guinea,PNG,"Mortality rate, adult, male (per 1,000 male adults)",SP.DYN.AMRT.MA,300.482,301.973,303.339,303.492,304.411,304.324,303.159,299.875,297.327,294.827,292.343,289.817,288.375,286.488,284.482,282.455
Papua New Guinea,PNG,"Mortality rate, infant (per 1,000 live births)",SP.DYN.IMRT.IN,56,55.2,54.3,53.4,52.4,51.4,50.4,49.3,48.2,47.1,45.9,44.8,43.7,42.6,41.5,40.4
Papua New Guinea,PNG,"Mortality rate, under-5 (per 1,000 live births)",SH.DYN.MORT,71.9,70.8,69.6,68.4,67.1,65.8,64.4,63.1,61.6,60.2,58.8,57.3,55.9,54.4,53,51.7
Papua New Guinea,PNG,"Prevalence of HIV, total (% of population ages 15-49)",SH.DYN.AIDS.ZS,0.7,0.7,0.8,0.8,0.8,0.9,0.9,0.9,1,1,1,1,1.1,1.1,1.1,1.1
Papua New Guinea,PNG,"Incidence of tuberculosis (per 100,000 people)",SH.TBS.INCD,432,432,432,432,432,432,432,432,432,432,432,432,432,432,432,432
Papua New Guinea,PNG,Diabetes prevalence (% of population ages 20 to 79),SH.STA.DIAB.ZS,15.5,..,..,..,..,..,..,..,..,..,..,7.6,..,..,..,..
Papua New Guinea,PNG,"Physicians (per 1,000 people)",SH.MED.PHYS.ZS,0.05,..,..,..,..,..,..,..,0.047,..,0.05,..,..,..,..,..
Papua New Guinea,PNG,"Hospital beds (per 1,000 people)",SH.MED.BEDS.ZS,..,..,..,..,..,..,..,..,..,..,..,..,..,..,..,..
Papua New Guinea,PNG,Current health expenditure (% of GDP),SH.XPD.CHEX.GD.ZS,2.0184176,2.3006382,2.77562952,2.4531486,2.59372902,2.44874048,2.42600322,2.42102122,2.13526058,2.32937527,2.10756016,2.29397798,2.66693544,2.99727893,3.27119064,1.81881714
Papua New Guinea,PNG,Access to electricity (% of population),EG.ELC.ACCS.ZS,12.4,12.7,13.1,13.4,13.8,14.1,12.4,14.9,15.3,17.2,19.5,17.3,17.5,17.8,18.1,18.4
Papua New Guinea,PNG,People using at least basic drinking water services (% of population),SH.H2O.BASW.ZS,31.7545561183875,31.7415215472398,31.7308543082929,31.7201883323159,31.7089302006926,32.7395779664836,33.7706619827124,34.8021835185737,35.8341434516428,36.8591179358119,37.8802570165898,38.8970353654873,39.9104998416853,40.9271667940676,41.9466985965934,42.9687651734413
Papua New Guinea,PNG,People using at least basic sanitation services (% of population),SH.STA.BASS.ZS,18.1420997820909,18.1321672789398,18.1240393844879,18.1159119641117,18.1073334512583,18.2143046881974,18.3215050377941,18.4289351977599,18.5365954100808,18.5836451995613,18.6299433546528,18.6750823563898,18.7198772441434,18.7693746653101,18.82327602598,18.8812861084251
Papua New Guinea,PNG,GDP per capita (current US$),NY.GDP.PCAP.CD,635.957919047725,537.847459634131,506.331789534482,577.467922387259,620.596147680561,744.486489977433,1238.18282926706,1370.753415829,1624.79319935188,1568.83193368607,1866.86889851208,2288.37591141234,2635.0873631547,2560.77458976327,2723.17529825196,2484.5963398603
Papua New Guinea,PNG,"School enrollment, secondary (% gross)",SE.SEC.ENRR,..,..,..,..,..,..,..,..,..,..,..,..,37.0596555013801,..,..,..
Peru,PER,"Life expectancy at birth, total (years)",SP.DYN.LE00.IN,69.821,70.315,70.815,71.278,71.447,71.988,72.337,72.746,72.743,72.631,72.886,73.327,73.979,74.591,75.26,75.732
Peru,PER,"Mortality rate, adult, female (per 1,000 female adults)",SP.DYN.AMRT.FE,134.292,133.021,131.516,129.006,130.877,128.752,127.306,124.833,125.508,129.122,128.551,126.519,120.501,114.541,109.357,106.108
Peru,PER,"Mortality rate, adult, male (per 1,000 male adults)",SP.DYN.AMRT.MA,173.246,173.277,174.863,173.899,180.337,180.478,181.172,177.855,180.853,187.233,187.748,183.157,177.811,170.922,165.323,158.869
Peru,PER,"Mortality rate, infant (per 1,000 live births)",SP.DYN.IMRT.IN,29.9,27.7,25.8,24.1,22.7,21.4,20.3,19.3,18.3,17.5,16.8,16.2,15.7,15.3,15,14.7
Peru,PER,"Mortality rate, under-5 (per 1,000 live births)",SH.DYN.MORT,37.9,34.9,32.4,30.1,28.2,26.5,25,23.7,22.5,21.4,20.4,19.6,18.9,18.4,17.9,17.6
Peru,PER,"Prevalence of HIV, total (% of population ages 15-49)",SH.DYN.AIDS.ZS,0.4,0.4,0.4,0.4,0.4,0.3,0.3,0.3,0.3,0.3,0.3,0.3,0.4,0.4,0.4,0.4
Peru,PER,"Incidence of tuberculosis (per 100,000 people)",SH.TBS.INCD,183,173,166,146,151,151,153,143,141,138,134,133,126,125,125,122
Peru,PER,Diabetes prevalence (% of population ages 20 to 79),SH.STA.DIAB.ZS,..,..,..,..,..,..,..,..,..,..,..,6,..,..,..,..
Peru,PER,"Physicians (per 1,000 people)",SH.MED.PHYS.ZS,..,..,..,..,..,..,..,1.649,..,0.94,..,..,1.132,..,..,..
Peru,PER,"Hospital beds (per 1,000 people)",SH.MED.BEDS.ZS,..,..,..,1.3999999762,0.9,..,..,1.2,1.5,1.6,1.5,1.54,1.54,1.54,1.59,1.58
Peru,PER,Current health expenditure (% of GDP),SH.XPD.CHEX.GD.ZS,4.41482639,4.72161007,4.93902588,4.58703804,4.42972279,4.66598511,4.409585,4.42611313,4.53154564,4.96264839,4.71338701,4.53380108,4.7344017,4.72346115,4.93103409,4.92147398
Peru,PER,Access to electricity (% of population),EG.ELC.ACCS.ZS,72.5,72.1,74.4,74.4,75.7,77.2,80.2,82,84.7,86.4,88.1,89.7,91.1,92.1,92.9,93.9
Peru,PER,People using at least basic drinking water services (% of population),SH.H2O.BASW.ZS,80.1488865847973,80.9349728807421,81.7100789592886,82.474684134901,83.228525609799,83.9713814105883,84.7040840155234,85.4260756884851,86.0983257164264,86.7473234759731,87.3922024813053,88.0324057036576,88.668521405509,89.3000345168685,89.9272553412932,90.5504162789145
Peru,PER,People using at least basic sanitation services (% of population),SH.STA.BASS.ZS,64.1040549851012,64.8841155702003,65.6533551596888,66.4123396499745,67.1607908269486,67.898462406967,68.6263238694801,69.3437331173014,70.0035852739693,70.6361590517188,71.264248526155,71.8871843387018,72.5057117505958,73.1191935443661,73.7280277686616,74.3325508819996
Peru,PER,GDP per capita (current US$),NY.GDP.PCAP.CD,1945.41338451698,1929.57273038846,2007.37019626753,2129.44114197634,2397.25147277714,2706.66947297608,3129.55996496982,3581.0893081917,4197.58444634142,4181.18755462253,5072.11494019615,5861.35793645245,6519.37852981527,6746.80025696601,6667.13410360861,6231.71150338894
Peru,PER,"School enrollment, secondary (% gross)",SE.SEC.ENRR,80.8428726196289,83.8087387084961,85.1464004516602,78.4806213378906,81.8064575195312,82.8499298095703,85.8261795043945,88.9029235839844,90.2652816772461,93.8280029296875,96.13037109375,97.5231475830078,96.4381103515625,101.583869934082,99.8733825683594,100.251571655273
Poland,POL,"Life expectancy at birth, total (years)",SP.DYN.LE00.IN,73.7487804878049,74.2,74.4975609756098,74.5975609756098,74.8463414634146,74.9951219512195,75.1439024390244,75.2439024390244,75.5439024390244,75.6951219512195,76.2463414634146,76.6951219512195,76.7463414634146,77,77.6024390243903,77.4512195121951
Poland,POL,"Mortality rate, adult, female (per 1,000 female adults)",SP.DYN.AMRT.FE,86.921,84.15,81.427,80.211,79.424,79.411,79.208,78.935,76.953,75.725,71.02,69.818,69.083,66.839,64.467,63.559
Poland,POL,"Mortality rate, adult, male (per 1,000 male adults)",SP.DYN.AMRT.MA,218.94,210.367,205.384,202.643,205.111,205.076,205.685,205.691,201.651,194.365,187.605,183.327,179.64,172.536,163.119,164.241
Poland,POL,"Mortality rate, infant (per 1,000 live births)",SP.DYN.IMRT.IN,8.1,7.6,7.3,7,6.7,6.5,6.3,6,5.7,5.4,5.1,4.9,4.7,4.5,4.3,4.2
Poland,POL,"Mortality rate, under-5 (per 1,000 live births)",SH.DYN.MORT,9.3,8.8,8.4,8.1,7.8,7.6,7.3,7,6.7,6.3,6,5.7,5.4,5.2,5,4.9
Poland,POL,"Prevalence of HIV, total (% of population ages 15-49)",SH.DYN.AIDS.ZS,..,..,..,..,..,..,..,..,..,..,..,..,..,..,..,..
Poland,POL,"Incidence of tuberculosis (per 100,000 people)",SH.TBS.INCD,33,31,30,30,26,25,24,24,22,23,21,24,21,21,20,19
Poland,POL,Diabetes prevalence (% of population ages 20 to 79),SH.STA.DIAB.ZS,..,..,..,..,..,..,..,..,..,..,..,9,..,..,..,..
Poland,POL,"Physicians (per 1,000 people)",SH.MED.PHYS.ZS,2.208,2.243,2.279,2.408,2.266,2.115,2.156,2.168,2.139,2.148,2.156,2.181,2.201,2.208,2.273,2.294
Poland,POL,"Hospital beds (per 1,000 people)",SH.MED.BEDS.ZS,4.9000000954,..,5.5999999046,6.61,6.6,6.45,6.4,6.36,6.55,6.58,6.51,6.53,6.53,6.51,6.53,6.54
Poland,POL,Current health expenditure (% of GDP),SH.XPD.CHEX.GD.ZS,5.28789568,5.66721439,6.06724358,5.95371294,5.86845207,5.80689144,5.80280542,5.87339211,6.37592173,6.587708,6.46800566,6.28671598,6.2652421,6.48017406,6.42679548,6.40416241
Poland,POL,Access to electricity (% of population),EG.ELC.ACCS.ZS,100,100,100,99.9,99.9,99.8,99.8,99.8,99.8,100,100,100,100,100,100,100
Poland,POL,People using at least basic drinking water services (% of population),SH.H2O.BASW.ZS,..,..,..,..,..,99.1592394224443,99.1574208743657,99.1555854357126,99.1537397635124,99.1519018066916,98.4269374145649,97.6997464122955,96.9696751320083,96.237152990062,95.5020825058949,94.7645729803903
Poland,POL,People using at least basic sanitation services (% of population),SH.STA.BASS.ZS,87.5745467206008,88.2568342360533,88.9353576884699,89.5946810564057,90.2562612089724,90.9202473896648,91.5867442976783,92.2555333732933,92.9266519542542,93.6002626188424,94.2762845452116,94.9547153620939,95.6349967778447,96.3180146164428,97.0037056889365,97.6921037359858
Poland,POL,GDP per capita (current US$),NY.GDP.PCAP.CD,4520.64100449111,5015.23790036613,5223.45178967082,5720.81366178104,6711.72715262967,8043.92332253757,9068.85528307627,11272.5293683383,14048.5604672654,11556.3026866026,12567.7317676382,13867.6669408192,13087.420943321,13621.9023794031,14262.2841914116,12637.5220324406
Poland,POL,"School enrollment, secondary (% gross)",SE.SEC.ENRR,100.596076965332,101.693962097168,103.719223022461,106.250358581543,98.4879837036133,101.085952758789,100.597557067871,100.348258972168,99.9508209228516,99.6487579345703,100.207778930664,100.617851257324,100.56485748291,111.516960144043,110.031021118164,109.41478729248
Puerto Rico (US),PRI,"Life expectancy at birth, total (years)",SP.DYN.LE00.IN,75.514,75.972,76.819,76.941,76.913,76.703,77.561,77.659,78.111,78.377,78.717,78.766,79.258,80.318,80.039,80.677
Puerto Rico (US),PRI,"Mortality rate, adult, female (per 1,000 female adults)",SP.DYN.AMRT.FE,79.31,75.627,71.293,71.676,72.16,72.683,67.643,65.725,64.607,61.348,59.837,58.103,55.966,51.81,51.331,48.182
Puerto Rico (US),PRI,"Mortality rate, adult, male (per 1,000 male adults)",SP.DYN.AMRT.MA,194.882,192.316,180.614,178.19,180.524,183.48,172.607,174.128,165.47,164.204,157.457,157.139,147.953,135.141,139.299,130.125
Puerto Rico (US),PRI,"Mortality rate, infant (per 1,000 live births)",SP.DYN.IMRT.IN,..,..,..,..,..,..,..,..,..,..,..,..,..,..,..,..
Puerto Rico (US),PRI,"Mortality rate, under-5 (per 1,000 live births)",SH.DYN.MORT,..,..,..,..,..,..,..,..,..,..,..,..,..,..,..,..
Puerto Rico (US),PRI,"Prevalence of HIV, total (% of population ages 15-49)",SH.DYN.AIDS.ZS,..,..,..,..,..,..,..,..,..,..,..,..,..,..,..,..
Puerto Rico (US),PRI,"Incidence of tuberculosis (per 100,000 people)",SH.TBS.INCD,5.3,3.6,3.9,3.5,3.7,3.4,3.4,3,2.9,1.9,2.5,1.6,2.2,1.6,1.4,1.7
Puerto Rico (US),PRI,Diabetes prevalence (% of population ages 20 to 79),SH.STA.DIAB.ZS,..,..,..,..,..,..,..,..,..,..,..,13,..,..,..,..
Puerto Rico (US),PRI,"Physicians (per 1,000 people)",SH.MED.PHYS.ZS,..,..,..,..,..,..,..,..,..,..,..,..,..,..,..,..
Puerto Rico (US),PRI,"Hospital beds (per 1,000 people)",SH.MED.BEDS.ZS,..,..,..,..,..,..,..,..,..,..,..,..,..,..,..,..
Puerto Rico (US),PRI,Current health expenditure (% of GDP),SH.XPD.CHEX.GD.ZS,..,..,..,..,..,..,..,..,..,..,..,..,..,..,..,..
Puerto Rico (US),PRI,Access to electricity (% of population),EG.ELC.ACCS.ZS,100,100,100,100,100,100,100,100,100,100,100,100,100,100,100,100
Puerto Rico (US),PRI,People using at least basic drinking water services (% of population),SH.H2O.BASW.ZS,97.2132456329924,97.3607259079284,97.5082061828645,97.6556864578005,97.8031667327366,97.9506470076727,98.0981272826087,98.2456075575448,98.3930878324808,98.5405681074169,98.688048382353,98.835528657289,98.9830089322251,99.1304892071611,99.2779694820972,99.4254497570333
Puerto Rico (US),PRI,People using at least basic sanitation services (% of population),SH.STA.BASS.ZS,97.6257622005571,97.8050783983287,97.9843945961003,98.1637107938719,98.3430269916435,98.522343189415,98.7016593871866,98.8809755849582,99.0602917827298,99.2396079805014,99.418924178273,99.5982403760446,99.7775565738162,99.9568727715878,100,100
Puerto Rico (US),PRI,GDP per capita (current US$),NY.GDP.PCAP.CD,16192.1269719638,18123.1987019918,18731.4593897378,19557.1202492358,20988.9923326534,21959.322696986,22935.9411586313,23664.8823485096,24898.3345857045,25768.7258883384,26414.8810634548,27170.0766543278,27742.024476618,28212.0499737431,28576.0988023209,29242.041465085
Puerto Rico (US),PRI,"School enrollment, secondary (% gross)",SE.SEC.ENRR,..,..,..,..,..,..,..,..,..,88.5960998535156,87.0993194580078,84.0764465332031,86.5407180786133,89.4305877685547,91.3355865478516,99.0586395263672
Romania,ROU,"Life expectancy at birth, total (years)",SP.DYN.LE00.IN,71.1634146341463,71.1609756097561,71.009756097561,71.309756097561,71.5609756097561,71.9121951219512,72.1634146341463,72.5658536585366,72.5658536585366,73.309756097561,73.4585365853659,74.409756097561,74.4121951219512,75.0634146341463,74.909756097561,74.9121951219512
Romania,ROU,"Mortality rate, adult, female (per 1,000 female adults)",SP.DYN.AMRT.FE,106.314,107.823,109.872,109.605,105.33,104.48,100.225,97.305,96.555,95.841,91.409,84.285,83.68,80.21,82.626,81.571
Romania,ROU,"Mortality rate, adult, male (per 1,000 male adults)",SP.DYN.AMRT.MA,237.089,245.232,248.884,248.628,243.101,235.47,229.021,226.264,230.723,227.771,221.568,201.031,198.67,186.584,193.614,191.256
Romania,ROU,"Mortality rate, infant (per 1,000 live births)",SP.DYN.IMRT.IN,18.1,17.4,17,16.9,16.5,15.5,14.2,12.9,11.9,11.1,10.5,10,9.5,8.9,8.3,7.7
Romania,ROU,"Mortality rate, under-5 (per 1,000 live births)",SH.DYN.MORT,21.6,20.6,20.1,19.9,19.4,18.2,16.6,15.1,14,13.1,12.4,11.8,11.2,10.5,9.9,9.2
Romania,ROU,"Prevalence of HIV, total (% of population ages 15-49)",SH.DYN.AIDS.ZS,0.1,0.1,0.1,0.1,0.1,0.1,0.1,0.1,0.1,0.1,0.1,0.1,0.1,0.1,0.1,0.1
Romania,ROU,"Incidence of tuberculosis (per 100,000 people)",SH.TBS.INCD,143,150,157,158,154,142,133,124,121,115,105,97,92,89,86,82
Romania,ROU,Diabetes prevalence (% of population ages 20 to 79),SH.STA.DIAB.ZS,..,..,..,..,..,..,..,..,..,..,..,7.7,..,..,..,..
Romania,ROU,"Physicians (per 1,000 people)",SH.MED.PHYS.ZS,1.973,1.999,2.115,2.017,2.262,2.247,2.245,2.324,2.44,2.462,2.497,2.53,2.6,2.633,2.687,2.753
Romania,ROU,"Hospital beds (per 1,000 people)",SH.MED.BEDS.ZS,7.88,7.95,7.72,6.83,6.86,6.95,6.96,6.79,6.86,6.95,6.63,6.48,6.57,6.65,6.68,6.76
Romania,ROU,Current health expenditure (% of GDP),SH.XPD.CHEX.GD.ZS,4.20876169,4.37598133,4.57694626,5.37136793,5.47733593,5.52778196,5.07106066,5.02223349,5.02274227,5.2784133,5.63998747,4.47528124,4.50899887,5.22432709,5.02789736,4.94295502
Romania,ROU,Access to electricity (% of population),EG.ELC.ACCS.ZS,94.4,94.6,94.9,95.1,95.3,95.6,95.9,96.1,96.5,96.8,97.1,97.4,97.8,98.1,98.4,98.8
Romania,ROU,People using at least basic drinking water services (% of population),SH.H2O.BASW.ZS,100,99.9999992831776,99.9999965363618,99.9999969086513,100,99.9999984443348,99.999997085641,100,99.9999990896957,100,99.9999996926513,100,100,99.9999994938716,99.9999996874349,100
Romania,ROU,People using at least basic sanitation services (% of population),SH.STA.BASS.ZS,..,74.4402807699076,74.4128538593218,74.4631358424552,74.5130392113336,74.5629379423994,75.4525112455792,76.3391243604482,77.2227663920494,78.1034467293621,78.9811608593787,79.8559099064169,80.6923947824364,81.5137517175071,82.3359467841307,83.1654067807115
Romania,ROU,GDP per capita (current US$),NY.GDP.PCAP.CD,1659.92904910528,1825.19299373184,2119.85509684554,2679.40626016154,3494.99056448955,4618.00350802913,5757.53127301178,8360.33775916596,10435.1561230787,8548.4543409242,8399.5374234284,9560.6755277458,8929.95366231474,9497.67411615237,10031.7710755404,8977.01748158196
Romania,ROU,"School enrollment, secondary (% gross)",SE.SEC.ENRR,82.38330078125,83.499382019043,84.9503479003906,84.2207717895508,82.5846405029297,81.0594787597656,85.6820602416992,84.2603607177734,94.5384063720703,103.393241882324,102.467903137207,100.735900878906,97.4503707885742,95.6988983154297,93.5339965820312,91.3377075195312
Rwanda,RWA,"Life expectancy at birth, total (years)",SP.DYN.LE00.IN,47.798,49.49,51.262,53.529,55.52,56.968,58.342,59.504,60.641,61.813,62.804,63.476,64.189,64.651,65.088,65.419
Rwanda,RWA,"Mortality rate, adult, female (per 1,000 female adults)",SP.DYN.AMRT.FE,407.259,386.18,370.082,347.331,320.63,303.698,287.237,274.575,258.198,244.463,238.107,229.281,221.404,214.751,208.276,203.925
Rwanda,RWA,"Mortality rate, adult, male (per 1,000 male adults)",SP.DYN.AMRT.MA,455.658,443.839,422.618,387.783,366.917,361.249,352.243,345.491,339.015,322.524,302.23,299.214,289.605,287.913,285.259,282.404
Rwanda,RWA,"Mortality rate, infant (per 1,000 live births)",SP.DYN.IMRT.IN,107.9,98,88.3,79.5,71.1,63.9,57.9,53,48.8,45.4,42.2,39,37.2,35.7,34.6,33.7
Rwanda,RWA,"Mortality rate, under-5 (per 1,000 live births)",SH.DYN.MORT,184.9,166.8,149.4,133.3,118.1,104.9,93.7,84.5,76.2,69.2,63.3,58.1,54.5,51.7,49.6,47.8
Rwanda,RWA,"Prevalence of HIV, total (% of population ages 15-49)",SH.DYN.AIDS.ZS,4.9,4.8,4.6,4.4,4.2,4.1,4,3.9,3.8,3.7,3.7,3.6,3.5,3.4,3.3,3.2
Rwanda,RWA,"Incidence of tuberculosis (per 100,000 people)",SH.TBS.INCD,96,83,89,100,93,102,112,106,101,95,83,80,72,66,65,61
Rwanda,RWA,Diabetes prevalence (% of population ages 20 to 79),SH.STA.DIAB.ZS,..,..,..,..,..,..,..,..,..,..,..,3.1,..,..,..,..
Rwanda,RWA,"Physicians (per 1,000 people)",SH.MED.PHYS.ZS,..,..,0.019,..,0.049,0.024,..,..,0.052,0.055,0.055,0.0129,..,0.099,0.089,0.11
Rwanda,RWA,"Hospital beds (per 1,000 people)",SH.MED.BEDS.ZS,..,..,..,..,1.7,..,1.6,1.6,0.6,0.75,0.74,0.72,0.71,0.77,0.71,0.74
Rwanda,RWA,Current health expenditure (% of GDP),SH.XPD.CHEX.GD.ZS,3.57583427,3.31599975,3.12787294,6.92888737,7.50856972,7.72468948,7.60937929,7.86268663,7.55979156,7.79958725,8.08192921,7.93241739,8.10223293,6.77398062,6.98471594,6.65067434
Rwanda,RWA,Access to electricity (% of population),EG.ELC.ACCS.ZS,6.2,4.7,6,7.4,8.7,4.8,11.4,12.8,6,15.6,9.7,10.8,17.5,15.2,19.8,22.8
Rwanda,RWA,People using at least basic drinking water services (% of population),SH.H2O.BASW.ZS,44.4877400812649,45.597310878186,46.7269188678981,47.6184186237104,48.4807001161199,49.3504746837897,50.2280357734339,51.1127958841887,52.0050439552417,52.9050782928433,53.812311723031,54.7270312962107,55.6495360555589,56.5792334362488,57.5210496360148,58.4752230978059
Rwanda,RWA,People using at least basic sanitation services (% of population),SH.STA.BASS.ZS,44.9053727635378,46.4743272720246,48.0136940623301,49.4007987176777,50.768335540329,52.1358341835326,53.5033672855633,54.8707679900931,56.2381232596537,57.6054507159274,58.9727043706858,60.3399094161962,61.7070227174276,63.0741145901109,64.4396648810938,65.8025240374221
Rwanda,RWA,GDP per capita (current US$),NY.GDP.PCAP.CD,251.86926386091,237.308846200901,234.043016755733,249.012274982252,269.540446333402,324.016863847189,356.995022901154,426.234183487629,528.326391755502,564.039095842449,593.624927744346,651.133677964662,706.8172686891,704.92421796616,724.957526109262,733.998630392314
Rwanda,RWA,"School enrollment, secondary (% gross)",SE.SEC.ENRR,..,11.1507501602173,12.1046600341797,13.584939956665,15.3283996582031,16.4831008911133,18.1992893218994,20.3850002288818,22.1014308929443,26.5538196563721,32.4029083251953,36.6210098266602,39.662769317627,30.2092864949597,41.8218654918977,39.4099042857311
San Marino,SMR,"Life expectancy at birth, total (years)",SP.DYN.LE00.IN,80.504,80.803,81.061,81.33,81.592,81.926,82.258,82.605,82.894,83.224,83.464,83.713,83.943,84.175,84.394,84.596
San Marino,SMR,"Mortality rate, adult, female (per 1,000 female adults)",SP.DYN.AMRT.FE,41.205,41.382,41.498,41.598,41.031,39.322,37.562,35.718,34.242,32.79,31.858,30.98,30.432,30.066,29.756,29.651
San Marino,SMR,"Mortality rate, adult, male (per 1,000 male adults)",SP.DYN.AMRT.MA,76.585,73.22,71.022,68.489,66.926,64.142,61.566,59.245,56.939,54.551,52.73,51.157,49.179,47.211,45.787,44.392
San Marino,SMR,"Mortality rate, infant (per 1,000 live births)",SP.DYN.IMRT.IN,5,4.6,4.3,4,3.7,3.5,3.2,3,2.8,2.7,2.5,2.4,2.3,2.1,2,1.9
San Marino,SMR,"Mortality rate, under-5 (per 1,000 live births)",SH.DYN.MORT,5.4,5,4.6,4.2,3.9,3.7,3.4,3.2,3,2.8,2.7,2.5,2.4,2.3,2.1,2
San Marino,SMR,"Prevalence of HIV, total (% of population ages 15-49)",SH.DYN.AIDS.ZS,..,..,..,..,..,..,..,..,..,..,..,..,..,..,..,..
San Marino,SMR,"Incidence of tuberculosis (per 100,000 people)",SH.TBS.INCD,4.3,0,4.2,4.1,0,0,0,0,0,0,0,0,0,0,0,0
San Marino,SMR,Diabetes prevalence (% of population ages 20 to 79),SH.STA.DIAB.ZS,..,..,..,..,..,..,..,..,..,..,..,5.5,..,..,..,..
San Marino,SMR,"Physicians (per 1,000 people)",SH.MED.PHYS.ZS,..,..,..,..,..,..,..,..,..,..,..,4.769,4.955,4.925,6.018,..
San Marino,SMR,"Hospital beds (per 1,000 people)",SH.MED.BEDS.ZS,..,..,..,..,..,..,..,..,..,..,..,3.48,3.41,3.39,3.38,..
San Marino,SMR,Current health expenditure (% of GDP),SH.XPD.CHEX.GD.ZS,5.7876792,5.64127541,5.39155769,4.77200127,4.86479282,4.88683653,4.91361904,5.09587288,5.41110897,6.18409586,6.20853519,8.0707283,8.98883724,8.23800278,8.30091763,8.43315315
San Marino,SMR,Access to electricity (% of population),EG.ELC.ACCS.ZS,100,100,100,100,100,100,100,100,100,100,100,100,100,100,100,100
San Marino,SMR,People using at least basic drinking water services (% of population),SH.H2O.BASW.ZS,100,100,100,100,100,100,100,100,100,100,100,100,100,100,100,100
San Marino,SMR,People using at least basic sanitation services (% of population),SH.STA.BASS.ZS,100,100,100,100,100,100,100,100,100,100,100,100,100,100,100,100
San Marino,SMR,GDP per capita (current US$),NY.GDP.PCAP.CD,37600.7077379601,39035.1034290445,41790.8432718184,52529.9093701059,58232.0176184948,59877.8005839737,63270.7780755157,70124.4634385624,75902.1320521765,62428.9943269418,56543.1898204098,55601.3929703047,47945.8991734281,50807.8289138024,51260.4938347125,43146.8240435428
San Marino,SMR,"School enrollment, secondary (% gross)",SE.SEC.ENRR,..,..,..,..,..,..,..,..,62.9629592895508,63.9632110595703,66.6119766235352,66.5597381591797,64.2154922485352,..,..,..
Saudi Arabia,SAU,"Life expectancy at birth, total (years)",SP.DYN.LE00.IN,72.607,72.951,73.296,73.657,74.027,74.4,74.762,75.066,75.301,75.447,75.616,75.808,76.09,76.517,77.116,77.776
Saudi Arabia,SAU,"Mortality rate, adult, female (per 1,000 female adults)",SP.DYN.AMRT.FE,106.017,103.207,100.823,98.904,97.334,95.798,94.054,91.986,89.346,86.177,82.39,78.441,74.452,70.554,66.899,63.738
Saudi Arabia,SAU,"Mortality rate, adult, male (per 1,000 male adults)",SP.DYN.AMRT.MA,140.998,136.737,134.144,133.707,135.275,137.741,140.49,142.826,143.749,142.742,139.09,133.276,125.355,115.645,104.931,95.154
Saudi Arabia,SAU,"Mortality rate, infant (per 1,000 live births)",SP.DYN.IMRT.IN,19.9,18.7,17.6,16.5,15.5,14.6,13.7,12.8,12,11.2,10.4,9.7,9.1,8.5,7.9,7.4
Saudi Arabia,SAU,"Mortality rate, under-5 (per 1,000 live births)",SH.DYN.MORT,22.1,20.8,19.6,18.5,17.5,16.5,15.6,14.7,13.8,13,12.2,11.5,10.8,10.2,9.6,9
Saudi Arabia,SAU,"Prevalence of HIV, total (% of population ages 15-49)",SH.DYN.AIDS.ZS,0.1,0.1,0.1,0.1,0.1,0.1,0.1,0.1,0.1,0.1,0.1,0.1,0.1,0.1,0.1,0.1
Saudi Arabia,SAU,"Incidence of tuberculosis (per 100,000 people)",SH.TBS.INCD,23,21,21,19,19,19,19,19,19,18,20,17,15,13,12,12
Saudi Arabia,SAU,Diabetes prevalence (% of population ages 20 to 79),SH.STA.DIAB.ZS,..,..,..,..,..,..,..,..,..,..,..,19.6,..,..,..,..
Saudi Arabia,SAU,"Physicians (per 1,000 people)",SH.MED.PHYS.ZS,0.694,0.655,..,..,..,..,..,..,1.673,1.647,1.92,1.966,1.996,2.159,2.14,2.237
Saudi Arabia,SAU,"Hospital beds (per 1,000 people)",SH.MED.BEDS.ZS,2.3,..,2.08,2.12,2.16,2.18,2.11,2.03,1.96,1.96,1.98,1.95,1.98,2.05,2.12,2.12
Saudi Arabia,SAU,Current health expenditure (% of GDP),SH.XPD.CHEX.GD.ZS,4.21160603,4.4617486,4.24939442,3.97910738,3.58402061,3.41868114,3.61922765,3.56229854,2.97101164,4.29043579,3.64786696,3.68218112,3.98779416,4.42293453,5.15801096,5.86202717
Saudi Arabia,SAU,Access to electricity (% of population),EG.ELC.ACCS.ZS,100,100,100,100,100,100,100,100,100,100,100,100,100,100,100,100
Saudi Arabia,SAU,People using at least basic drinking water services (% of population),SH.H2O.BASW.ZS,..,..,..,..,..,..,..,..,..,..,..,..,..,..,..,98.6744410427302
Saudi Arabia,SAU,People using at least basic sanitation services (% of population),SH.STA.BASS.ZS,95.1680155793557,95.1764654686242,95.1848345181076,95.193171817445,95.2014307606684,95.2097345864445,95.2180310217888,95.2262584236311,95.2344500351312,95.2424945185826,95.2504988920031,95.2585378576595,95.2665787513876,95.2746946015931,95.2828112579058,95.2909245305097
Saudi Arabia,SAU,GDP per capita (current US$),NY.GDP.PCAP.CD,11714.5623675159,10805.311325122,10586.0543471363,11487.220410693,13154.4978989446,15975.7473782258,17563.6145370639,18596.1502627898,22320.4888964331,17718.3911648365,22028.3901426586,27126.7498747702,28733.4375513452,27865.465604962,27805.4850319422,23256.1549553531
Saudi Arabia,SAU,"School enrollment, secondary (% gross)",SE.SEC.ENRR,..,..,..,..,..,87.1481628417969,..,91.6758117675781,..,99.7553787231445,..,..,..,93.0168905157466,98.8496091524944,102.979200639837
Serbia,SRB,"Life expectancy at birth, total (years)",SP.DYN.LE00.IN,71.5829268292683,72.2341463414634,72.2853658536585,72.4365853658537,72.6829268292683,72.8341463414634,73.3853658536585,73.6317073170732,73.8853658536585,73.9853658536585,74.3365853658537,74.5365853658537,74.8365853658537,75.1853658536585,75.3365853658537,75.2878048780488
Serbia,SRB,"Mortality rate, adult, female (per 1,000 female adults)",SP.DYN.AMRT.FE,103.467,103.56,101.763,99.787,99.033,96.73,94.179,91.66,90.179,88.764,86.114,83.882,81.659,80.722,79.829,79.302
Serbia,SRB,"Mortality rate, adult, male (per 1,000 male adults)",SP.DYN.AMRT.MA,202.57,202.462,199.261,198.128,196.054,192.035,188.041,184.917,181.986,178.096,172.68,167.036,161.252,157.05,155.123,152.093
Serbia,SRB,"Mortality rate, infant (per 1,000 live births)",SP.DYN.IMRT.IN,10.9,10.4,9.9,9.1,8.4,7.8,7.4,7.1,6.9,6.7,6.6,6.4,6.1,5.9,5.7,5.4
Serbia,SRB,"Mortality rate, under-5 (per 1,000 live births)",SH.DYN.MORT,12.6,12,11.4,10.5,9.7,9,8.5,8.2,7.9,7.8,7.6,7.3,7.1,6.8,6.6,6.3
Serbia,SRB,"Prevalence of HIV, total (% of population ages 15-49)",SH.DYN.AIDS.ZS,0.1,0.1,0.1,0.1,0.1,0.1,0.1,0.1,0.1,0.1,0.1,0.1,0.1,0.1,0.1,0.1
Serbia,SRB,"Incidence of tuberculosis (per 100,000 people)",SH.TBS.INCD,..,..,..,..,..,40,40,37,35,32,30,28,24,27,23,21
Serbia,SRB,Diabetes prevalence (% of population ages 20 to 79),SH.STA.DIAB.ZS,..,..,..,..,..,..,..,..,..,..,..,7.7,..,..,..,..
Serbia,SRB,"Physicians (per 1,000 people)",SH.MED.PHYS.ZS,..,..,..,2.605,2.667,2.654,2.682,2.751,2.841,2.872,2.916,2.941,2.94,2.94,2.903,2.904
Serbia,SRB,"Hospital beds (per 1,000 people)",SH.MED.BEDS.ZS,..,..,..,..,..,5.9,5.27,5.09,5.08,5.1,5.13,5.15,5.16,5.21,5.22,5.27
Serbia,SRB,Current health expenditure (% of GDP),SH.XPD.CHEX.GD.ZS,6.18357754,6.49677134,7.59296274,7.66696072,7.84200048,8.28380585,8.49390411,9.37648869,9.48246479,9.34623528,9.5273037,9.11380386,9.32820415,9.31232452,9.2459898,8.8132
Serbia,SRB,Access to electricity (% of population),EG.ELC.ACCS.ZS,99.9,99.8,100,99.7,99.6,99.7,99.6,99.6,99.6,99.6,99.7,99.7,99.8,99.9,99.7,99.9
Serbia,SRB,People using at least basic drinking water services (% of population),SH.H2O.BASW.ZS,89.3067886279812,89.3019468426874,89.2970582916295,89.2921910184179,89.2871687965082,89.6523725384607,90.0188988119915,90.3866857574049,90.7558390153973,91.1263009793936,91.4981190223907,91.8712091293649,92.2482472043669,92.6269680658839,93.0063522288566,93.3864584076858
Serbia,SRB,People using at least basic sanitation services (% of population),SH.STA.BASS.ZS,95.5184112239382,95.5150404969656,95.5120325649844,95.5093769195707,95.5071358701854,95.673137737524,95.8395322903665,96.0063327536142,96.1734958754489,96.3410429199425,96.5089535369173,96.6772876314252,96.8433442935029,97.0086967510809,97.174276504876,97.3400184952249
Serbia,SRB,GDP per capita (current US$),NY.GDP.PCAP.CD,974.725469278615,1812.42088281393,2390.73459447107,3153.9011312754,3597.08798057009,3807.97417321786,4492.7136699046,6081.08765700202,7376.73517910716,6414.0448463847,5970.92660940072,7082.2861666075,6263.04086072815,7040.41812068781,6886.67809068704,5820.3215576888
Serbia,SRB,"School enrollment, secondary (% gross)",SE.SEC.ENRR,91.1882629394531,89.7503128051758,88.7098770141602,88.2943801879883,88.1681365966797,88.5904083251953,88.9565811157227,89.437370300293,90.4638137817383,91.4844589233398,91.4276275634766,93.6310501098633,94.1696166992188,94.4092102050781,94.3444137573242,96.6696090698242
Palau,PLW,"Life expectancy at birth, total (years)",SP.DYN.LE00.IN,64.499,64.8,65.076,65.446,65.816,66.219,66.633,67.113,67.562,67.99,68.347,68.638,68.863,68.981,69.062,69.07
Palau,PLW,"Mortality rate, adult, female (per 1,000 female adults)",SP.DYN.AMRT.FE,198.381,195.71,193.631,191.236,189.049,186.177,182.148,177.243,171.589,165.468,160.349,155.861,152.269,150.43,148.602,148.443
Palau,PLW,"Mortality rate, adult, male (per 1,000 male adults)",SP.DYN.AMRT.MA,364.516,358.816,353.768,345.89,337.53,328.232,318.564,306.86,296.376,286.605,277.814,270.346,264.119,259.352,255.687,252.742
Palau,PLW,"Mortality rate, infant (per 1,000 live births)",SP.DYN.IMRT.IN,22.3,21.5,20.8,20.1,19.3,18.6,18,17.5,17.1,16.8,16.6,16.6,16.8,17.1,17.6,18.2
Palau,PLW,"Mortality rate, under-5 (per 1,000 live births)",SH.DYN.MORT,26.5,25.5,24.6,23.8,22.9,22.1,21.4,20.7,20.2,19.8,19.7,19.7,19.9,20.3,20.8,21.4
Palau,PLW,"Prevalence of HIV, total (% of population ages 15-49)",SH.DYN.AIDS.ZS,..,..,..,..,..,..,..,..,..,..,..,..,..,..,..,..
Palau,PLW,"Incidence of tuberculosis (per 100,000 people)",SH.TBS.INCD,65,65,65,53,29,58,70,66,91,117,119,76,26,52,91,91
Palau,PLW,Diabetes prevalence (% of population ages 20 to 79),SH.STA.DIAB.ZS,..,..,..,..,..,..,..,..,..,..,..,11.1,..,..,..,..
Palau,PLW,"Physicians (per 1,000 people)",SH.MED.PHYS.ZS,..,..,..,..,..,..,1.327,..,..,1.543,1.568,..,..,..,1.405,..
Palau,PLW,"Hospital beds (per 1,000 people)",SH.MED.BEDS.ZS,..,..,..,..,..,..,5.9,5,..,4.9,4.32,..,..,..,..,..
Palau,PLW,Current health expenditure (% of GDP),SH.XPD.CHEX.GD.ZS,8.63728905,7.79659462,7.28691149,8.095788,9.13479805,8.63174248,8.73999214,8.83709908,8.41378212,9.63057423,10.93099976,9.9432106,10.24609089,10.92691708,10.66757393,9.76325321
Palau,PLW,Access to electricity (% of population),EG.ELC.ACCS.ZS,97.9,98,98,98.1,98.1,98.9,98.3,98.4,98.5,98.6,98.8,98.9,97.6,99.2,99.8,99.5
Palau,PLW,People using at least basic drinking water services (% of population),SH.H2O.BASW.ZS,99.3564770331005,99.3625888826252,99.3688588352502,99.3752808875779,99.3905507182376,99.4051896870702,99.4192326974435,99.4326747527669,99.4455464755296,99.4578364255929,99.4695705930484,99.4807528058898,99.4914143484921,99.5015302251586,99.511147271251,99.5202624333344
Palau,PLW,People using at least basic sanitation services (% of population),SH.STA.BASS.ZS,92.305520558298,92.5732700238855,92.8439231097724,93.1174916653244,93.5161829593848,93.9036187009798,94.280375082162,94.6464555999479,95.0022921487054,95.3478241763313,95.6834732406395,96.0093154545976,96.3258175864098,96.63291906179,96.9310321625786,97.2203824146747
Palau,PLW,GDP per capita (current US$),NY.GDP.PCAP.CD,7797.25727395975,8239.63931376602,8340.53735322771,7862.04283025586,8395.13622603431,9639.65891316414,9885.14775685194,10408.4343591338,10582.739754853,10155.4332139612,10229.0878451837,11000.879522071,12145.3644807205,12768.9086582049,13726.0231442281,15690.759707372
Palau,PLW,"School enrollment, secondary (% gross)",SE.SEC.ENRR,91.4381866455078,..,..,102.667266845703,98.1433486938477,97.3436889648438,100.88996887207,101.115242004395,..,..,..,..,..,106.158729553223,108.378378378378,..
Seychelles,SYC,"Life expectancy at birth, total (years)",SP.DYN.LE00.IN,72.7780487804878,73.2536585365854,71.0878048780488,71.0292682926829,72.6609756097561,72.1317073170732,72.2170731707317,73.1439024390244,73.1634146341463,73.0829268292683,73.1975609756098,72.7243902439024,74.2756097560976,73.119512195122,73.2292682926829,74.2951219512195
Seychelles,SYC,"Mortality rate, adult, female (per 1,000 female adults)",SP.DYN.AMRT.FE,117.251,116.558,115.284,112.869,112.481,109.35,107.706,106.42,104.455,103.648,103.314,103.326,103.714,104.421,105.119,105.621
Seychelles,SYC,"Mortality rate, adult, male (per 1,000 male adults)",SP.DYN.AMRT.MA,258.168,253.196,248.225,243.205,239.69,234.57,229.985,225.209,220.335,216.949,213.848,211.411,209.93,209.909,210.069,210.671
Seychelles,SYC,"Mortality rate, infant (per 1,000 live births)",SP.DYN.IMRT.IN,11.8,11.8,11.9,12,12,12.1,12.2,12.3,12.4,12.5,12.6,12.7,12.8,12.9,13.1,13.2
Seychelles,SYC,"Mortality rate, under-5 (per 1,000 live births)",SH.DYN.MORT,13.8,13.7,13.7,13.7,13.8,13.8,13.8,13.9,13.9,14,14.1,14.2,14.3,14.4,14.5,14.5
Seychelles,SYC,"Prevalence of HIV, total (% of population ages 15-49)",SH.DYN.AIDS.ZS,..,..,..,..,..,..,..,..,..,..,..,..,..,..,..,..
Seychelles,SYC,"Incidence of tuberculosis (per 100,000 people)",SH.TBS.INCD,28,26,39,13,23,18,22,22,7.5,18,21,25,23,27,14,8.6
Seychelles,SYC,Diabetes prevalence (% of population ages 20 to 79),SH.STA.DIAB.ZS,..,..,..,..,..,..,..,..,..,..,..,12.1,..,..,..,..
Seychelles,SYC,"Physicians (per 1,000 people)",SH.MED.PHYS.ZS,..,..,..,..,1.429,1.211,0.861,1.031,0.781,1.132,1.082,1.141,0.976,..,..,..
Seychelles,SYC,"Hospital beds (per 1,000 people)",SH.MED.BEDS.ZS,..,..,..,5.01,4.91,4.76,4.79,4.54,3.8,3.61,3.57,3.36,3.22,3.12,3.08,3.04
Seychelles,SYC,Current health expenditure (% of GDP),SH.XPD.CHEX.GD.ZS,4.61071777,5.30532885,4.70596743,5.50939226,5.3775382,5.21991158,5.16842318,4.50416517,4.58248377,4.43326807,5.35168219,5.33887625,6.26212692,4.97011757,4.76223993,4.30914021
Seychelles,SYC,Access to electricity (% of population),EG.ELC.ACCS.ZS,94.1,94.4,96.1,94.9,95.2,95.5,99,96.1,96.5,96.8,97,98.1,98.3,98,100,100
Seychelles,SYC,People using at least basic drinking water services (% of population),SH.H2O.BASW.ZS,93.9099648774143,94.0354088114929,94.1608527455715,94.2862966796501,94.4117406137287,94.5371845478073,94.6626284818859,94.7880724159645,94.9135163500431,95.0389602841217,95.1644042182003,95.2898481522789,95.4152920863575,95.5407360204361,95.6661799545147,95.7916238885933
Seychelles,SYC,People using at least basic sanitation services (% of population),SH.STA.BASS.ZS,95.4211307749068,95.6637266021033,95.9063224292998,96.1489182564964,96.3915140836928,96.6341099108893,96.8767057380858,97.1193015652823,97.3618973924788,97.6044932196753,97.8470890468718,98.0896848740683,98.3322807012648,98.5748765284613,98.8174723556577,99.0600681828543
Seychelles,SYC,GDP per capita (current US$),NY.GDP.PCAP.CD,8063.65500575169,8153.2986369879,8864.16919495467,9070.28460757013,10827.671636033,11802.1118276833,12782.9938926475,12669.3026687222,11265.4376270005,9747.09180546291,10934.79494629,12110.0937461973,12337.1554669388,14821.2921476077,15188.1902175113,15333.1051727105
Seychelles,SYC,"School enrollment, secondary (% gross)",SE.SEC.ENRR,76.5603332519531,70.1063613891602,73.3114776611328,75.9402694702148,73.7837066650391,78.7421264648438,72.1399536132812,75.9018402099609,72.8721389770508,72.2663497924805,70.6972427368164,74.46608040201,72.6763229370117,84.6974263853466,89.3980343980344,92.0911695105244
Singapore,SGP,"Life expectancy at birth, total (years)",SP.DYN.LE00.IN,77.9512195121951,78.2512195121951,78.5512195121951,79.0390243902439,79.490243902439,79.990243902439,80.1414634146341,80.4414634146342,80.790243902439,81.2414634146342,81.5414634146342,81.7439024390244,81.9951219512195,82.2463414634147,82.4951219512195,82.7439024390244
Singapore,SGP,"Mortality rate, adult, female (per 1,000 female adults)",SP.DYN.AMRT.FE,64.664,61.476,58.18,55.84,53.769,51.858,50.398,48.358,46.323,44.142,43.267,42.515,41.92,41.121,40.115,39.222
Singapore,SGP,"Mortality rate, adult, male (per 1,000 male adults)",SP.DYN.AMRT.MA,114.865,109.612,105.53,101.419,92.362,89.479,86.71,84.618,82.175,79.09,75.955,73.108,71.114,69.322,68.281,67.064
Singapore,SGP,"Mortality rate, infant (per 1,000 live births)",SP.DYN.IMRT.IN,3,2.8,2.7,2.5,2.4,2.3,2.3,2.3,2.3,2.2,2.2,2.2,2.2,2.2,2.2,2.2
Singapore,SGP,"Mortality rate, under-5 (per 1,000 live births)",SH.DYN.MORT,3.8,3.6,3.4,3.2,3.1,3,2.9,2.9,2.8,2.8,2.8,2.8,2.8,2.8,2.7,2.7
Singapore,SGP,"Prevalence of HIV, total (% of population ages 15-49)",SH.DYN.AIDS.ZS,0.1,0.1,0.1,0.1,0.1,0.1,0.1,0.1,0.1,0.1,0.1,0.1,0.1,0.1,0.1,0.1
Singapore,SGP,"Incidence of tuberculosis (per 100,000 people)",SH.TBS.INCD,49,43,42,44,39,37,35,34,37,35,35,36,50,46,46,45
Singapore,SGP,Diabetes prevalence (% of population ages 20 to 79),SH.STA.DIAB.ZS,..,..,..,..,..,..,..,..,..,..,..,9.5,..,..,..,..
Singapore,SGP,"Physicians (per 1,000 people)",SH.MED.PHYS.ZS,1.376,1.437,1.443,1.489,1.52,1.553,1.545,1.583,1.621,1.661,1.749,1.826,1.9,1.999,2.106,2.205
Singapore,SGP,"Hospital beds (per 1,000 people)",SH.MED.BEDS.ZS,..,2.9000000954,..,2.8,..,3.2,2.47,2.37,2.3,2.24,2.15,2.1,2.15,2.15,2.2,2.35
Singapore,SGP,Current health expenditure (% of GDP),SH.XPD.CHEX.GD.ZS,3.343364,3.16302657,3.358464,3.60699272,3.15019798,3.03367925,2.9347465,2.83749056,3.19488454,3.39370513,3.1982615,3.1539185,3.32392788,3.68225336,3.87132597,4.18061399
Singapore,SGP,Access to electricity (% of population),EG.ELC.ACCS.ZS,100,100,100,100,100,100,100,100,100,100,100,100,100,100,100,100
Singapore,SGP,People using at least basic drinking water services (% of population),SH.H2O.BASW.ZS,100,100,100,100,100,100,100,100,100,100,100,100,100,100,100,100
Singapore,SGP,People using at least basic sanitation services (% of population),SH.STA.BASS.ZS,100,100,100,100,100,100,100,100,100,100,100,100,100,100,100,100
Singapore,SGP,GDP per capita (current US$),NY.GDP.PCAP.CD,23852.8389514753,21699.7414868907,22159.8373710639,23730.3840054566,27608.080013423,29961.3172812732,33768.4528234651,39432.8860198877,40008.5720489092,38926.8054365453,47236.683084953,53891.4570264372,55547.5553077786,56967.4257940383,57564.8023114977,55645.6068614606
Singapore,SGP,"School enrollment, secondary (% gross)",SE.SEC.ENRR,..,..,..,..,..,..,..,..,..,..,..,..,..,..,..,..
Slovak Republic,SVK,"Life expectancy at birth, total (years)",SP.DYN.LE00.IN,73.0512195121951,73.4024390243903,73.6048780487805,73.6048780487805,73.9585365853659,73.9048780487805,74.2048780487805,74.2073170731707,74.7048780487805,74.909756097561,75.1121951219512,75.9585365853659,76.109756097561,76.4121951219512,76.8121951219512,76.5634146341463
Slovak Republic,SVK,"Mortality rate, adult, female (per 1,000 female adults)",SP.DYN.AMRT.FE,79.515,82.045,78.837,78.996,78.956,77.67,76.255,78.674,73.17,74.638,68.805,69.716,66.95,65.973,63.291,64.859
Slovak Republic,SVK,"Mortality rate, adult, male (per 1,000 male adults)",SP.DYN.AMRT.MA,216.472,210.583,211.888,209.11,197.437,201.479,196.185,196.749,195.564,184.574,175.091,170.598,164.172,156.215,154.427,156.171
Slovak Republic,SVK,"Mortality rate, infant (per 1,000 live births)",SP.DYN.IMRT.IN,8.1,7.8,7.5,7.3,7.1,6.9,6.6,6.4,6.1,5.9,5.7,5.5,5.4,5.3,5.2,5.1
Slovak Republic,SVK,"Mortality rate, under-5 (per 1,000 live births)",SH.DYN.MORT,9.6,9.3,9.1,8.8,8.6,8.3,8,7.7,7.4,7.1,6.9,6.7,6.6,6.4,6.3,6.2
Slovak Republic,SVK,"Prevalence of HIV, total (% of population ages 15-49)",SH.DYN.AIDS.ZS,0.1,0.1,0.1,0.1,0.1,0.1,0.1,0.1,0.1,0.1,0.1,0.1,0.1,0.1,0.1,0.1
Slovak Republic,SVK,"Incidence of tuberculosis (per 100,000 people)",SH.TBS.INCD,22,21,21,21,14,15,14,13,12,9.7,8.7,8.1,6.8,8.5,6.8,6.5
Slovak Republic,SVK,Diabetes prevalence (% of population ages 20 to 79),SH.STA.DIAB.ZS,..,..,..,..,..,..,..,..,..,..,..,5.7,..,..,..,..
Slovak Republic,SVK,"Physicians (per 1,000 people)",SH.MED.PHYS.ZS,3.24,3.225,3.203,3.149,3.151,3.035,3.169,3.387,3.367,3.303,3.356,3.304,3.363,3.39,3.427,3.451
Slovak Republic,SVK,"Hospital beds (per 1,000 people)",SH.MED.BEDS.ZS,7.87,7.67,7.57,7.25,6.91,6.78,6.73,6.78,6.59,6.54,6.46,6.05,5.91,5.8,5.78,5.75
Slovak Republic,SVK,Current health expenditure (% of GDP),SH.XPD.CHEX.GD.ZS,5.30256939,5.3315053,5.50947618,5.44849873,6.37190437,6.58870029,6.85076714,7.17735338,6.9563446,7.94779444,7.66638851,7.29859495,7.53581381,7.49518156,6.88411617,6.76215172
Slovak Republic,SVK,Access to electricity (% of population),EG.ELC.ACCS.ZS,100,100,100,100,100,99.9,99.9,100,100,100,100,100,100,100,100,100
Slovak Republic,SVK,People using at least basic drinking water services (% of population),SH.H2O.BASW.ZS,97.9808919581419,97.9794240308172,97.976274013055,97.9731225515907,97.9699712874802,97.9668220089089,97.9636539676569,97.9604779628369,97.9573308005949,98.251652131533,98.6223365999811,98.9975433073385,99.3758339104534,99.5201692592559,99.7867524786684,99.7871908255865
Slovak Republic,SVK,People using at least basic sanitation services (% of population),SH.STA.BASS.ZS,99.8249495005118,99.8323949984758,99.8348577566565,99.6609157024116,99.4697224450761,99.2778727127481,99.0853576664993,98.8921713277201,98.6983422290231,98.503836066398,98.3065426540869,98.1082613326259,97.9115036501173,97.7141262184923,97.5161287144074,97.5208287681373
Slovak Republic,SVK,GDP per capita (current US$),NY.GDP.PCAP.CD,5421.6448441887,5712.47802761654,6554.62808369461,8675.39633696465,10650.1290097126,11641.5410321763,13167.8954730379,16110.4817265237,18744.3192278346,16586.7527805228,16899.448680529,18469.4354316836,17516.9691054078,18312.7805149823,18770.9289896545,16442.0760860018
Slovak Republic,SVK,"School enrollment, secondary (% gross)",SE.SEC.ENRR,87.4875564575195,87.4630432128906,88.5775680541992,91.0334014892578,93.7951812744141,95.3483963012695,95.5382995605469,95.3289337158203,94.7546234130859,94.39501953125,94.7793426513672,94.9994125366211,95.0492630004883,93.529670715332,92.7571029663086,91.8957290649414
South Africa,ZAF,"Life expectancy at birth, total (years)",SP.DYN.LE00.IN,58.368,57.161,55.58,54.245,53.963,53.914,54.22,54.948,55.982,57.413,58.886,60.602,61.737,62.388,63.184,64.053
South Africa,ZAF,"Mortality rate, adult, female (per 1,000 female adults)",SP.DYN.AMRT.FE,342.502,370.566,407.12,436.031,453.736,460.984,459.373,443.696,424.338,403.042,375.254,346.71,320.219,303.13,284.727,274.858
South Africa,ZAF,"Mortality rate, adult, male (per 1,000 male adults)",SP.DYN.AMRT.MA,473.064,489.812,514.96,539.364,543.782,544.084,545.478,539.741,526.761,507.838,480.491,458.132,432.549,420.19,403.681,391.264
South Africa,ZAF,"Mortality rate, infant (per 1,000 live births)",SP.DYN.IMRT.IN,46.9,47.6,48,48.6,49,47.9,46,43.8,40.6,37.7,35.4,33.9,33,32,30.9,29.7
South Africa,ZAF,"Mortality rate, under-5 (per 1,000 live births)",SH.DYN.MORT,71.1,74.3,76.9,79.3,81,80.3,77.5,71.9,64.2,57,50,45,42.5,41,39.6,38.2
South Africa,ZAF,"Prevalence of HIV, total (% of population ages 15-49)",SH.DYN.AIDS.ZS,13.8,14.5,15.1,15.5,15.8,16.1,16.3,16.6,16.8,17.1,17.4,17.7,17.9,18.1,18.3,18.5
South Africa,ZAF,"Incidence of tuberculosis (per 100,000 people)",SH.TBS.INCD,762,867,971,1070,1150,1210,1250,1270,1270,1260,1230,1200,1160,1110,1070,988
South Africa,ZAF,Diabetes prevalence (% of population ages 20 to 79),SH.STA.DIAB.ZS,..,..,..,..,..,..,..,..,..,..,..,7,..,..,..,..
South Africa,ZAF,"Physicians (per 1,000 people)",SH.MED.PHYS.ZS,..,..,..,..,0.717,..,..,..,..,..,..,..,..,..,..,..
South Africa,ZAF,"Hospital beds (per 1,000 people)",SH.MED.BEDS.ZS,..,..,3.02,..,2.8,2.8,..,2.36,2.35,..,2.28,..,..,..,..,..
South Africa,ZAF,Current health expenditure (% of GDP),SH.XPD.CHEX.GD.ZS,7.3366189,7.12327909,6.67774487,7.04098177,6.938416,6.86216164,6.87650871,6.90510845,7.14832258,7.64941454,7.79358244,7.94434404,8.00428867,8.10322285,7.87136555,8.05304241
South Africa,ZAF,Access to electricity (% of population),EG.ELC.ACCS.ZS,72.4,70.2,76.7,78.8,80.6,80.8,80.7,82,81.9,82.6,82.8,83.6,85.2,85.2,85.9,85.3
South Africa,ZAF,People using at least basic drinking water services (% of population),SH.H2O.BASW.ZS,84.5774597478668,85.1010025883376,85.6331020911519,86.1621488884409,86.682250515141,87.1925788909373,87.6937845213008,88.1859084292649,88.669259438011,89.1428576544517,89.6075553818254,90.0631651018591,90.5099735416629,90.9473828699795,91.3761428829595,91.7960958447093
South Africa,ZAF,People using at least basic sanitation services (% of population),SH.STA.BASS.ZS,59.5410740682924,60.4151431770851,61.2986722518923,62.1815317379067,63.0586665106855,63.9292262025283,64.7935120547602,65.6513476304217,66.502742509829,67.3468296875647,68.1840155796529,69.0139950902221,69.8367637621794,70.651821622223,71.4594340460674,72.2593538106544
South Africa,ZAF,GDP per capita (current US$),NY.GDP.PCAP.CD,3217.84693448467,2847.15191945908,2688.23676032806,4062.21755993786,5221.46333731721,5836.87663325127,6077.38293388876,6591.85535960564,6184.75474328399,6374.70560042992,7973.47195771517,8646.05571071635,8076.97678479741,7331.65467384919,6856.73137092522,6112.27382485974
South Africa,ZAF,"School enrollment, secondary (% gross)",SE.SEC.ENRR,74.3193817138672,73.9493103027344,74.4450225830078,75.5357818603516,78.2966613769531,80.4203414916992,83.7833480834961,85.5366287231445,84.0473480224609,85.9605407714844,86.5922045596808,88.9442291259766,92.1625137329102,..,101.163200378418,104.622812990742
Solomon Islands,SLB,"Life expectancy at birth, total (years)",SP.DYN.LE00.IN,67.116,67.237,67.35,67.479,67.628,67.79,67.968,67.845,68.336,68.397,68.669,68.824,68.961,69.007,68.984,69.323
Solomon Islands,SLB,"Mortality rate, adult, female (per 1,000 female adults)",SP.DYN.AMRT.FE,169.736,169.017,168.282,167.366,166.437,165.056,163.621,166.017,160.585,159.931,158.6,158.048,158.107,159.34,159.346,158.728
Solomon Islands,SLB,"Mortality rate, adult, male (per 1,000 male adults)",SP.DYN.AMRT.MA,249.827,247.45,245.049,242.331,238.831,235.421,231.584,232.239,224.054,221.997,217.278,214.313,211.255,209.596,208.665,202.737
Solomon Islands,SLB,"Mortality rate, infant (per 1,000 live births)",SP.DYN.IMRT.IN,23.2,23,22.8,22.6,22.5,22.3,22.2,21.9,21.7,21.4,21.1,20.8,20.5,20.2,19.9,19.6
Solomon Islands,SLB,"Mortality rate, under-5 (per 1,000 live births)",SH.DYN.MORT,30.7,30.3,29.9,29.7,29.4,29.1,28.8,28.5,28.1,27.6,27.2,26.7,26.2,25.8,25.3,24.9
Solomon Islands,SLB,"Prevalence of HIV, total (% of population ages 15-49)",SH.DYN.AIDS.ZS,0.1,0.1,0.1,0.1,0.1,0.1,0.1,0.1,0.1,0.1,0.1,0.1,0.1,0.1,0.1,0.1
Solomon Islands,SLB,"Incidence of tuberculosis (per 100,000 people)",SH.TBS.INCD,86,81,70,79,90,103,94,99,95,88,79,90,79,76,70,81
Solomon Islands,SLB,Diabetes prevalence (% of population ages 20 to 79),SH.STA.DIAB.ZS,..,..,..,..,..,..,..,..,..,..,..,15.3,..,..,..,..
Solomon Islands,SLB,"Physicians (per 1,000 people)",SH.MED.PHYS.ZS,..,..,..,0.13,..,0.185,..,..,0.173,..,..,0.197,0.152,0.184,..,..
Solomon Islands,SLB,"Hospital beds (per 1,000 people)",SH.MED.BEDS.ZS,..,..,..,2.2,..,1.4,..,..,..,..,..,1.66,1.4,..,..,..
Solomon Islands,SLB,Current health expenditure (% of GDP),SH.XPD.CHEX.GD.ZS,4.82778931,6.60712814,10.10627556,7.07724714,7.72556639,9.01794529,8.00802231,7.18583059,5.50856638,6.60898542,4.66450787,5.0260191,4.87760258,4.58157206,4.89056253,4.44853306
Solomon Islands,SLB,Access to electricity (% of population),EG.ELC.ACCS.ZS,4.7,7.6,10.5,13.4,16.3,19.2,14.4,12.9,28.1,21.2,35.4,39.1,42.9,44.7,50.5,55.1
Solomon Islands,SLB,People using at least basic drinking water services (% of population),SH.H2O.BASW.ZS,78.684962029243,78.7391928680405,78.7945401018168,78.8510048244629,78.9085911691567,78.1097992602646,77.1528573983775,76.2134616420963,75.2920502593737,74.3884974390929,73.5032170030836,72.6348281309613,71.7835303579543,70.9490706970944,70.1311297445633,69.3299197692829
Solomon Islands,SLB,People using at least basic sanitation services (% of population),SH.STA.BASS.ZS,20.4349967898208,20.6250401442297,20.8190014531611,21.0168811943468,21.2186795944865,22.1330940380421,23.0582502992261,23.9943398349259,24.9420767174442,25.9006182017149,26.8706693554718,27.8486013644228,28.8349908442982,29.8293253436723,30.8310574574087,31.8407696975785
Solomon Islands,SLB,GDP per capita (current US$),NY.GDP.PCAP.CD,953.17190137706,911.791935385411,756.890296490792,895.989272661716,986.081904026618,1144.45758513252,1255.62589099975,1390.1569662696,1525.85092434029,1554.70723718073,1685.15499035363,1924.05277323978,2066.25352289833,2161.39573596215,2164.9442392168,2045.47889485251
Solomon Islands,SLB,"School enrollment, secondary (% gross)",SE.SEC.ENRR,19.1796207427979,23.1048603057861,30.1493606567383,..,..,30.6725997924805,35.7089614868164,36.7365608215332,..,..,50.952808380127,49.3238906860352,49.0498504638672,..,..,..
Spain,ESP,"Life expectancy at birth, total (years)",SP.DYN.LE00.IN,78.9658536585366,79.3682926829268,79.5682926829268,79.619512195122,79.8707317073171,80.1707317073171,80.8219512195122,80.8731707317073,81.1756097560976,81.4756097560976,81.6268292682927,82.4756097560976,82.4268292682927,83.0780487804878,83.2292682926829,82.8317073170732
Spain,ESP,"Mortality rate, adult, female (per 1,000 female adults)",SP.DYN.AMRT.FE,47.685,47.367,46.403,47.562,45.381,44.35,43.231,43.05,43.44,42.183,40.911,41.086,39.442,39.371,38.519,38.837
Spain,ESP,"Mortality rate, adult, male (per 1,000 male adults)",SP.DYN.AMRT.MA,118.721,116.551,114.494,113.835,109.517,107.352,103.369,100.531,96.788,92.228,88.989,85.896,83.213,79.599,77.539,77.049
Spain,ESP,"Mortality rate, infant (per 1,000 live births)",SP.DYN.IMRT.IN,4.4,4.2,4.1,4.1,3.9,3.8,3.7,3.6,3.4,3.3,3.2,3,2.9,2.9,2.8,2.7
Spain,ESP,"Mortality rate, under-5 (per 1,000 live births)",SH.DYN.MORT,5.4,5.3,5.1,5,4.9,4.7,4.5,4.4,4.2,4,3.8,3.7,3.6,3.5,3.4,3.3
Spain,ESP,"Prevalence of HIV, total (% of population ages 15-49)",SH.DYN.AIDS.ZS,0.5,0.5,0.5,0.5,0.5,0.5,0.5,0.4,0.4,0.4,0.4,0.4,0.4,0.4,0.4,0.4
Spain,ESP,"Incidence of tuberculosis (per 100,000 people)",SH.TBS.INCD,22,19,20,27,16,19,20,19,19,18,17,16,14,13,12,9.9
Spain,ESP,Diabetes prevalence (% of population ages 20 to 79),SH.STA.DIAB.ZS,..,..,..,..,..,..,..,..,..,..,..,6.3,..,..,..,..
Spain,ESP,"Physicians (per 1,000 people)",SH.MED.PHYS.ZS,3.122,3.127,3.126,3.22,3.441,3.543,3.623,3.559,3.544,3.597,3.758,3.836,3.825,3.812,3.802,3.847
Spain,ESP,"Hospital beds (per 1,000 people)",SH.MED.BEDS.ZS,3.63,3.57,3.52,3.43,3.4,3.34,3.29,3.25,3.2,3.16,3.11,3.05,2.99,2.96,2.97,2.98
Spain,ESP,Current health expenditure (% of GDP),SH.XPD.CHEX.GD.ZS,6.7992177,6.76895761,6.80052757,7.56327105,7.65047979,7.73974037,7.82905912,7.91865778,8.38225937,9.10764027,9.1189127,9.1679697,9.15596581,9.06588078,9.08675957,9.12383366
Spain,ESP,Access to electricity (% of population),EG.ELC.ACCS.ZS,100,100,100,100,100,100,100,100,100,100,100,100,100,100,100,100
Spain,ESP,People using at least basic drinking water services (% of population),SH.H2O.BASW.ZS,99.9999985042948,100,99.9999983048101,99.9999988900142,100,99.9999978182057,99.9999979247721,99.9999961840366,99.9999980624493,99.9999967818434,99.9999967960088,100,99.9861651953951,99.9566415144306,99.926939322694,99.9267263105102
Spain,ESP,People using at least basic sanitation services (% of population),SH.STA.BASS.ZS,99.8133758771573,99.8132400227997,99.8203708163089,99.8274296698169,99.8345118255009,99.8416095345955,99.8487334227416,99.8558753624405,99.863042128939,99.8702267149748,99.8774333450347,99.8846632633242,99.8919086034315,99.8991719521826,99.9060919461741,99.912472243595
Spain,ESP,GDP per capita (current US$),NY.GDP.PCAP.CD,14743.2671031455,15368.2337984435,17111.0685058941,21522.0170990262,24925.0267844576,26450.9530130382,28421.686527407,32652.015594702,35603.248328071,32279.8208476151,30658.7422282912,31824.6219134777,28456.4438151477,29228.846559842,29707.765509467,25982.4416197775
Spain,ESP,"School enrollment, secondary (% gross)",SE.SEC.ENRR,113.414573669434,115.331329345703,115.286270141602,114.452789306641,115.084503173828,117.570930480957,117.273666381836,117.488693237305,117.210586547852,117.357116699219,122.622512817383,126.152786254883,127.786712646484,126.716270446777,125.335800170898,124.85466003418
Sierra Leone,SLE,"Life expectancy at birth, total (years)",SP.DYN.LE00.IN,44.834,45.448,46.174,46.784,47.485,48.306,49.547,50.024,50.693,51.312,51.927,52.594,53.159,54.051,54.281,55.454
Sierra Leone,SLE,"Mortality rate, adult, female (per 1,000 female adults)",SP.DYN.AMRT.FE,391.724,386.886,382.494,377.584,371.082,362.204,341.729,339.674,335.577,331.996,329.53,325.871,322.038,312.477,312.691,295.084
Sierra Leone,SLE,"Mortality rate, adult, male (per 1,000 male adults)",SP.DYN.AMRT.MA,442.182,436.666,421.41,414.203,405.317,393.913,373.298,373.021,367.4,363.29,359.154,352.049,348.567,336.117,334.039,314.963
Sierra Leone,SLE,"Mortality rate, infant (per 1,000 live births)",SP.DYN.IMRT.IN,123.4,120.8,118.2,115.4,112.4,109.3,106,102.4,98.5,94.7,90.8,87,83.4,80,77.7,76.9
Sierra Leone,SLE,"Mortality rate, under-5 (per 1,000 live births)",SH.DYN.MORT,223.7,218.2,212.6,206.7,200.6,194.3,187.7,180.6,173.3,166,158.7,151.7,145,138.8,136.8,137.6
Sierra Leone,SLE,"Prevalence of HIV, total (% of population ages 15-49)",SH.DYN.AIDS.ZS,1.6,1.7,1.7,1.7,1.7,1.7,1.6,1.6,1.6,1.6,1.6,1.6,1.6,1.6,1.6,1.6
Sierra Leone,SLE,"Incidence of tuberculosis (per 100,000 people)",SH.TBS.INCD,305,309,311,313,314,316,317,318,318,318,317,316,314,313,310,307
Sierra Leone,SLE,Diabetes prevalence (% of population ages 20 to 79),SH.STA.DIAB.ZS,..,..,..,..,..,..,..,..,..,..,..,3.2,..,..,..,..
Sierra Leone,SLE,"Physicians (per 1,000 people)",SH.MED.PHYS.ZS,..,..,..,..,0.03,..,..,..,0.0155,..,0.021,0.025,..,..,..,..
Sierra Leone,SLE,"Hospital beds (per 1,000 people)",SH.MED.BEDS.ZS,..,..,..,..,..,..,0.4,..,..,..,..,..,..,..,..,..
Sierra Leone,SLE,Current health expenditure (% of GDP),SH.XPD.CHEX.GD.ZS,8.48961735,8.36564541,9.40313911,8.4533062,8.67061424,9.04395866,9.02353287,8.52283859,8.81158161,9.68422222,9.12688351,10.76753807,8.94355106,11.59017754,19.69004631,19.65816307
Sierra Leone,SLE,Access to electricity (% of population),EG.ELC.ACCS.ZS,7.7,8.5,9.2,9.9,16.8,11.3,12.2,13,12.1,14.6,11.5,14.2,17.2,13.5,18.8,19.7
Sierra Leone,SLE,People using at least basic drinking water services (% of population),SH.H2O.BASW.ZS,41.0842285669832,41.4103627667537,42.5175564440596,43.6249629264156,44.732540715921,45.8700983836474,47.0291549762346,48.1866496269663,49.3425067306744,50.4962996620825,51.647977765691,52.7978280289935,53.945779626201,55.0911064398499,56.234413472513,57.3753150579913
Sierra Leone,SLE,People using at least basic sanitation services (% of population),SH.STA.BASS.ZS,7.69468739920599,7.92617080881468,8.15825828538755,8.39095231627294,8.94954703702062,9.53865082527523,10.1566509069014,10.7956030782782,11.4555103768436,12.1362209658532,12.8377260886087,13.560179661658,14.3035858013974,15.067603703245,15.8525627970328,16.6582854370073
Sierra Leone,SLE,GDP per capita (current US$),NY.GDP.PCAP.CD,143.743743239644,358.315716051546,388.995111216836,413.817607346927,417.749983329227,462.633324427945,580.26796974773,631.889926264998,705.359014080005,652.845806767943,685.039673490948,761.146365577281,937.504428180231,1117.47183075115,1117.7586465721,964.575980888989
Sierra Leone,SLE,"School enrollment, secondary (% gross)",SE.SEC.ENRR,..,25.5431499481201,..,..,..,..,..,..,..,..,..,40.4235687255859,44.5522918701172,39.2237892150879,..,39.8463706970215
Sint Maarten (Dutch part),SXM,"Life expectancy at birth, total (years)",SP.DYN.LE00.IN,74.409,74.525,74.585,74.588,74.618,74.681,74.779,74.812,74.852,74.796,74.821,74.868,75.125,75.391,75.735,75.899
Sint Maarten (Dutch part),SXM,"Mortality rate, adult, female (per 1,000 female adults)",SP.DYN.AMRT.FE,83.875,82.695,81.632,80.89,79.817,78.046,76.157,74.93,73.943,73.868,73.449,72.991,70.897,68.653,66.182,65.315
Sint Maarten (Dutch part),SXM,"Mortality rate, adult, male (per 1,000 male adults)",SP.DYN.AMRT.MA,127.655,126.669,126.73,127.611,128.34,129.205,129.401,130.125,130.443,131.667,131.557,131.023,127.836,124.622,120.322,117.749
Sint Maarten (Dutch part),SXM,"Mortality rate, infant (per 1,000 live births)",SP.DYN.IMRT.IN,..,..,..,..,..,..,..,..,..,..,..,..,..,..,..,..
Sint Maarten (Dutch part),SXM,"Mortality rate, under-5 (per 1,000 live births)",SH.DYN.MORT,..,..,..,..,..,..,..,..,..,..,..,..,..,..,..,..
Sint Maarten (Dutch part),SXM,"Prevalence of HIV, total (% of population ages 15-49)",SH.DYN.AIDS.ZS,..,..,..,..,..,..,..,..,..,..,..,..,..,..,..,..
Sint Maarten (Dutch part),SXM,"Incidence of tuberculosis (per 100,000 people)",SH.TBS.INCD,..,..,..,..,..,..,..,..,..,..,10,6.7,3.3,6.4,0,6.1
Sint Maarten (Dutch part),SXM,Diabetes prevalence (% of population ages 20 to 79),SH.STA.DIAB.ZS,..,..,..,..,..,..,..,..,..,..,..,..,..,..,..,..
Sint Maarten (Dutch part),SXM,"Physicians (per 1,000 people)",SH.MED.PHYS.ZS,..,..,..,..,..,..,..,..,..,..,..,..,..,..,..,..
Sint Maarten (Dutch part),SXM,"Hospital beds (per 1,000 people)",SH.MED.BEDS.ZS,..,..,..,..,..,..,..,..,..,..,..,..,..,..,..,..
Sint Maarten (Dutch part),SXM,Current health expenditure (% of GDP),SH.XPD.CHEX.GD.ZS,..,..,..,..,..,..,..,..,..,..,..,..,..,..,..,..
Sint Maarten (Dutch part),SXM,Access to electricity (% of population),EG.ELC.ACCS.ZS,100,99.9,99.9,99.8,99.8,99.7,99.7,99.7,99.7,99.7,100,100,100,100,100,100
Sint Maarten (Dutch part),SXM,People using at least basic drinking water services (% of population),SH.H2O.BASW.ZS,96.5385136863648,96.4441033512408,96.3496930161167,96.2552826809926,96.1608723458685,96.0664620107445,95.9720516756204,95.8776413404963,95.7832310053722,95.6888206702482,95.5944103351241,95.5,95.4055896648759,95.3111793297519,95.3111793297519,95.3111793297519
Sint Maarten (Dutch part),SXM,People using at least basic sanitation services (% of population),SH.STA.BASS.ZS,98.3844236135577,98.4149315325455,98.4454394515333,98.4759473705211,98.5064552895088,98.5369632084966,98.5674711274844,98.5979790464721,98.6284869654599,98.6589948844477,98.6895028034355,98.7200107224233,98.750518641411,98.7810265603988,98.7810265603988,98.7810265603988
Sint Maarten (Dutch part),SXM,GDP per capita (current US$),NY.GDP.PCAP.CD,..,..,..,..,..,..,..,..,..,25528.412619483,26403.8143692163,27317.5178881974,28149.0997855041,28529.7324687053,37134.912423099,37839.6283815163
Sint Maarten (Dutch part),SXM,"School enrollment, secondary (% gross)",SE.SEC.ENRR,..,..,..,..,..,..,..,..,..,..,..,..,118.293650793651,..,111.371100164204,..
Slovenia,SVN,"Life expectancy at birth, total (years)",SP.DYN.LE00.IN,75.4121951219512,75.7585365853659,76.0073170731707,76.8585365853659,77.2073170731707,77.6121951219512,78.0865853658537,78.5609756097561,78.7658536585366,78.9707317073171,79.4219512195122,79.9707317073171,80.1243902439024,80.3219512195122,81.0780487804878,80.7756097560976
Slovenia,SVN,"Mortality rate, adult, female (per 1,000 female adults)",SP.DYN.AMRT.FE,73.562,73.503,68.804,68.869,70.931,63.55,56.615,58.43,54.831,53.545,51.815,51.367,50.943,48.585,43.961,45.527
Slovenia,SVN,"Mortality rate, adult, male (per 1,000 male adults)",SP.DYN.AMRT.MA,168.105,170.244,161.651,166.365,152.943,140.076,148.874,139.605,133.547,124.194,120.569,111.445,110.594,106.14,94.604,101.185
Slovenia,SVN,"Mortality rate, infant (per 1,000 live births)",SP.DYN.IMRT.IN,4.5,4.3,4.1,3.9,3.7,3.5,3.3,3.1,2.9,2.8,2.6,2.5,2.4,2.3,2.2,2.1
Slovenia,SVN,"Mortality rate, under-5 (per 1,000 live births)",SH.DYN.MORT,5.4,5.2,4.9,4.7,4.4,4.2,4,3.8,3.6,3.4,3.2,3.1,2.9,2.8,2.7,2.6
Slovenia,SVN,"Prevalence of HIV, total (% of population ages 15-49)",SH.DYN.AIDS.ZS,0.1,0.1,0.1,0.1,0.1,0.1,0.1,0.1,0.1,0.1,0.1,0.1,0.1,0.1,0.1,0.1
Slovenia,SVN,"Incidence of tuberculosis (per 100,000 people)",SH.TBS.INCD,21,21,20,16,14,15,12,12,12,11,9.5,10,7.5,7.8,7.9,7.2
Slovenia,SVN,Diabetes prevalence (% of population ages 20 to 79),SH.STA.DIAB.ZS,..,..,..,..,..,..,..,..,..,..,..,7.5,..,..,..,..
Slovenia,SVN,"Physicians (per 1,000 people)",SH.MED.PHYS.ZS,2.156,2.182,2.238,2.254,2.298,2.34,2.354,2.379,2.386,2.403,2.42,2.479,2.526,2.613,2.753,2.802
Slovenia,SVN,"Hospital beds (per 1,000 people)",SH.MED.BEDS.ZS,5.41,5.19,5.12,4.97,4.8,4.82,4.75,4.65,4.71,4.59,4.55,4.6,4.52,4.52,4.51,4.48
Slovenia,SVN,Current health expenditure (% of GDP),SH.XPD.CHEX.GD.ZS,7.80406952,7.87602425,8.02119827,8.09883499,7.93957281,7.99595737,7.82322693,7.51139164,7.85466576,8.54080105,8.56503296,8.53639603,8.71509933,8.74028301,8.50197601,8.49823952
Slovenia,SVN,Access to electricity (% of population),EG.ELC.ACCS.ZS,100,100,100,100,100,100,100,100,100,100,100,100,100,100,100,100
Slovenia,SVN,People using at least basic drinking water services (% of population),SH.H2O.BASW.ZS,99.5,99.5,99.5,99.5,99.5,99.5,99.5,99.5,99.5,99.5,99.5,99.5,99.5,99.5,99.5,99.5
Slovenia,SVN,People using at least basic sanitation services (% of population),SH.STA.BASS.ZS,99.1116751269035,99.1116751269035,99.1116751269035,99.1116751269035,99.1116751269035,99.1116751269035,99.1116751269035,99.0583073018352,99.0049394767669,98.9515716516986,98.8982038266302,98.8448360015619,98.7914681764936,98.7381003514252,98.6847325263569,98.6313647012886
Slovenia,SVN,GDP per capita (current US$),NY.GDP.PCAP.CD,10135.7219109212,10375.6255869861,11639.1297780477,14711.674874253,17103.8297783905,17969.7095907161,19563.005059144,23725.1596001515,27461.9764165315,24501.7897290425,23329.8417691156,24940.6284841605,22442.1417859955,23236.9655321695,24013.0682060959,20697.2748530619
Slovenia,SVN,"School enrollment, secondary (% gross)",SE.SEC.ENRR,102.752769470215,108.754692077637,109.761543273926,111.062507629395,98.896858215332,98.4314880371094,97.2324523925781,99.2364883422852,99.93359375,98.9675598144531,98.5378189086914,98.4782180786133,98.1137313842773,110.558929443359,110.182746887207,109.655220031738
"Somalia, Fed. Rep.",SOM,"Life expectancy at birth, total (years)",SP.DYN.LE00.IN,50.747,50.829,50.82,50.721,50.685,50.894,50.915,50.885,51.456,52.101,48.9,32.453,49.138,54.016,54.442,55.056
"Somalia, Fed. Rep.",SOM,"Mortality rate, adult, female (per 1,000 female adults)",SP.DYN.AMRT.FE,317.18,315.801,315.984,316.362,316.774,314.523,313.606,314.486,307.832,302.406,325.334,478.754,321.376,282.411,277.053,271.574
"Somalia, Fed. Rep.",SOM,"Mortality rate, adult, male (per 1,000 male adults)",SP.DYN.AMRT.MA,370.289,369.02,369.171,373.576,375.86,372.144,376.615,381.033,374.259,362.82,406.816,568.469,402.052,354.941,356.871,349.066
"Somalia, Fed. Rep.",SOM,"Mortality rate, infant (per 1,000 live births)",SP.DYN.IMRT.IN,104.3,104.3,104.3,104.3,104.3,104.2,103.8,102.8,101,98.9,112.9,215.7,112.4,89,86.3,84.1
"Somalia, Fed. Rep.",SOM,"Mortality rate, under-5 (per 1,000 live births)",SH.DYN.MORT,172.3,172.3,172.3,172.3,172.3,172.3,171.5,169.7,166.1,161.8,185.9,358.5,184.1,142.6,137.8,133.6
"Somalia, Fed. Rep.",SOM,"Prevalence of HIV, total (% of population ages 15-49)",SH.DYN.AIDS.ZS,0.3,0.3,0.2,0.2,0.2,0.2,0.2,0.2,0.2,0.2,0.1,0.1,0.1,0.1,0.1,0.1
"Somalia, Fed. Rep.",SOM,"Incidence of tuberculosis (per 100,000 people)",SH.TBS.INCD,285,285,285,285,285,285,285,285,286,286,286,286,286,285,274,274
"Somalia, Fed. Rep.",SOM,Diabetes prevalence (% of population ages 20 to 79),SH.STA.DIAB.ZS,..,..,..,..,..,..,..,..,..,..,..,4.3,..,..,..,..
"Somalia, Fed. Rep.",SOM,"Physicians (per 1,000 people)",SH.MED.PHYS.ZS,..,..,..,..,..,..,0.028,..,..,..,..,..,..,..,0.023,..
"Somalia, Fed. Rep.",SOM,"Hospital beds (per 1,000 people)",SH.MED.BEDS.ZS,0.42,0.42,0.42,0.42,0.42,..,..,..,..,..,..,..,..,0.87,0.87,0.87
"Somalia, Fed. Rep.",SOM,Current health expenditure (% of GDP),SH.XPD.CHEX.GD.ZS,..,..,..,..,..,..,..,..,..,..,..,..,..,2.81839299,2.71561337,2.84291959
"Somalia, Fed. Rep.",SOM,Access to electricity (% of population),EG.ELC.ACCS.ZS,2.1,4.7,7.4,9.8,12.4,15,15.2,20.2,22.9,25.5,52.3,52,51.8,51.5,51.4,51.2
"Somalia, Fed. Rep.",SOM,People using at least basic drinking water services (% of population),SH.H2O.BASW.ZS,23.6610819474626,25.2286233809906,26.7933023922756,28.558900212681,30.3199382673539,32.0742165756556,33.8236567371781,33.8259720748513,35.9803347703058,38.1285200472098,40.2719607819724,42.4072533213505,43.9918244098396,45.5701508813665,47.1431300807388,48.7111537627703
"Somalia, Fed. Rep.",SOM,People using at least basic sanitation services (% of population),SH.STA.BASS.ZS,20.1733167532809,20.7761391697188,21.3784748879467,22.1313670556235,22.8842980952684,23.8652176326583,24.8631121298856,24.5603910525818,25.9004894447363,27.2576473800704,28.6319061876703,30.019583172106,31.0042753299932,32.0009864400542,33.0100122948314,34.0312589877704
"Somalia, Fed. Rep.",SOM,GDP per capita (current US$),NY.GDP.PCAP.CD,386.119274401275,244.914842538455,229.598918310039,286.273025198975,375.410326225387,439.979907805478,457.996662206659,479.635628065289,507.03744334738,246.513251675105,219.202453852397,235.325945610434,350.261946720512,393.398703952979,429.431656725102,445.583080073396
"Somalia, Fed. Rep.",SOM,"School enrollment, secondary (% gross)",SE.SEC.ENRR,..,..,..,..,..,..,..,6.01468992233276,..,..,..,..,..,..,..,..
South Sudan,SSD,"Life expectancy at birth, total (years)",SP.DYN.LE00.IN,47.591,48.55,49.394,52.324,53.052,53.965,54.653,55.425,56.28,56.848,57.485,57.674,58.241,58.285,45.625,39.757
South Sudan,SSD,"Mortality rate, adult, female (per 1,000 female adults)",SP.DYN.AMRT.FE,374.714,366.097,360.743,321.317,317.175,308.048,300.088,292.191,281.858,276.073,268.794,264.651,259.633,257.699,354.298,407.861
South Sudan,SSD,"Mortality rate, adult, male (per 1,000 male adults)",SP.DYN.AMRT.MA,417.382,407.514,397.932,341.817,336.078,328.301,326.141,320.622,314.109,311.418,306.579,313.465,305.432,310.147,516.649,585.629
South Sudan,SSD,"Mortality rate, infant (per 1,000 live births)",SP.DYN.IMRT.IN,118.5,114,109.6,105.1,100.8,96.6,92.6,89,85.5,82.1,79,76.1,74,72.9,117.7,148.5
South Sudan,SSD,"Mortality rate, under-5 (per 1,000 live births)",SH.DYN.MORT,182.7,173.8,165.1,156.5,148.4,140.8,133.5,127,120.6,114.7,109.4,104.5,100.9,99.2,182.3,236.6
South Sudan,SSD,"Prevalence of HIV, total (% of population ages 15-49)",SH.DYN.AIDS.ZS,2.4,2.4,2.5,2.5,2.5,2.4,2.4,2.3,2.3,2.2,2.2,2.1,2.1,2,2,2
South Sudan,SSD,"Incidence of tuberculosis (per 100,000 people)",SH.TBS.INCD,..,..,..,..,..,..,..,..,..,..,..,227,227,227,227,227
South Sudan,SSD,Diabetes prevalence (% of population ages 20 to 79),SH.STA.DIAB.ZS,..,..,..,..,..,..,..,..,..,..,..,..,..,..,..,..
South Sudan,SSD,"Physicians (per 1,000 people)",SH.MED.PHYS.ZS,..,..,..,..,..,..,..,..,..,..,..,..,..,..,..,..
South Sudan,SSD,"Hospital beds (per 1,000 people)",SH.MED.BEDS.ZS,..,..,..,..,..,..,..,..,..,..,..,..,..,..,..,..
South Sudan,SSD,Current health expenditure (% of GDP),SH.XPD.CHEX.GD.ZS,..,..,..,..,..,..,..,..,..,..,..,..,..,..,..,..
South Sudan,SSD,Access to electricity (% of population),EG.ELC.ACCS.ZS,..,..,..,..,..,..,..,0.8,1.3,3,1.5,2.8,3.3,3.8,4.3,4.8
South Sudan,SSD,People using at least basic drinking water services (% of population),SH.H2O.BASW.ZS,..,..,..,..,..,..,..,..,..,..,..,41.163221709148,41.2371967696352,41.2746937323888,41.2773829299588,41.2475085031689
South Sudan,SSD,People using at least basic sanitation services (% of population),SH.STA.BASS.ZS,..,..,..,..,..,..,..,..,..,..,..,6.86818715091659,7.8023782873843,8.78381166341978,9.81375490168788,10.8939961029361
South Sudan,SSD,GDP per capita (current US$),NY.GDP.PCAP.CD,..,..,..,..,..,..,..,..,1654.21153546555,1323.22068747862,1498.27034985194,1448.98435006408,1109.26050083408,1650.18943353528,1242.73450181032,1080.14718624765
South Sudan,SSD,"School enrollment, secondary (% gross)",SE.SEC.ENRR,..,..,..,..,..,..,..,..,..,..,..,10.8023195266724,..,..,..,11.5348100662231
Sri Lanka,LKA,"Life expectancy at birth, total (years)",SP.DYN.LE00.IN,71.179,71.804,72.271,72.442,68.022,73.073,72.825,72.983,72.556,70.298,74.463,74.74,75.187,75.546,75.757,75.99
Sri Lanka,LKA,"Mortality rate, adult, female (per 1,000 female adults)",SP.DYN.AMRT.FE,91.015,88.73,86.295,87.118,156.949,83.528,83.41,82.031,80.51,99.972,73.798,72.729,70.402,67.996,66.179,64.47
Sri Lanka,LKA,"Mortality rate, adult, male (per 1,000 male adults)",SP.DYN.AMRT.MA,245.601,227.599,217.328,212.419,252.386,202.607,217.215,216.034,241.268,268.235,181.58,176.009,167.921,162.232,159.64,155.948
Sri Lanka,LKA,"Mortality rate, infant (per 1,000 live births)",SP.DYN.IMRT.IN,13,12.7,12.4,12.1,16.7,11.2,10.7,10.2,9.7,13,9.1,8.9,8.5,8.1,7.7,7.4
Sri Lanka,LKA,"Mortality rate, under-5 (per 1,000 live births)",SH.DYN.MORT,16.3,15.8,15.5,15.2,28.8,14,13.3,12.6,12,20.8,11.2,10.8,10.3,9.8,9.2,8.7
Sri Lanka,LKA,"Prevalence of HIV, total (% of population ages 15-49)",SH.DYN.AIDS.ZS,0.1,0.1,0.1,0.1,0.1,0.1,0.1,0.1,0.1,0.1,0.1,0.1,0.1,0.1,0.1,0.1
Sri Lanka,LKA,"Incidence of tuberculosis (per 100,000 people)",SH.TBS.INCD,66,66,66,66,66,66,66,66,66,66,66,66,66,66,65,65
Sri Lanka,LKA,Diabetes prevalence (% of population ages 20 to 79),SH.STA.DIAB.ZS,..,..,..,..,..,..,..,..,..,..,..,7.5,..,..,..,..
Sri Lanka,LKA,"Physicians (per 1,000 people)",SH.MED.PHYS.ZS,0.424,0.443,..,..,0.538,0.518,0.517,0.549,0.615,0.671,0.71,0.723,0.747,0.781,0.819,0.845
Sri Lanka,LKA,"Hospital beds (per 1,000 people)",SH.MED.BEDS.ZS,3.04,3.13,3,3.19,2.95,3.13,3.37,3.42,3.35,3.46,3.51,3.54,3.62,3.7,3.77,3.78
Sri Lanka,LKA,Current health expenditure (% of GDP),SH.XPD.CHEX.GD.ZS,4.10818672,4.05662823,4.03715754,3.64646697,4.03912592,3.87908745,3.85019565,3.82258177,3.85482955,4.05676842,3.7414515,3.5819521,3.30659294,3.69365358,3.46786141,3.6826396
Sri Lanka,LKA,Access to electricity (% of population),EG.ELC.ACCS.ZS,70.3,63.6,80.7,75,76.5,78.1,82.1,80,82.9,87.1,85.3,87.8,87,90.2,92.7,94.3
Sri Lanka,LKA,People using at least basic drinking water services (% of population),SH.H2O.BASW.ZS,82.8471911815725,83.1320139640829,83.4208660285123,83.7098653157554,83.998883048266,84.2877818898964,84.5768309160413,84.8657653303278,85.154847451454,85.443942941037,85.7329214269344,86.0220420028487,86.3111826376504,86.6023981319846,86.8957412152415,87.1911327903211
Sri Lanka,LKA,People using at least basic sanitation services (% of population),SH.STA.BASS.ZS,76.7684658952961,77.5652286823631,78.3653912595739,79.1689156040994,79.9758261581763,80.7861295819782,81.5998067218221,82.4168766654693,83.2373247029462,84.0611568261912,84.8883738090123,85.7189721476393,86.5529633528261,87.3903117492911,88.2310734180326,89.0752990733061
Sri Lanka,LKA,GDP per capita (current US$),NY.GDP.PCAP.CD,846.460813304966,803.544026627385,834.936014905338,946.382255128072,1028.62068132555,1207.21994764165,1389.50625583936,1578.63451125392,1973.58476901287,2026.65939950702,2808.36779237408,3224.95736331928,3327.77612404326,3740.61589348326,3971.91913148166,4057.7158346231
Sri Lanka,LKA,"School enrollment, secondary (% gross)",SE.SEC.ENRR,..,..,..,..,..,..,..,..,..,..,92.3497085571289,94.108642578125,94.6744689941406,95.1442636196356,93.4926277980089,94.4516928962286
St. Kitts and Nevis,KNA,"Life expectancy at birth, total (years)",SP.DYN.LE00.IN,69.249,69.767,70.194,70.614,70.92,71.151,71.356,71.437,71.479,71.488,71.452,71.4,71.362,71.29,71.228,71.211
St. Kitts and Nevis,KNA,"Mortality rate, adult, female (per 1,000 female adults)",SP.DYN.AMRT.FE,148.078,137.251,130.111,123.511,120.265,118.935,117.05,116.26,117.072,117.373,117.403,117.357,116.34,114.774,113.213,111.363
St. Kitts and Nevis,KNA,"Mortality rate, adult, male (per 1,000 male adults)",SP.DYN.AMRT.MA,240.012,233.677,227.682,221.677,216.489,211.816,208.661,207.686,206.346,206.14,207.537,209.415,212.058,216.31,220.723,224.111
St. Kitts and Nevis,KNA,"Mortality rate, infant (per 1,000 live births)",SP.DYN.IMRT.IN,20.2,19.4,18.6,17.9,17.3,16.8,16.4,16.2,16.1,16.1,16.1,16.3,16.5,16.7,16.9,16.9
St. Kitts and Nevis,KNA,"Mortality rate, under-5 (per 1,000 live births)",SH.DYN.MORT,23.9,22.9,22,21.1,20.3,19.7,19.2,18.9,18.8,18.7,18.8,18.9,19.1,19.3,19.5,19.4
St. Kitts and Nevis,KNA,"Prevalence of HIV, total (% of population ages 15-49)",SH.DYN.AIDS.ZS,0.4,0.4,0.4,0.4,0.4,0.4,0.4,0.4,0.5,0.5,0.5,0.5,0.5,0.6,0.6,0.6
St. Kitts and Nevis,KNA,"Incidence of tuberculosis (per 100,000 people)",SH.TBS.INCD,0,5,7.5,2.5,5,0,2.5,9.8,12,9.8,4.9,2.5,4.9,0,17,4.9
St. Kitts and Nevis,KNA,Diabetes prevalence (% of population ages 20 to 79),SH.STA.DIAB.ZS,12.1,..,..,..,..,..,..,..,..,..,..,8.5,..,..,..,..
St. Kitts and Nevis,KNA,"Physicians (per 1,000 people)",SH.MED.PHYS.ZS,..,1.065,..,..,..,..,..,..,..,..,..,..,..,..,..,2.866
St. Kitts and Nevis,KNA,"Hospital beds (per 1,000 people)",SH.MED.BEDS.ZS,..,4.3,5.5,5.5,6,5.7,..,..,5.5,6,4.8,5.02,5.01,5,5,5
St. Kitts and Nevis,KNA,Current health expenditure (% of GDP),SH.XPD.CHEX.GD.ZS,4.79933786,4.39693737,4.45210552,4.75159693,4.49067402,4.72803831,4.98203421,4.79733467,5.30566025,5.28673744,5.2136941,5.1628871,5.01447868,5.04856586,4.75037622,5.12590599
St. Kitts and Nevis,KNA,Access to electricity (% of population),EG.ELC.ACCS.ZS,95.4,93.5,95.8,96,96.3,96.5,96.7,97,97.3,97.6,99.8,100,100,100,100,100
St. Kitts and Nevis,KNA,People using at least basic drinking water services (% of population),SH.H2O.BASW.ZS,98.4498940767374,98.4623525425581,98.4748110083788,98.4872694741995,98.4997279400202,98.5121864058409,98.5246448716616,98.5371033374823,98.549561803303,98.5620202691237,98.5744787349444,98.5869372007651,98.5993956665858,98.6118541324065,98.6118541324065,98.6118541324065
St. Kitts and Nevis,KNA,People using at least basic sanitation services (% of population),SH.STA.BASS.ZS,86.4508633800915,87.1049196213683,87.7589758626448,88.4130321039216,89.0670883451984,89.7211445864751,90.3752008277517,91.0292570690285,91.6833133103052,92.337369551582,92.9914257928585,93.6454820341353,94.2995382754121,94.9535945166888,94.9535945166888,94.9535945166888
St. Kitts and Nevis,KNA,GDP per capita (current US$),NY.GDP.PCAP.CD,9319.65545093525,10022.5919235637,10453.6587064313,10175.6295449989,10944.6183741768,11783.7867154145,13837.8495311219,14757.9579751035,16604.9448615905,16503.4119292794,16622.9457908577,17832.4572919975,17532.0559008608,18580.1301949935,20219.3954237956,20328.8003530109
St. Kitts and Nevis,KNA,"School enrollment, secondary (% gross)",SE.SEC.ENRR,105.416763305664,94.4978179931641,92.0138931274414,89.5737686157227,86.9458694458008,90.2405471801758,..,110.051109313965,109.900001525879,108.54093170166,109.923469543457,109.116302490234,92.2169189453125,121.377906799316,113.12451171875,115.485420227051
St. Martin (French part),MAF,"Life expectancy at birth, total (years)",SP.DYN.LE00.IN,76.793,77.009,77.219,77.419,77.612,77.802,77.989,78.16,78.326,78.513,78.752,79.016,79.302,79.528,79.727,79.829
St. Martin (French part),MAF,"Mortality rate, adult, female (per 1,000 female adults)",SP.DYN.AMRT.FE,53.572,52.405,51.328,50.31,49.313,48.334,47.395,46.381,45.415,44.551,43.507,42.307,41.296,40.255,39.079,38.313
St. Martin (French part),MAF,"Mortality rate, adult, male (per 1,000 male adults)",SP.DYN.AMRT.MA,114.582,112.088,109.65,107.269,104.944,102.691,100.524,98.804,97.122,95.027,92.525,90.117,87.129,85.207,83.88,83.529
St. Martin (French part),MAF,"Mortality rate, infant (per 1,000 live births)",SP.DYN.IMRT.IN,..,..,..,..,..,..,..,..,..,..,..,..,..,..,..,..
St. Martin (French part),MAF,"Mortality rate, under-5 (per 1,000 live births)",SH.DYN.MORT,..,..,..,..,..,..,..,..,..,..,..,..,..,..,..,..
St. Martin (French part),MAF,"Prevalence of HIV, total (% of population ages 15-49)",SH.DYN.AIDS.ZS,..,..,..,..,..,..,..,..,..,..,..,..,..,..,..,..
St. Martin (French part),MAF,"Incidence of tuberculosis (per 100,000 people)",SH.TBS.INCD,..,..,..,..,..,..,..,..,..,..,..,..,..,..,..,..
St. Martin (French part),MAF,Diabetes prevalence (% of population ages 20 to 79),SH.STA.DIAB.ZS,..,..,..,..,..,..,..,..,..,..,..,..,..,..,..,..
St. Martin (French part),MAF,"Physicians (per 1,000 people)",SH.MED.PHYS.ZS,..,..,..,..,..,..,..,..,..,..,..,..,..,..,..,..
St. Martin (French part),MAF,"Hospital beds (per 1,000 people)",SH.MED.BEDS.ZS,..,..,..,..,..,..,..,..,..,..,..,..,..,..,..,..
St. Martin (French part),MAF,Current health expenditure (% of GDP),SH.XPD.CHEX.GD.ZS,..,..,..,..,..,..,..,..,..,..,..,..,..,..,..,..
St. Martin (French part),MAF,Access to electricity (% of population),EG.ELC.ACCS.ZS,100,99.9,99.9,99.8,99.8,99.7,99.7,99.7,99.7,99.7,100,100,100,100,100,100
St. Martin (French part),MAF,People using at least basic drinking water services (% of population),SH.H2O.BASW.ZS,100,100,100,100,100,100,100,100,100,100,99.9983257913508,99.991781067161,99.9852363429713,99.9786916187815,99.9721468945918,99.965602170402
St. Martin (French part),MAF,People using at least basic sanitation services (% of population),SH.STA.BASS.ZS,99.1097890854245,99.1097890854245,99.1097890854245,99.1097890854245,99.1097890854245,99.1703990033628,99.2310089213011,99.2916188392394,99.3522287571777,99.4128386751159,99.4734485930542,99.5340585109925,99.5946684289308,99.6552783468691,99.7158882648074,99.7764981827456
St. Martin (French part),MAF,GDP per capita (current US$),NY.GDP.PCAP.CD,..,..,..,..,..,..,..,..,..,..,..,20930.5850690939,..,..,20638.765189511,..
St. Martin (French part),MAF,"School enrollment, secondary (% gross)",SE.SEC.ENRR,..,..,..,..,..,..,..,..,..,..,..,..,..,..,..,..
Sudan,SDN,"Life expectancy at birth, total (years)",SP.DYN.LE00.IN,58.946,59.264,59.308,58.319,56.773,57.226,60.4,61.442,61.261,62.676,62.979,63.181,63.427,63.443,63.99,64.375
Sudan,SDN,"Mortality rate, adult, female (per 1,000 female adults)",SP.DYN.AMRT.FE,232.115,227.955,224.817,231.531,242.285,239.645,214.976,207.221,207.649,196.007,193.754,191.912,189.048,186.119,181.905,178.121
Sudan,SDN,"Mortality rate, adult, male (per 1,000 male adults)",SP.DYN.AMRT.MA,311.363,312.835,322.278,349.811,392.058,381.737,312.308,292.647,302.458,275.16,272.359,272.827,271.922,281.634,270.247,265.282
Sudan,SDN,"Mortality rate, infant (per 1,000 live births)",SP.DYN.IMRT.IN,70.8,68.9,66.9,65,68.2,66.8,59.9,58.4,57,55.7,54.5,53.4,52.3,51.3,50.1,49
Sudan,SDN,"Mortality rate, under-5 (per 1,000 live births)",SH.DYN.MORT,103.4,99.9,96.5,93.1,102.6,100.1,84,81.3,78.8,76.4,74.2,72.2,70.2,68.3,66.4,64.5
Sudan,SDN,"Prevalence of HIV, total (% of population ages 15-49)",SH.DYN.AIDS.ZS,0.1,0.1,0.1,0.1,0.1,0.1,0.1,0.1,0.1,0.1,0.1,0.1,0.1,0.1,0.1,0.1
Sudan,SDN,"Incidence of tuberculosis (per 100,000 people)",SH.TBS.INCD,148,139,139,138,142,143,146,144,116,121,119,105,103,100,94,88
Sudan,SDN,Diabetes prevalence (% of population ages 20 to 79),SH.STA.DIAB.ZS,..,..,..,..,..,..,..,..,..,..,..,8.6,..,..,..,..
Sudan,SDN,"Physicians (per 1,000 people)",SH.MED.PHYS.ZS,0.158,..,..,..,0.262,..,0.365,0.364,0.337,..,..,..,..,..,..,0.415
Sudan,SDN,"Hospital beds (per 1,000 people)",SH.MED.BEDS.ZS,0.81,0.74,0.73,0.73,0.71,0.72,0.73,0.76,0.73,0.73,0.72,0.84,0.82,0.82,0.8,0.67
Sudan,SDN,Current health expenditure (% of GDP),SH.XPD.CHEX.GD.ZS,3.60664487,3.36456871,3.30010891,3.89187932,4.15593481,4.09418154,4.88544321,5.66269159,5.42313576,6.39496326,5.05810165,5.61579561,5.68827009,6.96487474,5.67619705,5.81112576
Sudan,SDN,Access to electricity (% of population),EG.ELC.ACCS.ZS,23,29.4,29.7,29.9,30.2,30.5,30.8,31.1,20,29,36,38.3,40.7,43.1,44.9,48
Sudan,SDN,People using at least basic drinking water services (% of population),SH.H2O.BASW.ZS,44.6474372791814,44.6614226219873,44.6754074159875,44.6893905938749,44.7033753195238,45.8190395908666,46.9340172529745,48.048310173272,49.1619183582309,50.2797012285527,51.4014783358851,52.5268264920193,53.6551016203775,54.786102248502,55.9192043089609,57.0543889684013
Sudan,SDN,People using at least basic sanitation services (% of population),SH.STA.BASS.ZS,20.5919421717055,20.6075711280017,20.62319953674,20.6388274346006,20.654455969097,21.8517553278988,23.0494722107367,24.3296017337058,25.6176055136201,26.9201924275394,28.2380452033028,29.5715496150198,30.9207582195754,32.2863939533756,33.6685183809857,35.0682362613739
Sudan,SDN,GDP per capita (current US$),NY.GDP.PCAP.CD,362.116882324219,451.293304443359,506.262634277344,580.320251464844,705.113342285156,905.543640136719,1132.474609375,1444.37219238281,1527.58239746094,1178.22180175781,1305.63598632813,1332.6572265625,1019.22210693359,1138.62780761719,1275.43835449219,1292.37963867188
Sudan,SDN,"School enrollment, secondary (% gross)",SE.SEC.ENRR,..,32.2981796264648,32.1063385009766,33.3529090881348,36.5913009643555,36.3686599731445,34.6569290161133,33.9691314697266,35.8935012817383,39.4921493530273,39.6667785644531,35.2129783630371,38.7272605895996,40.9434089660645,42.046989440918,42.5230712890625
Sweden,SWE,"Life expectancy at birth, total (years)",SP.DYN.LE00.IN,79.6439024390244,79.7951219512195,79.8463414634146,80.0951219512195,80.4975609756098,80.5463414634146,80.7487804878049,80.9,81.1,81.3512195121951,81.4512195121951,81.8024390243903,81.7048780487805,81.9560975609756,82.2536585365854,82.2048780487805
Sweden,SWE,"Mortality rate, adult, female (per 1,000 female adults)",SP.DYN.AMRT.FE,56.208,54.738,53.316,52.088,50.547,51.076,49.434,47.552,47.389,46.728,43.121,43.573,43.703,43.703,42.586,39.95
Sweden,SWE,"Mortality rate, adult, male (per 1,000 male adults)",SP.DYN.AMRT.MA,87.232,87.822,84.604,82.312,81.84,79.604,77.773,77.631,75.892,74.488,71.863,70.821,68.068,67.302,66.376,66.933
Sweden,SWE,"Mortality rate, infant (per 1,000 live births)",SP.DYN.IMRT.IN,3.4,3.3,3.3,3.2,3.1,3,2.8,2.7,2.6,2.6,2.5,2.5,2.4,2.4,2.4,2.3
Sweden,SWE,"Mortality rate, under-5 (per 1,000 live births)",SH.DYN.MORT,4.1,4,4,3.9,3.7,3.6,3.5,3.3,3.2,3.1,3.1,3,3,2.9,2.9,2.9
Sweden,SWE,"Prevalence of HIV, total (% of population ages 15-49)",SH.DYN.AIDS.ZS,0.1,0.1,0.1,0.1,0.1,0.1,0.1,0.1,0.1,0.1,0.1,0.1,0.1,0.1,0.1,0.1
Sweden,SWE,"Incidence of tuberculosis (per 100,000 people)",SH.TBS.INCD,5.4,5.1,4.8,5.1,5.5,6.9,6.2,5.8,6.4,7.1,7.5,6.5,7.2,7.3,7.5,9.2
Sweden,SWE,Diabetes prevalence (% of population ages 20 to 79),SH.STA.DIAB.ZS,..,..,..,..,..,..,..,..,..,..,..,4.2,..,..,..,..
Sweden,SWE,"Physicians (per 1,000 people)",SH.MED.PHYS.ZS,3.026,3.121,3.212,3.282,3.369,3.445,3.533,3.619,3.677,3.748,3.806,3.881,3.952,4.023,4.087,4.153
Sweden,SWE,"Hospital beds (per 1,000 people)",SH.MED.BEDS.ZS,3.58,3.27,3.13,3.05,3.01,2.93,2.88,2.86,2.8,2.76,2.73,2.7,2.65,2.58,2.52,2.43
Sweden,SWE,Current health expenditure (% of GDP),SH.XPD.CHEX.GD.ZS,7.32689953,7.90032959,8.21006203,8.31724644,8.1296196,8.1508379,8.05226612,7.99607754,8.20824242,8.77037907,8.31963825,10.41646671,10.7351532,10.90491486,10.9479475,10.80418396
Sweden,SWE,Access to electricity (% of population),EG.ELC.ACCS.ZS,100,100,100,100,100,100,100,100,100,100,100,100,100,100,100,100
Sweden,SWE,People using at least basic drinking water services (% of population),SH.H2O.BASW.ZS,99.4807523698333,99.4932128371594,99.5058212956933,99.5183735264399,99.5308577359244,99.5432668281799,99.5560777778459,99.5691927538968,99.5821455649092,99.5949288035444,99.6075336874398,99.6205707167792,99.6338807340891,99.6468240649313,99.6594134102182,99.6716730402795
Sweden,SWE,People using at least basic sanitation services (% of population),SH.STA.BASS.ZS,99.2070975225057,99.193166205897,99.177421446522,99.1616384999579,99.1458237487489,99.1299694658713,99.1141273291373,99.0982564446482,99.0822922746315,99.0662426749264,99.0500976840453,99.0338223555412,99.0173494884618,99.0006982963086,98.9838638258218,98.9668669088397
Sweden,SWE,GDP per capita (current US$),NY.GDP.PCAP.CD,29632.7736101599,27259.4806735435,29957.9387652616,37292.4214343004,42758.2015503417,43378.6152117149,46531.6001120572,53568.5645523213,55817.4392710726,46707.8673215418,52542.8274141037,60379.7748160321,57749.8251328664,60844.2767113975,59583.7140001673,51197.9529341175
Sweden,SWE,"School enrollment, secondary (% gross)",SE.SEC.ENRR,151.756378173828,147.903442382812,144.218505859375,136.474304199219,101.425491333008,101.482162475586,101.204086303711,100.998710632324,101.521087646484,101.434310913086,102.25106048584,102.14037322998,103.106872558594,132.713500976562,133.660247802734,137.462966918945
Syrian Arab Republic,SYR,"Life expectancy at birth, total (years)",SP.DYN.LE00.IN,70.856,71.296,71.742,72.188,72.494,72.797,73.04,73.256,73.368,73.496,73.542,72.259,66.206,65.146,65.492,63.265
Syrian Arab Republic,SYR,"Mortality rate, adult, female (per 1,000 female adults)",SP.DYN.AMRT.FE,128.297,122.755,116.724,110.469,106.004,102.467,99.63,96.83,95.677,94.304,94.134,101.558,136.275,143.085,140.022,148.618
Syrian Arab Republic,SYR,"Mortality rate, adult, male (per 1,000 male adults)",SP.DYN.AMRT.MA,179.15,171.594,164.776,158.378,154.24,149.414,145.743,142.895,141.047,139.175,138.041,169.411,322.22,347.258,342.786,414.09
Syrian Arab Republic,SYR,"Mortality rate, infant (per 1,000 live births)",SP.DYN.IMRT.IN,20.8,20.1,19.5,18.9,18.5,18.1,17.9,17.7,17.6,17.6,17.6,18.8,23.7,25,24.7,25.6
Syrian Arab Republic,SYR,"Mortality rate, under-5 (per 1,000 live births)",SH.DYN.MORT,23.2,22.3,21.5,20.9,20.3,19.8,19.5,19.2,19,19,19,21.7,33.9,36.5,35.3,37
Syrian Arab Republic,SYR,"Prevalence of HIV, total (% of population ages 15-49)",SH.DYN.AIDS.ZS,0.1,0.1,0.1,0.1,0.1,0.1,0.1,0.1,0.1,0.1,0.1,0.1,0.1,0.1,0.1,0.1
Syrian Arab Republic,SYR,"Incidence of tuberculosis (per 100,000 people)",SH.TBS.INCD,39,37,35,35,32,29,26,27,23,24,21,21,18,17,23,20
Syrian Arab Republic,SYR,Diabetes prevalence (% of population ages 20 to 79),SH.STA.DIAB.ZS,..,..,..,..,..,..,..,..,..,..,..,9.9,..,..,..,..
Syrian Arab Republic,SYR,"Physicians (per 1,000 people)",SH.MED.PHYS.ZS,1.374,..,1.461,1.39,1.432,1.52,..,1.429,1.43,1.371,1.397,..,..,..,1.446,..
Syrian Arab Republic,SYR,"Hospital beds (per 1,000 people)",SH.MED.BEDS.ZS,1.4,1.4,1.38,1.49,1.49,1.28,1.47,1.47,1.54,1.51,1.54,1.55,1.53,1.52,1.5,1.47
Syrian Arab Republic,SYR,Current health expenditure (% of GDP),SH.XPD.CHEX.GD.ZS,4.55400705,4.6971879,4.94717073,5.11781693,4.47935343,4.10970068,3.77771473,3.72242856,3.39762759,3.5464704,3.22704148,2.52865362,3.0471952,3.55862904,4.01812267,3.47905326
Syrian Arab Republic,SYR,Access to electricity (% of population),EG.ELC.ACCS.ZS,93.4,93.1,86.6,92.6,92.3,92,99.5,91.5,91.3,91.1,92.7,91.5,90.7,90.4,90.2,90
Syrian Arab Republic,SYR,People using at least basic drinking water services (% of population),SH.H2O.BASW.ZS,91.5974061680561,91.7406521757531,91.8822809004467,92.0221267763059,92.1603515184952,92.2966587839549,92.4312099355167,92.5641417239425,92.6953227237477,92.8246944540243,92.9524433461335,93.0003843642862,93.0527716701678,93.1098532850411,93.1715355580974,93.3181430680573
Syrian Arab Republic,SYR,People using at least basic sanitation services (% of population),SH.STA.BASS.ZS,88.4362468809929,88.5934274375154,88.7492871431126,88.9036661223328,89.0567211907329,89.4008992596276,89.7438169542009,90.0855955804683,90.4260963320347,90.7652525172156,91.1032317677505,91.3661561954987,91.6346555091053,91.908999484428,92.1891357274759,92.5483219052524
Syrian Arab Republic,SYR,GDP per capita (current US$),NY.GDP.PCAP.CD,1138.1884854278,1186.82913474027,1183.2473451033,1220.179077256,1368.1148230028,1533.90166536568,1718.78347217338,1937.61138578027,2429.12477087189,2462.20193643202,2730.61477118949,2952.14349372257,1897.66115018696,985.892669227054,1060.59105886854,847.731631942565
Syrian Arab Republic,SYR,"School enrollment, secondary (% gross)",SE.SEC.ENRR,43.7118301391602,44.8389511108398,46.175178527832,60.3702812194824,63.2146301269531,66.2456588745117,67.4928436279297,68.0717620849609,68.490966796875,69.7070083618164,70.8321380615234,72.3000030517578,73.1369705200195,47.5814208984375,..,..
Tanzania,TZA,"Life expectancy at birth, total (years)",SP.DYN.LE00.IN,53.244,54.124,54.94,55.929,56.836,57.675,58.512,59.26,59.896,60.494,61.127,61.618,62.286,62.788,63.364,63.928
Tanzania,TZA,"Mortality rate, adult, female (per 1,000 female adults)",SP.DYN.AMRT.FE,383.688,373.492,367.219,355.108,344.49,335.426,322.987,313.587,306.715,303.316,293.38,288.532,275.868,269.122,255.664,245.966
Tanzania,TZA,"Mortality rate, adult, male (per 1,000 male adults)",SP.DYN.AMRT.MA,411.892,404.697,397.65,387.493,378.294,369.972,362.99,356.969,352.007,344.119,339.479,335.299,327.882,322.664,319.634,311.957
Tanzania,TZA,"Mortality rate, infant (per 1,000 live births)",SP.DYN.IMRT.IN,85.3,80.4,75.4,70.7,66.4,62.3,59,55.6,53.2,50.5,48.5,46.6,45,43.7,42.3,41.1
Tanzania,TZA,"Mortality rate, under-5 (per 1,000 live births)",SH.DYN.MORT,128.4,120.6,112.8,105.3,98.6,92.4,86.9,81.6,77,72.4,68.6,65,62.1,59.5,56.7,54.8
Tanzania,TZA,"Prevalence of HIV, total (% of population ages 15-49)",SH.DYN.AIDS.ZS,6.1,5.9,5.7,5.5,5.2,5,4.9,4.8,4.7,4.6,4.6,4.6,4.5,4.5,4.5,4.5
Tanzania,TZA,"Incidence of tuberculosis (per 100,000 people)",SH.TBS.INCD,503,506,509,510,510,510,504,492,474,452,426,401,378,336,327,306
Tanzania,TZA,Diabetes prevalence (% of population ages 20 to 79),SH.STA.DIAB.ZS,..,..,..,..,..,..,..,..,..,..,..,2.8,..,..,..,..
Tanzania,TZA,"Physicians (per 1,000 people)",SH.MED.PHYS.ZS,..,..,0.023,..,..,..,..,..,..,..,..,..,0.031,..,0.059,..
Tanzania,TZA,"Hospital beds (per 1,000 people)",SH.MED.BEDS.ZS,..,..,..,..,..,..,1.1,..,..,0.63,0.74,0.76,..,1,0.68,..
Tanzania,TZA,Current health expenditure (% of GDP),SH.XPD.CHEX.GD.ZS,3.41529942,4.23551702,4.68907642,5.34231472,5.7373414,6.32282543,7.598279,6.88427973,5.55704737,5.06306362,5.22392178,5.0559845,5.01779366,4.64643383,4.01492071,3.64969945
Tanzania,TZA,Access to electricity (% of population),EG.ELC.ACCS.ZS,8.7,9.7,10.7,11.1,11.4,13.8,14.9,15.9,11.5,11.2,14.8,14.2,15.3,16.4,23.5,26.2
Tanzania,TZA,People using at least basic drinking water services (% of population),SH.H2O.BASW.ZS,28.6664217644613,30.0731838916507,31.4797512688237,32.983278914624,34.4821810033991,35.9811337940546,37.4799927901342,38.9776269528138,40.4743184257976,41.9675360167038,43.4584432103437,44.944995268675,46.4273786110216,47.9036146539659,49.3718375680796,50.8314701192375
Tanzania,TZA,People using at least basic sanitation services (% of population),SH.STA.BASS.ZS,6.4545572257458,7.66547439187183,8.88565368804983,10.1362371194278,11.3353000997634,12.5338225447733,13.7317612866965,14.9287973517559,16.1250365499333,17.3196247396948,18.5129732606357,19.7043086556293,20.8937174720611,22.0803159001061,23.2631070043176,24.4416443149061
Tanzania,TZA,GDP per capita (current US$),NY.GDP.PCAP.CD,401.698150634766,396.638732910156,402.649047851563,422.18359375,450.385284423828,483.334869384766,475.746734619141,543.198303222656,675.977233886719,693.823547363281,736.530151367188,775.392761230469,861.969909667969,963.05712890625,1022.74841308594,939.127319335938
Tanzania,TZA,"School enrollment, secondary (% gross)",SE.SEC.ENRR,..,..,..,..,..,..,..,..,..,..,31.8920497894287,..,..,32.3857446198788,29.6310806274414,26.090669631958
St. Lucia,LCA,"Life expectancy at birth, total (years)",SP.DYN.LE00.IN,70.779,71.367,71.707,72.188,72.453,72.544,72.794,72.86,72.963,72.946,72.768,72.962,72.86,72.687,72.676,72.932
St. Lucia,LCA,"Mortality rate, adult, female (per 1,000 female adults)",SP.DYN.AMRT.FE,147.102,128.071,115.622,106.576,102.16,100.43,96.339,96.827,96.487,93.174,99.621,102.018,105.21,101.694,98.694,95.197
St. Lucia,LCA,"Mortality rate, adult, male (per 1,000 male adults)",SP.DYN.AMRT.MA,207.671,203.09,202.541,193.36,187.772,186.162,180.603,177.368,173.571,177.175,172.278,167.458,168.271,175.856,181.823,175.884
St. Lucia,LCA,"Mortality rate, infant (per 1,000 live births)",SP.DYN.IMRT.IN,15.9,15.9,15.9,15.9,16,16,16,16.1,16.1,16.1,16,16,15.9,15.9,15.8,15.6
St. Lucia,LCA,"Mortality rate, under-5 (per 1,000 live births)",SH.DYN.MORT,18.5,18.4,18.3,18.3,18.3,18.3,18.2,18.2,18.2,18.1,18,17.9,17.8,17.7,17.5,17.4
St. Lucia,LCA,"Prevalence of HIV, total (% of population ages 15-49)",SH.DYN.AIDS.ZS,0.2,0.2,0.2,0.2,0.2,0.3,0.3,0.3,0.3,0.3,0.3,0.3,0.4,0.4,0.4,0.4
St. Lucia,LCA,"Incidence of tuberculosis (per 100,000 people)",SH.TBS.INCD,6.5,11,12,11,11,9.7,10,13,14,6.8,6.1,4.7,7.3,6,4,9.2
St. Lucia,LCA,Diabetes prevalence (% of population ages 20 to 79),SH.STA.DIAB.ZS,..,..,..,..,..,..,..,..,..,..,..,8.4,..,..,..,..
St. Lucia,LCA,"Physicians (per 1,000 people)",SH.MED.PHYS.ZS,..,0.819,0.4391,0.4673,0.4203,0.508,..,0.185,0.1588,0.1045,1.679,1.842,2.184,2.489,1.894,..
St. Lucia,LCA,"Hospital beds (per 1,000 people)",SH.MED.BEDS.ZS,2.3,..,3.2000000477,2.9,..,3,2.9,2.8,..,1.5,..,1.47,..,1.21,..,1.42
St. Lucia,LCA,Current health expenditure (% of GDP),SH.XPD.CHEX.GD.ZS,4.86549902,5.12139463,5.38887024,5.24069643,4.76760817,4.86039829,5.1270175,5.54166603,5.09061956,5.24410772,5.12090254,5.0787816,4.9241581,5.05080271,4.62322617,4.51419878
St. Lucia,LCA,Access to electricity (% of population),EG.ELC.ACCS.ZS,86,89.9,87.7,88.5,89.3,90.1,90.9,91.8,92.7,93.5,94.2,95.4,95.3,97.2,98.1,99
St. Lucia,LCA,People using at least basic drinking water services (% of population),SH.H2O.BASW.ZS,90.3798695074755,90.3627987209577,90.2979138332006,90.6521660099574,91.0152672319678,91.387151387498,91.7673035899839,92.1554953451463,92.5513289447544,92.9546229759508,93.3686760449828,93.8083807511981,94.248082895029,94.6880147706123,95.1280380862109,95.5680948364947
St. Lucia,LCA,People using at least basic sanitation services (% of population),SH.STA.BASS.ZS,84.974459933463,84.9803197847363,85.0025863863791,85.024251142916,84.8312463406427,84.6384261031104,84.4463938079652,84.2555436675443,84.0663460761131,83.8789697459752,83.6875061410302,83.4554366792182,83.2177917761972,82.9738170566278,82.7233614100236,82.9135380733121
St. Lucia,LCA,GDP per capita (current US$),NY.GDP.PCAP.CD,5879.56191426207,5570.45247098106,5567.89428424719,6058.60622059326,6494.60034867886,6863.43641919345,7611.17856675319,7964.38211480117,8516.96075488787,8250.52180732734,8673.68720340529,9128.99442011613,9260.30006551714,9577.21733754358,10044.8218377677,10334.9860823918
St. Lucia,LCA,"School enrollment, secondary (% gross)",SE.SEC.ENRR,70.9955215454102,73.2953567504883,73.8339385986328,75.6025085449219,74.9941787719727,79.0845108032227,83.6699066162109,88.3509292602539,94.5392303466797,96.8615798950195,97.0315628051758,96.6020889282227,93.3481292724609,91.4860382080078,90.7485504150391,90.9497604370117
St. Vincent and the Grenadines,VCT,"Life expectancy at birth, total (years)",SP.DYN.LE00.IN,70.35,70.382,70.658,70.43,70.445,70.454,70.434,70.446,70.611,70.712,70.66,70.609,70.539,70.091,70.355,70.463
St. Vincent and the Grenadines,VCT,"Mortality rate, adult, female (per 1,000 female adults)",SP.DYN.AMRT.FE,141.518,138.834,160.185,133.707,131.259,128.883,127.701,127.81,129.869,131.15,134.344,136.785,139.318,151.666,144.678,137.054
St. Vincent and the Grenadines,VCT,"Mortality rate, adult, male (per 1,000 male adults)",SP.DYN.AMRT.MA,211.799,210.361,209.062,207.669,206.415,205.221,203.633,201.207,198.302,197.01,200.377,205.369,210.529,223.012,221.382,224.548
St. Vincent and the Grenadines,VCT,"Mortality rate, infant (per 1,000 live births)",SP.DYN.IMRT.IN,19.5,19.6,19.7,19.8,19.9,20,20.1,20.1,20,19.7,19.3,18.6,17.9,17.1,16.3,15.4
St. Vincent and the Grenadines,VCT,"Mortality rate, under-5 (per 1,000 live births)",SH.DYN.MORT,22.5,22.5,22.4,22.5,22.5,22.6,22.6,22.5,22.3,21.9,21.4,20.6,19.8,18.8,17.9,16.9
St. Vincent and the Grenadines,VCT,"Prevalence of HIV, total (% of population ages 15-49)",SH.DYN.AIDS.ZS,0.9,0.9,1,1,1,1,1,1,1,1,1,1,1,1,1,1
St. Vincent and the Grenadines,VCT,"Incidence of tuberculosis (per 100,000 people)",SH.TBS.INCD,17,11,11,15,8.5,7.4,14,13,13,9.6,16,18,32,3.2,5.3,7.4
St. Vincent and the Grenadines,VCT,Diabetes prevalence (% of population ages 20 to 79),SH.STA.DIAB.ZS,..,..,..,..,..,..,..,..,..,..,..,8.8,..,..,..,..
St. Vincent and the Grenadines,VCT,"Physicians (per 1,000 people)",SH.MED.PHYS.ZS,0.782,0.546,..,..,0.897,..,..,..,..,..,0.659,..,0.944,..,..,..
St. Vincent and the Grenadines,VCT,"Hospital beds (per 1,000 people)",SH.MED.BEDS.ZS,..,4.7,4.5,4.5,4.5,4.5,..,3,..,..,2.6,2.54,2.43,2.45,2.46,4.45
St. Vincent and the Grenadines,VCT,Current health expenditure (% of GDP),SH.XPD.CHEX.GD.ZS,3.97939277,4.00093412,4.07769632,3.95764542,3.8658421,3.83165979,3.65356708,3.81816602,3.88194203,4.09299564,4.30325222,4.23108053,4.45042276,4.24191046,4.17631912,4.11412001
St. Vincent and the Grenadines,VCT,Access to electricity (% of population),EG.ELC.ACCS.ZS,80,82.4,82.4,83.7,84.9,86.2,87.5,88.8,90.1,91.4,92.7,94.1,95.4,96.8,98.1,99.4
St. Vincent and the Grenadines,VCT,People using at least basic drinking water services (% of population),SH.H2O.BASW.ZS,95.4488747696246,95.6056700719459,95.7631038462297,95.9211882711275,96.0799237155867,96.2393291087159,96.3994063695659,96.5601521121774,96.7216000762121,96.8837376976727,97.0465782663178,97.210131123477,97.3744028381587,97.5393834410297,97.7051148368668,97.7108558108169
St. Vincent and the Grenadines,VCT,People using at least basic sanitation services (% of population),SH.STA.BASS.ZS,66.7294510003039,68.2932872224526,69.868591230061,71.455033212042,73.052544838339,74.6608074174548,76.2797368630873,77.9088971640432,79.5483307974886,81.1977086068543,82.8568325268669,84.5254998174042,86.2035024227267,87.8905508121517,89.5866002176512,89.6149362125534
St. Vincent and the Grenadines,VCT,GDP per capita (current US$),NY.GDP.PCAP.CD,3768.95536604022,4071.08601098962,4303.27976789727,4499.61454193342,4873.48947742443,5157.39373878102,5744.8278621257,6398.19123532172,6598.90531450859,6463.78777336717,6551.96835992405,6527.68996854448,6713.80768643865,7072.46737188939,7168.82875342911,7353.73556054184
St. Vincent and the Grenadines,VCT,"School enrollment, secondary (% gross)",SE.SEC.ENRR,78.9735565185547,..,85.5541229248047,85.5010681152344,94.3642807006836,89.9227676391602,..,104.393867492676,108.906349182129,111.075256347656,110.652717590332,108.306083679199,105.851867675781,108.723846435547,111.371963500977,114.022842407227
Suriname,SUR,"Life expectancy at birth, total (years)",SP.DYN.LE00.IN,64.409,64.82,65.274,65.778,66.362,66.997,67.643,68.307,68.873,69.323,69.626,69.82,69.957,70.11,70.33,70.567
Suriname,SUR,"Mortality rate, adult, female (per 1,000 female adults)",SP.DYN.AMRT.FE,217.888,211.816,205.184,197.402,188.75,180.103,171.522,163.163,156.495,151.146,147.67,146.008,145.781,145.642,145.219,145.008
Suriname,SUR,"Mortality rate, adult, male (per 1,000 male adults)",SP.DYN.AMRT.MA,342.542,333.983,324.987,315.561,305.059,294.314,283.594,273.383,264.912,258.769,254.822,252.159,249.771,246.861,242.917,238.334
Suriname,SUR,"Mortality rate, infant (per 1,000 live births)",SP.DYN.IMRT.IN,27.3,26.5,25.7,25,24.3,23.7,23.1,22.6,22.1,21.6,21.1,20.7,20.3,19.8,19.4,19
Suriname,SUR,"Mortality rate, under-5 (per 1,000 live births)",SH.DYN.MORT,31.1,30,29,28.1,27.2,26.4,25.7,25,24.4,23.8,23.2,22.6,22.1,21.6,21.1,20.5
Suriname,SUR,"Prevalence of HIV, total (% of population ages 15-49)",SH.DYN.AIDS.ZS,1.1,1.2,1.3,1.3,1.4,1.4,1.4,1.5,1.5,1.5,1.5,1.5,1.6,1.6,1.6,1.6
Suriname,SUR,"Incidence of tuberculosis (per 100,000 people)",SH.TBS.INCD,24,20,25,27,25,29,32,31,26,43,46,29,30,32,33,32
Suriname,SUR,Diabetes prevalence (% of population ages 20 to 79),SH.STA.DIAB.ZS,..,..,..,..,..,..,..,..,..,..,..,8.9,..,..,..,..
Suriname,SUR,"Physicians (per 1,000 people)",SH.MED.PHYS.ZS,0.399,..,..,..,0.783,..,..,..,..,0.683,..,..,..,..,..,1.017
Suriname,SUR,"Hospital beds (per 1,000 people)",SH.MED.BEDS.ZS,3.9,3.5999999046,..,..,3.1,..,3.3,3.1,..,2.6,2.99,3.05,3.02,2.99,2.96,2.93
Suriname,SUR,Current health expenditure (% of GDP),SH.XPD.CHEX.GD.ZS,5.87092161,3.82474971,5.32991552,4.88878393,5.4608078,5.2439642,5.85598755,5.22148609,4.74699593,4.97810316,4.6978569,4.40932178,4.28435707,4.48738098,4.52127838,5.80808163
Suriname,SUR,Access to electricity (% of population),EG.ELC.ACCS.ZS,95.4,95.3,95.2,95.1,95,94.9,91,94.7,94.7,94.6,91.2,94.6,94.6,94.6,94.6,95
Suriname,SUR,People using at least basic drinking water services (% of population),SH.H2O.BASW.ZS,89.0616560452077,89.5297819244383,89.9960313292363,90.4599444423833,90.9217523917314,91.3567912547275,91.7904999411481,92.2251661601544,92.660982249745,93.09808507795,93.536172790766,93.9753959636229,94.415754570217,94.8572483245504,95.3013968931233,95.7476957195653
Suriname,SUR,People using at least basic sanitation services (% of population),SH.STA.BASS.ZS,78.0261253015142,78.3498081456685,78.672477988085,78.9935694905179,79.3133630188345,79.9454373391895,80.578611958631,81.2158247065425,81.8573489915612,82.5034165482643,83.1536031950863,83.8081519480104,84.4670820919635,85.1304156970837,85.8011065699902,86.4788570965539
Suriname,SUR,GDP per capita (current US$),NY.GDP.PCAP.CD,1988.22172925433,1714.64846637242,2202.340682196,2516.10404020956,2887.7721728844,3453.42865937765,5002.65798695759,5530.17615638309,6576.08546307249,7129.5768626291,7943.60482816915,7949.88867218383,8851.24050668908,9043.19281529222,9108.18905406764,8813.61705392067
Suriname,SUR,"School enrollment, secondary (% gross)",SE.SEC.ENRR,..,69.0101776123047,70.4287109375,..,..,68.3932418823242,69.8493118286133,70.2995910644531,70.8968505859375,68.5604400634766,71.4902572631836,69.0407867431641,69.1272811889648,69.1293334960938,67.3043899536133,70.1560287475586
Switzerland,CHE,"Life expectancy at birth, total (years)",SP.DYN.LE00.IN,79.6804878048781,80.1804878048781,80.3853658536585,80.5365853658537,81.0878048780488,81.2365853658537,81.490243902439,81.7414634146342,81.9926829268293,82.0439024390244,82.2463414634147,82.6951219512195,82.6975609756098,82.7975609756098,83.1975609756098,82.8975609756098
Switzerland,CHE,"Mortality rate, adult, female (per 1,000 female adults)",SP.DYN.AMRT.FE,53.915,51.67,51.977,50.145,47.738,46.004,46.738,45.549,42.969,42.165,42.675,40.045,39.904,38.848,36.652,36.484
Switzerland,CHE,"Mortality rate, adult, male (per 1,000 male adults)",SP.DYN.AMRT.MA,99.439,94.505,91.8,90.441,87.49,84.241,79.749,78.545,75.467,75.903,71.146,68.348,66.999,66.885,63.344,62.284
Switzerland,CHE,"Mortality rate, infant (per 1,000 live births)",SP.DYN.IMRT.IN,4.7,4.6,4.5,4.5,4.4,4.3,4.2,4.1,4,4,3.9,3.9,3.8,3.8,3.8,3.7
Switzerland,CHE,"Mortality rate, under-5 (per 1,000 live births)",SH.DYN.MORT,5.6,5.5,5.4,5.3,5.2,5.1,4.9,4.8,4.7,4.6,4.6,4.5,4.4,4.4,4.3,4.3
Switzerland,CHE,"Prevalence of HIV, total (% of population ages 15-49)",SH.DYN.AIDS.ZS,0.2,0.2,0.3,0.3,0.3,0.3,0.3,0.2,0.2,0.2,0.2,0.2,0.2,0.2,0.2,0.2
Switzerland,CHE,"Incidence of tuberculosis (per 100,000 people)",SH.TBS.INCD,9.2,8.7,9.4,9,8.6,8,7.3,6.4,7,7.5,7.5,7.6,6,6.6,5.9,7.4
Switzerland,CHE,Diabetes prevalence (% of population ages 20 to 79),SH.STA.DIAB.ZS,..,..,..,..,..,..,..,..,..,..,..,5.9,..,..,..,..
Switzerland,CHE,"Physicians (per 1,000 people)",SH.MED.PHYS.ZS,3.511,3.515,3.562,3.659,3.697,3.741,3.792,3.789,3.822,3.837,3.81,3.834,3.916,4.041,4.126,4.197
Switzerland,CHE,"Hospital beds (per 1,000 people)",SH.MED.BEDS.ZS,6.29,6.04,5.95,5.83,5.68,5.55,5.4,5.37,5.22,5.11,5.2,5.05,4.98,4.85,4.73,4.73
Switzerland,CHE,Current health expenditure (% of GDP),SH.XPD.CHEX.GD.ZS,9.13442421,9.46040058,9.88000107,10.13696766,10.22576523,10.05823421,9.5802002,9.41693783,9.53167725,10.1415062,10.00535202,10.11940575,10.34784985,10.61460495,10.69967365,11.00444603
Switzerland,CHE,Access to electricity (% of population),EG.ELC.ACCS.ZS,100,100,100,100,100,100,100,100,100,100,100,100,100,100,100,100
Switzerland,CHE,People using at least basic drinking water services (% of population),SH.H2O.BASW.ZS,99.9999994425128,100,99.9999980539827,100,99.9999983594192,100,100,99.9999990806574,99.9999979288144,99.999997222233,99.9999976280164,99.9999991605815,100,99.9999992997273,99.9999972090687,99.9999962502182
Switzerland,CHE,People using at least basic sanitation services (% of population),SH.STA.BASS.ZS,99.8809710847145,99.8809686941122,99.8809824980631,99.8810046485801,99.8810190736568,99.8810399898821,99.8810610841324,99.8810752621757,99.8810926001485,99.8811096720377,99.8811285661122,99.8840035898045,99.8868721958477,99.8897331821113,99.8925889720649,99.895441126539
Switzerland,CHE,GDP per capita (current US$),NY.GDP.PCAP.CD,38865.021939688,39638.7911061864,42458.7384679187,49335.7456291067,54659.4571488233,56242.8933645639,59011.0324592016,64989.1553256031,74175.1927898555,71568.3123885672,76531.3728182297,90476.7589651577,85836.2076767359,87304.3305813557,88724.9910735609,83806.4476003837
Switzerland,CHE,"School enrollment, secondary (% gross)",SE.SEC.ENRR,94.5499114990234,94.758171081543,93.588623046875,93.3511962890625,93.2228698730469,93.8099594116211,94.1694793701172,95.0716171264648,95.5135726928711,95.8478317260742,96.6068572998047,97.1951599121094,98.3727416992188,101.221382141113,..,103.913391113281
Tajikistan,TJK,"Life expectancy at birth, total (years)",SP.DYN.LE00.IN,63.542,64.197,64.898,65.874,66.604,66.531,66.997,67.405,67.924,68.248,68.37,68.698,69.13,69.579,69.697,69.665
Tajikistan,TJK,"Mortality rate, adult, female (per 1,000 female adults)",SP.DYN.AMRT.FE,176.724,184.722,168.618,161.433,142.093,156.71,152.593,148.718,141.187,135.528,137.795,135.322,128.779,127.215,125.266,125.73
Tajikistan,TJK,"Mortality rate, adult, male (per 1,000 male adults)",SP.DYN.AMRT.MA,261.029,242.69,248.708,232.215,230.207,239.902,233.892,235.63,225.211,223.145,221.345,215.581,205.302,193.233,193.171,198.391
Tajikistan,TJK,"Mortality rate, infant (per 1,000 live births)",SP.DYN.IMRT.IN,62.2,57.5,53,48.7,44.8,41.4,38.3,35.7,33.4,31.5,29.9,28.4,27.2,26.3,25.4,24.7
Tajikistan,TJK,"Mortality rate, under-5 (per 1,000 live births)",SH.DYN.MORT,79.7,73.4,67.5,61.8,56.7,52.2,48.2,44.7,41.7,39.2,37,35.2,33.6,32.3,31.2,30.2
Tajikistan,TJK,"Prevalence of HIV, total (% of population ages 15-49)",SH.DYN.AIDS.ZS,0.1,0.1,0.1,0.1,0.1,0.1,0.2,0.2,0.2,0.2,0.2,0.2,0.2,0.2,0.2,0.2
Tajikistan,TJK,"Incidence of tuberculosis (per 100,000 people)",SH.TBS.INCD,219,222,220,215,207,196,183,169,155,141,128,117,108,100,91,86
Tajikistan,TJK,Diabetes prevalence (% of population ages 20 to 79),SH.STA.DIAB.ZS,..,..,..,..,..,..,..,..,..,..,..,6.3,..,..,..,..
Tajikistan,TJK,"Physicians (per 1,000 people)",SH.MED.PHYS.ZS,2.152,2.094,2.005,1.902,1.911,1.915,1.88,1.863,1.899,1.621,1.677,1.702,1.709,1.693,1.708,2.082
Tajikistan,TJK,"Hospital beds (per 1,000 people)",SH.MED.BEDS.ZS,6.45,6.3,6.18,6.03,5.96,5.85,5.72,5.4,5.28,5.17,5.01,4.9,4.79,4.74,4.65,4.58
Tajikistan,TJK,Current health expenditure (% of GDP),SH.XPD.CHEX.GD.ZS,4.26492405,4.57802534,4.43647242,4.70218658,4.79911184,5.21024704,5.03254795,5.54050112,5.91206694,5.85579777,5.73543453,5.85971785,5.98185873,6.53226423,6.6654973,6.90735912
Tajikistan,TJK,Access to electricity (% of population),EG.ELC.ACCS.ZS,98.5,98.6,99,100,98.5,99.3,98.6,98.6,98.6,99,98.8,98.9,99.1,99,99.1,98
Tajikistan,TJK,People using at least basic drinking water services (% of population),SH.H2O.BASW.ZS,56.5062298278567,57.7750572442872,59.0500581249144,60.3312336225954,61.6181743211743,62.9117102762344,64.2114185120741,65.5172990344674,66.8293498168938,68.1475750482174,69.4719693561623,70.8022224486628,72.1454574361497,73.4998081947807,74.8649018101603,76.2394931599553
Tajikistan,TJK,People using at least basic sanitation services (% of population),SH.STA.BASS.ZS,89.9072432071928,90.225577402018,90.5438953666555,90.8622012435509,91.2312248165424,91.600730146237,91.9706902622255,92.341104777068,92.7119712907349,93.0832967927517,93.455074499174,93.8273051827913,94.1998395382215,94.5724131813338,94.9447326755321,95.3165416425611
Tajikistan,TJK,GDP per capita (current US$),NY.GDP.PCAP.CD,136.925716400723,168.676285365186,186.951638285222,233.58124845289,305.745158587502,333.927150941684,401.018403316427,516.997210618914,703.327375898643,664.795655734657,737.338883219356,833.601978202852,952.452819695469,1028.19704279396,1081.54402932039,956.916310930656
Tajikistan,TJK,"School enrollment, secondary (% gross)",SE.SEC.ENRR,71.9670562744141,73.8529586791992,75.8080596923828,78.0805816650391,79.29443359375,79.9551315307617,80.7600173950195,81.424560546875,82.2941436767578,83.1336364746094,83.9114990234375,85.0206298828125,86.3469314575195,86.9873504638672,..,..
Thailand,THA,"Life expectancy at birth, total (years)",SP.DYN.LE00.IN,71.205,71.52,71.775,72.101,72.1,72.894,73.341,73.779,74.221,74.669,75.012,75.302,75.59,75.96,76.279,76.563
Thailand,THA,"Mortality rate, adult, female (per 1,000 female adults)",SP.DYN.AMRT.FE,132.861,133.077,131.14,126.502,125.665,114.882,108.284,104.215,99.445,97.874,95.554,94.157,92.522,88.8,87.582,86.552
Thailand,THA,"Mortality rate, adult, male (per 1,000 male adults)",SP.DYN.AMRT.MA,259.459,257.058,252.472,247.634,245.45,234.177,225.52,217.709,211.033,203.518,202.63,203.449,206.381,205.49,205.515,206.049
Thailand,THA,"Mortality rate, infant (per 1,000 live births)",SP.DYN.IMRT.IN,18.5,17.7,16.9,16.1,15.4,14.8,14.2,13.6,13.1,12.6,12.2,11.7,11.3,11,10.6,10.3
Thailand,THA,"Mortality rate, under-5 (per 1,000 live births)",SH.DYN.MORT,21.8,20.8,19.8,18.9,18.1,17.3,16.6,15.9,15.3,14.7,14.2,13.7,13.2,12.7,12.3,11.9
Thailand,THA,"Prevalence of HIV, total (% of population ages 15-49)",SH.DYN.AIDS.ZS,2.4,2.3,2.2,2.1,2,1.9,1.9,1.8,1.8,1.7,1.6,1.6,1.6,1.5,1.5,1.4
Thailand,THA,"Incidence of tuberculosis (per 100,000 people)",SH.TBS.INCD,241,245,244,240,232,224,215,205,196,188,181,176,172,170,167,163
Thailand,THA,Diabetes prevalence (% of population ages 20 to 79),SH.STA.DIAB.ZS,..,..,..,..,..,..,..,..,..,..,..,7.5,..,..,..,..
Thailand,THA,"Physicians (per 1,000 people)",SH.MED.PHYS.ZS,..,0.298,0.296,..,0.29,..,0.285,0.293,0.313,0.334,0.384,..,..,..,..,0.455
Thailand,THA,"Hospital beds (per 1,000 people)",SH.MED.BEDS.ZS,2.16,2.16,2.09,2.08,2.04,2.02,2.03,2.08,1.87,1.73,1.96,2.1,2.13,2.17,2.15,2.14
Thailand,THA,Current health expenditure (% of GDP),SH.XPD.CHEX.GD.ZS,3.10125351,3.02623773,3.334723,3.24312782,3.13893151,3.15972233,3.09970832,3.19277525,3.45933938,3.61939645,3.39009809,3.56825495,3.5229404,3.45313334,3.68448091,3.8522861
Thailand,THA,Access to electricity (% of population),EG.ELC.ACCS.ZS,82.1,90.4,91,91.6,92.2,92.8,99.1,94.1,94.8,99,99.7,99.3,99.1,99.4,99.5,99.6
Thailand,THA,People using at least basic drinking water services (% of population),SH.H2O.BASW.ZS,94.1153642465379,94.4878833636638,94.8549716232778,95.2162736068613,95.5716115587902,95.9239842280519,96.2628445210942,96.5944035971806,96.9185190006908,97.234862535135,97.5434253160748,97.8320484698268,98.1133461921886,98.3899959258229,98.6620120676393,98.9293593962036
Thailand,THA,People using at least basic sanitation services (% of population),SH.STA.BASS.ZS,92.4134381029961,92.6889908806732,92.9689857372308,93.2536678675434,93.5431722327862,93.8378158968251,94.137539452419,94.442577952415,94.7530266098239,95.0690932044255,95.390777260397,95.7251764390916,96.0646250489643,96.4075240886486,96.7538801623149,97.1037085703682
Thailand,THA,GDP per capita (current US$),NY.GDP.PCAP.CD,2005.97694514234,1889.93432467144,2089.75183111554,2347.54001286066,2641.56268717857,2867.70383436062,3331.32043511773,3918.52817434581,4309.13509292986,4135.43986952819,4973.86288823778,5373.6232832898,5725.52802835463,6018.08244729255,5801.1978916205,5688.85335397884
Thailand,THA,"School enrollment, secondary (% gross)",SE.SEC.ENRR,..,64.0281982421875,65.5458221435547,..,67.444221496582,71.8262786865234,71.6298599243164,75.7808074951172,75.2078475952148,76.6007080078125,78.3943786621094,86.9894790649414,85.5365295410156,83.854850769043,123.525459289551,124.330596923828
Timor-Leste,TLS,"Life expectancy at birth, total (years)",SP.DYN.LE00.IN,58.097,58.772,59.477,60.13,60.743,61.272,61.881,62.396,62.858,63.265,63.66,64.022,64.384,64.719,65.027,65.326
Timor-Leste,TLS,"Mortality rate, adult, female (per 1,000 female adults)",SP.DYN.AMRT.FE,260.217,252.791,245.174,238.195,231.718,226.131,219.565,214.315,209.608,205.423,201.042,196.945,193.232,189.814,186.667,183.569
Timor-Leste,TLS,"Mortality rate, adult, male (per 1,000 male adults)",SP.DYN.AMRT.MA,311.691,304.358,296.607,289.235,282.303,276.758,269.791,263.909,258.587,253.846,249.604,245.784,241.767,238.011,234.542,231.116
Timor-Leste,TLS,"Mortality rate, infant (per 1,000 live births)",SP.DYN.IMRT.IN,83.9,79.9,76,72.2,68.7,65.3,62.2,59.3,56.7,54.3,52.1,50,48.2,46.6,45.1,43.8
Timor-Leste,TLS,"Mortality rate, under-5 (per 1,000 live births)",SH.DYN.MORT,110.5,105.5,100.7,96.1,91.7,87.5,83.6,80.1,76.8,73.8,71.1,68.6,66.3,64.2,62.3,60.6
Timor-Leste,TLS,"Prevalence of HIV, total (% of population ages 15-49)",SH.DYN.AIDS.ZS,0.1,0.1,0.1,0.1,0.1,0.1,0.1,0.1,0.1,0.1,0.1,0.2,0.2,0.2,0.2,0.2
Timor-Leste,TLS,"Incidence of tuberculosis (per 100,000 people)",SH.TBS.INCD,..,..,498,498,498,498,498,498,498,498,498,498,498,498,498,498
Timor-Leste,TLS,Diabetes prevalence (% of population ages 20 to 79),SH.STA.DIAB.ZS,..,..,..,..,..,..,..,..,..,..,..,7.5,..,..,..,..
Timor-Leste,TLS,"Physicians (per 1,000 people)",SH.MED.PHYS.ZS,..,..,..,..,0.082,..,..,0.034,0.037,0.044,0.079,0.078,..,0.613,0.676,0.689
Timor-Leste,TLS,"Hospital beds (per 1,000 people)",SH.MED.BEDS.ZS,..,..,..,..,..,..,..,..,..,5.9,5.9,..,..,..,..,..
Timor-Leste,TLS,Current health expenditure (% of GDP),SH.XPD.CHEX.GD.ZS,..,..,..,2.84187031,4.26103544,5.28044748,6.00192022,5.64793253,6.96563959,7.30931807,6.47058821,6.86541462,6.99215221,8.5323782,7.60483742,7.67216587
Timor-Leste,TLS,Access to electricity (% of population),EG.ELC.ACCS.ZS,17.8,25.6,24.1,27.7,30.4,33.5,36.7,36.6,43.1,46.3,38,52.7,56,59.2,62.4,67.3
Timor-Leste,TLS,People using at least basic drinking water services (% of population),SH.H2O.BASW.ZS,..,..,50.6238520976621,52.1464729723739,53.6676116378502,55.1752221271839,56.6812454516609,58.1856568082,59.6890388459168,61.7033230641504,63.7399168882932,65.7989405638414,67.8794030498172,69.9808748954356,72.1031742135095,74.2458313013065
Timor-Leste,TLS,People using at least basic sanitation services (% of population),SH.STA.BASS.ZS,..,..,35.2290166758022,36.5575151986806,37.8853413636379,39.1994679011045,40.3952564860573,41.5834011890319,42.764346645826,43.9372457064658,45.1019142011981,46.2587370167733,47.4069141383308,48.5462460565991,49.676808251305,50.7983738927978
Timor-Leste,TLS,GDP per capita (current US$),NY.GDP.PCAP.CD,492.457669429651,587.804355560918,533.982476434866,534.901153697657,474.420767344689,487.464555404292,464.667001844159,540.154584237662,628.153219252849,686.579295832381,813.060177250597,939.045241112693,1022.61903188429,1204.56841532931,1224.74957758801,1319.59297370991
Timor-Leste,TLS,"School enrollment, secondary (% gross)",SE.SEC.ENRR,..,41.3206901550293,44.7095603942871,46.5835189819336,57.962100982666,59.4707984924316,..,..,57.0646095275879,67.0938568115234,68.3026309590313,70.1640602638495,70.0278421982138,67.8276665960217,69.3739464182596,72.9840325557506
Tonga,TON,"Life expectancy at birth, total (years)",SP.DYN.LE00.IN,69.635,69.8,70.03,70.228,70.433,70.56,70.71,70.887,71.041,70.949,71.319,71.437,71.546,71.65,71.721,71.851
Tonga,TON,"Mortality rate, adult, female (per 1,000 female adults)",SP.DYN.AMRT.FE,141.632,140.154,137.269,135.061,133.01,132.232,130.58,128.786,127.223,129.003,124.401,123.269,122.213,121.226,120.671,119.277
Tonga,TON,"Mortality rate, adult, male (per 1,000 male adults)",SP.DYN.AMRT.MA,264.708,261.445,257.995,254.729,251.067,248.267,245.716,242.544,240.045,240.278,235.558,233.586,231.769,230.076,228.606,226.862
Tonga,TON,"Mortality rate, infant (per 1,000 live births)",SP.DYN.IMRT.IN,13.8,13.4,13.1,12.7,12.4,12,11.7,11.4,11.1,10.8,10.6,10.4,10.2,10,9.8,9.6
Tonga,TON,"Mortality rate, under-5 (per 1,000 live births)",SH.DYN.MORT,17,16.5,16.1,15.6,15.2,14.8,14.4,14.1,13.7,13.4,13.1,12.9,12.6,12.4,12.2,11.9
Tonga,TON,"Prevalence of HIV, total (% of population ages 15-49)",SH.DYN.AIDS.ZS,..,..,..,..,..,..,..,..,..,..,..,..,..,..,..,..
Tonga,TON,"Incidence of tuberculosis (per 100,000 people)",SH.TBS.INCD,27,13,32,18,13,20,19,25,14,8.6,12,9.6,12,11,14,15
Tonga,TON,Diabetes prevalence (% of population ages 20 to 79),SH.STA.DIAB.ZS,11.5,..,..,..,..,..,..,..,..,..,..,12.7,..,..,..,..
Tonga,TON,"Physicians (per 1,000 people)",SH.MED.PHYS.ZS,0.499,0.339,0.289,..,..,..,..,..,0.533,0.579,0.54,..,..,0.514,..,..
Tonga,TON,"Hospital beds (per 1,000 people)",SH.MED.BEDS.ZS,..,3.2000000477,..,..,2.4,..,..,..,2.4,..,2.48,..,..,..,..,..
Tonga,TON,Current health expenditure (% of GDP),SH.XPD.CHEX.GD.ZS,2.90389204,3.42501593,3.58957744,3.43583083,4.50741625,4.38560247,5.47225046,4.73330021,6.05759716,3.97380877,4.81632328,4.73990822,7.3327713,4.10561848,5.11481524,4.66762066
Tonga,TON,Access to electricity (% of population),EG.ELC.ACCS.ZS,85.6,86.3,87,87.6,88.3,89,92.3,90.5,91.2,92,92.8,92.2,92.8,95.1,95.9,100
Tonga,TON,People using at least basic drinking water services (% of population),SH.H2O.BASW.ZS,98.142789835481,98.1427383710084,98.1426899860212,98.1426444446747,98.1425921449859,98.179760420344,98.2169550462649,98.2542019632701,98.2915099295157,98.3288823239866,98.3663324700148,98.4038497660673,98.4412230284163,98.478397099063,98.5155050526421,98.5525389627508
Tonga,TON,People using at least basic sanitation services (% of population),SH.STA.BASS.ZS,88.5791537671407,88.582430170085,88.585594953636,88.5888765647286,88.5921524001837,89.164732051126,89.7370412968395,90.3102963886116,90.8839501461722,91.4569000184115,92.0291584818118,92.3261200556913,92.6148033309096,92.8971527146091,93.1762255534565,93.4521117836501
Tonga,TON,GDP per capita (current US$),NY.GDP.PCAP.CD,1995.07667546271,1753.51667576626,1759.4805324576,1936.04104012389,2195.44890047673,2477.72620144825,2750.34778600857,2797.06560109144,3218.45303993196,2914.23774004564,3416.08356601207,3849.99375750134,4384.17058724217,4219.24670113014,4136.59010898445,4123.90347238813
Tonga,TON,"School enrollment, secondary (% gross)",SE.SEC.ENRR,100.165519714355,97.5217514038086,101.04744720459,109.53938293457,97.9341201782227,..,97.8654708862305,102.244041442871,103.846702575684,104.440650939941,105.640548706055,107.053398132324,94.5147705078125,95.4586410522461,96.7714748784441,103.261224756552
Tunisia,TUN,"Life expectancy at birth, total (years)",SP.DYN.LE00.IN,72.604,72.822,73.07,73.304,73.519,73.712,73.888,74.039,74.192,74.32,74.438,74.471,74.599,74.674,74.784,74.875
Tunisia,TUN,"Mortality rate, adult, female (per 1,000 female adults)",SP.DYN.AMRT.FE,76.583,76.248,75.392,74.512,73.703,72.886,72.038,71.237,70.28,69.384,68.678,68.444,67.648,66.944,66.105,64.936
Tunisia,TUN,"Mortality rate, adult, male (per 1,000 male adults)",SP.DYN.AMRT.MA,138.691,138.228,137.274,136.097,134.973,133.819,132.605,131.559,130.228,128.918,127.527,127.855,126.098,125.947,125.046,125.245
Tunisia,TUN,"Mortality rate, infant (per 1,000 live births)",SP.DYN.IMRT.IN,23.9,22.7,21.5,20.5,19.6,18.9,18.2,17.7,17.2,16.9,16.7,16.5,16.3,16.2,16.1,16
Tunisia,TUN,"Mortality rate, under-5 (per 1,000 live births)",SH.DYN.MORT,29.2,27.2,25.5,24,22.7,21.6,20.7,20,19.4,19,18.7,18.5,18.4,18.3,18.3,18.2
Tunisia,TUN,"Prevalence of HIV, total (% of population ages 15-49)",SH.DYN.AIDS.ZS,0.1,0.1,0.1,0.1,0.1,0.1,0.1,0.1,0.1,0.1,0.1,0.1,0.1,0.1,0.1,0.1
Tunisia,TUN,"Incidence of tuberculosis (per 100,000 people)",SH.TBS.INCD,26,25,24,25,25,26,26,28,27,26,28,35,37,35,35,38
Tunisia,TUN,Diabetes prevalence (% of population ages 20 to 79),SH.STA.DIAB.ZS,..,..,..,..,..,..,..,..,..,..,..,9.5,..,..,..,..
Tunisia,TUN,"Physicians (per 1,000 people)",SH.MED.PHYS.ZS,0.752,0.777,0.789,0.803,1.295,0.907,..,0.998,1.08,..,1.193,..,..,..,1.236,1.268
Tunisia,TUN,"Hospital beds (per 1,000 people)",SH.MED.BEDS.ZS,1.68,1.73,1.65,1.65,1.7,1.7,1.71,1.7,1.76,1.78,1.8,1.78,1.77,1.78,1.77,1.77
Tunisia,TUN,Current health expenditure (% of GDP),SH.XPD.CHEX.GD.ZS,4.81271935,4.86132765,5.12036419,5.20888519,5.19890785,5.14555788,5.13109922,5.17542839,5.1644063,5.40595293,5.60950756,6.12299299,6.28984737,6.51394987,6.45006084,6.21339941
Tunisia,TUN,Access to electricity (% of population),EG.ELC.ACCS.ZS,94.8,97.3,97.8,98.4,99,99.2,99.4,99.4,99.4,99.5,99.5,99.5,99.5,99.7,99.8,99.9
Tunisia,TUN,People using at least basic drinking water services (% of population),SH.H2O.BASW.ZS,89.0557231259084,89.399554212514,89.7130880577786,90.0217792814255,90.3215982385854,90.5989322382182,90.8728219523406,91.142827817116,91.4092013006482,91.6719562756835,91.9309126089078,92.0471482378273,92.5793580039601,93.1070936464333,93.6308498351827,94.1515141812455
Tunisia,TUN,People using at least basic sanitation services (% of population),SH.STA.BASS.ZS,76.5150774709483,77.2480649100397,78.3301019990853,79.4123939707728,80.4879779615694,81.5356487638928,82.5865683787176,83.6397258648158,84.6951849560762,85.7526433460906,86.8115536906964,87.8721498326136,88.9338679991843,89.9960479069558,91.0590283437132,92.1233998046476
Tunisia,TUN,GDP per capita (current US$),NY.GDP.PCAP.CD,2199.04465936314,2235.71981624751,2320.7723805785,2725.8643148859,3067.41936376975,3146.8260743927,3322.56933570096,3726.91672935667,4255.05008019523,4080.09032448781,4291.86120891575,4420.64772206537,4297.26782454273,4369.79345826358,4458.97895464547,4014.94773686432
Tunisia,TUN,"School enrollment, secondary (% gross)",SE.SEC.ENRR,72.4827117919922,74.8093338012695,76.4910736083984,76.0593566894531,80.0033264160156,83.4392318725586,85.9542694091797,89.6093063354492,91.0540390014648,88.8368377685547,88.1112289428711,89.3414688110352,..,87.2357025146484,84.9663467407227,85.7816009521484
Turkmenistan,TKM,"Life expectancy at birth, total (years)",SP.DYN.LE00.IN,64.931,65.325,65.593,65.854,66.055,66.275,66.574,67.02,67.584,68.155,68.608,68.87,68.961,68.968,69.001,69.061
Turkmenistan,TKM,"Mortality rate, adult, female (per 1,000 female adults)",SP.DYN.AMRT.FE,145.23,143.666,143.216,141.565,140.968,140.744,140.378,137.008,131.39,124.561,120.599,118.945,119.37,118.713,117.908,116.792
Turkmenistan,TKM,"Mortality rate, adult, male (per 1,000 male adults)",SP.DYN.AMRT.MA,280.263,275.828,276.725,278.887,281.779,282.441,278.416,270.239,257.636,244.27,232,225.265,223.328,225.354,225.189,223.736
Turkmenistan,TKM,"Mortality rate, infant (per 1,000 live births)",SP.DYN.IMRT.IN,58.3,55,51.7,48.6,45.7,43,40.7,38.7,37.2,35.9,34.9,34.3,33.9,33.7,33.6,33.8
Turkmenistan,TKM,"Mortality rate, under-5 (per 1,000 live births)",SH.DYN.MORT,69.7,66.1,62.4,58.8,55.6,52.5,49.9,47.7,46,44.5,43.6,42.9,42.5,42.5,42.5,42.9
Turkmenistan,TKM,"Prevalence of HIV, total (% of population ages 15-49)",SH.DYN.AIDS.ZS,..,..,..,..,..,..,..,..,..,..,..,..,..,..,..,..
Turkmenistan,TKM,"Incidence of tuberculosis (per 100,000 people)",SH.TBS.INCD,112,108,100,116,90,84,84,88,95,79,79,66,70,71,58,49
Turkmenistan,TKM,Diabetes prevalence (% of population ages 20 to 79),SH.STA.DIAB.ZS,..,..,..,..,..,..,..,..,..,..,..,2.7,..,..,..,..
Turkmenistan,TKM,"Physicians (per 1,000 people)",SH.MED.PHYS.ZS,2.716,2.726,2.697,2.607,2.55,2.437,2.323,2.269,2.228,2.215,2.196,2.205,2.159,2.135,2.147,2.128
Turkmenistan,TKM,"Hospital beds (per 1,000 people)",SH.MED.BEDS.ZS,5.23,5.35,5.27,5.19,5.07,4.35,4.29,4.02,3.98,3.97,3.92,3.87,3.76,3.71,3.78,4.25
Turkmenistan,TKM,Current health expenditure (% of GDP),SH.XPD.CHEX.GD.ZS,4.03080034,4.7660532,4.10696697,4.97849178,6.18652296,5.58886814,4.92075682,3.09328628,3.45380449,2.81471276,3.20879436,3.22296,3.34203553,3.96929264,4.25741673,5.01652908
Turkmenistan,TKM,Access to electricity (% of population),EG.ELC.ACCS.ZS,99.6,99.6,99.6,99.6,99.5,99.5,99.8,99.6,99.6,99.7,100,99.8,99.9,99.9,100,100
Turkmenistan,TKM,People using at least basic drinking water services (% of population),SH.H2O.BASW.ZS,87.1464018570597,87.8085791666655,88.4660340599947,89.1185953944221,89.766262701641,90.5034339079961,91.2381898657299,91.9701902233328,92.6987021124024,93.4235913690594,94.1442613426846,94.8602956203096,95.5713428273371,96.2769772872363,96.9719475284268,97.6589427174564
Turkmenistan,TKM,People using at least basic sanitation services (% of population),SH.STA.BASS.ZS,92.9677611145493,93.0253771769896,93.0824298750286,93.1389845639166,93.1950398523525,93.5692222866677,93.9444741811226,94.3209139069793,94.6988889733504,95.0784126335357,95.4597741748201,95.8431333975775,96.2286212121482,96.6164260109022,97.0067771875787,97.3997890421398
Turkmenistan,TKM,GDP per capita (current US$),NY.GDP.PCAP.CD,633.835487638011,756.034976276398,935.540801478466,1228.94870289404,1379.23009682692,1604.01618452312,1996.59310717308,2414.96071986964,3605.50395120549,3707.97850699617,4058.53937000739,5143.61929334647,6053.8748468749,6599.64529055481,7164.14536184006,5759.497903834
Turkmenistan,TKM,"School enrollment, secondary (% gross)",SE.SEC.ENRR,..,..,..,..,..,..,..,..,..,..,..,..,..,..,..,..
Togo,TGO,"Life expectancy at birth, total (years)",SP.DYN.LE00.IN,54.577,54.746,55.032,55.299,55.594,55.916,56.142,56.382,56.651,56.927,57.227,57.612,57.94,58.345,58.766,59.22
Togo,TGO,"Mortality rate, adult, female (per 1,000 female adults)",SP.DYN.AMRT.FE,309.035,310.561,309.806,308.964,306.8,303.973,305.44,304.968,304.244,302.447,300.17,296.872,293.348,289.234,284.86,279.587
Togo,TGO,"Mortality rate, adult, male (per 1,000 male adults)",SP.DYN.AMRT.MA,341.453,341.195,339.135,337.508,336.002,333.865,330.742,328.731,326.162,324.141,321.462,316.733,314.275,309.353,303.99,298.335
Togo,TGO,"Mortality rate, infant (per 1,000 live births)",SP.DYN.IMRT.IN,70.8,68.7,66.7,64.7,62.8,61,59.3,57.7,56.1,54.6,53,51.4,49.8,48.3,46.8,45.4
Togo,TGO,"Mortality rate, under-5 (per 1,000 live births)",SH.DYN.MORT,119.6,116,112.5,109.1,105.9,102.7,99.7,96.9,94.1,91.4,88.7,85.9,83.3,80.7,78.1,75.6
Togo,TGO,"Prevalence of HIV, total (% of population ages 15-49)",SH.DYN.AIDS.ZS,3.7,3.7,3.6,3.5,3.4,3.3,3.2,3,2.9,2.8,2.7,2.7,2.6,2.5,2.4,2.3
Togo,TGO,"Incidence of tuberculosis (per 100,000 people)",SH.TBS.INCD,52,53,56,60,66,71,74,77,78,77,76,73,69,64,58,52
Togo,TGO,Diabetes prevalence (% of population ages 20 to 79),SH.STA.DIAB.ZS,..,..,..,..,..,..,..,..,..,..,..,3.3,..,..,..,..
Togo,TGO,"Physicians (per 1,000 people)",SH.MED.PHYS.ZS,..,0.057,..,..,0.044,..,..,0.048,0.056,..,0.0506,..,..,..,..,0.048
Togo,TGO,"Hospital beds (per 1,000 people)",SH.MED.BEDS.ZS,..,..,0.94,0.83,0.8,0.71,0.86,0.65,0.63,0.64,0.59,0.57,0.64,0.64,0.63,0.65
Togo,TGO,Current health expenditure (% of GDP),SH.XPD.CHEX.GD.ZS,2.7167244,2.8067522,2.82402873,2.86098099,3.00704718,3.22045183,3.36328101,3.67734432,3.74071932,3.92726755,4.33284378,4.38927078,4.64366484,4.78670263,4.90473413,6.21763563
Togo,TGO,Access to electricity (% of population),EG.ELC.ACCS.ZS,17,19.6,21.3,23,24.8,26.5,27.9,30,31.8,33.7,30.8,39.7,39.1,41,45.7,44.7
Togo,TGO,People using at least basic drinking water services (% of population),SH.H2O.BASW.ZS,45.4372036960573,46.6980356737527,47.9501645157205,49.1929340226041,50.4262466400398,51.6495137358889,52.8631440554872,54.0670389522031,55.2615475629644,56.4447735745853,57.618438906145,58.7907230046947,59.9571387044138,61.1116734437547,62.2550568439878,63.3871895989433
Togo,TGO,People using at least basic sanitation services (% of population),SH.STA.BASS.ZS,9.60294075298278,9.885647726804,10.17042045101,10.4570598974873,10.7455796253713,11.1773052397302,11.6195512765709,12.0722256956924,12.5354529601089,13.0082555482649,13.4914168494847,13.9893165783066,14.4998960284454,15.0199254601717,15.5497416677127,16.0892338025687
Togo,TGO,GDP per capita (current US$),NY.GDP.PCAP.CD,409.889802792768,396.692654520135,445.238691488925,538.16537776929,560.266308533382,551.259850017077,552.50227125256,607.588224471809,718.948786366771,720.694168794129,704.987164181378,783.989380490906,762.392047587088,826.543259457126,855.585284856656,751.052405084336
Togo,TGO,"School enrollment, secondary (% gross)",SE.SEC.ENRR,31.6074600219727,34.4402694702148,38.4870300292969,40.5968894958496,41.9863700866699,44.2280082702637,46.0299682617188,42.7597885131836,..,..,..,52.7706298828125,..,..,..,..
Trinidad and Tobago,TTO,"Life expectancy at birth, total (years)",SP.DYN.LE00.IN,68.629,68.874,69.232,69.454,69.879,70.185,70.437,70.797,71.117,71.404,71.809,72.232,72.513,72.785,72.898,72.882
Trinidad and Tobago,TTO,"Mortality rate, adult, female (per 1,000 female adults)",SP.DYN.AMRT.FE,157.555,152.648,146.528,141.323,133.591,129.528,123.934,119.23,115.777,114.103,111.006,109.241,107.17,106.827,106.343,107.809
Trinidad and Tobago,TTO,"Mortality rate, adult, male (per 1,000 male adults)",SP.DYN.AMRT.MA,241.189,238.188,232.562,229.445,223.198,218.619,217.05,212.98,207.55,203.153,197.172,190.211,187.251,184.57,184.702,188.147
Trinidad and Tobago,TTO,"Mortality rate, infant (per 1,000 live births)",SP.DYN.IMRT.IN,26.1,25.8,25.4,25,24.7,24.3,23.9,23.5,23,22.6,22.3,21.9,21.5,21.2,20.8,20.4
Trinidad and Tobago,TTO,"Mortality rate, under-5 (per 1,000 live births)",SH.DYN.MORT,28.8,28.4,28.1,27.6,27.2,26.8,26.4,25.9,25.5,25.1,24.7,24.3,23.8,23.5,23,22.6
Trinidad and Tobago,TTO,"Prevalence of HIV, total (% of population ages 15-49)",SH.DYN.AIDS.ZS,..,..,..,..,..,..,..,..,..,..,..,..,..,..,..,..
Trinidad and Tobago,TTO,"Incidence of tuberculosis (per 100,000 people)",SH.TBS.INCD,17,18,11,13,15,14,20,18,23,23,18,18,22,20,20,16
Trinidad and Tobago,TTO,Diabetes prevalence (% of population ages 20 to 79),SH.STA.DIAB.ZS,14.1,..,..,..,..,..,..,..,..,..,..,12.7,..,..,..,..
Trinidad and Tobago,TTO,"Physicians (per 1,000 people)",SH.MED.PHYS.ZS,0.957,0.922,0.783,0.767,..,..,1.156,1.114,..,1.422,1.703,1.712,..,..,..,2.487
Trinidad and Tobago,TTO,"Hospital beds (per 1,000 people)",SH.MED.BEDS.ZS,3.3,3.4000000954,..,3.3,..,2.6,2.7,2.7,2.5,2.6,2.01,..,2.55,2.53,2.79,2.38
Trinidad and Tobago,TTO,Current health expenditure (% of GDP),SH.XPD.CHEX.GD.ZS,4.23492479,4.0346489,4.72302485,4.18767118,4.30805206,4.43451166,4.15431976,4.1536026,3.6575706,5.48676443,5.08042908,4.72197914,4.59683371,4.77727127,4.83714819,5.61370945
Trinidad and Tobago,TTO,Access to electricity (% of population),EG.ELC.ACCS.ZS,91.3,96.3,96.5,96.7,96.8,95,100,100,100,99,100,97.5,100,100,100,100
Trinidad and Tobago,TTO,People using at least basic drinking water services (% of population),SH.H2O.BASW.ZS,92.204244926856,92.5626192854622,92.9207975095833,93.2787795992192,93.6365655543702,93.994155375036,94.3515490612168,94.7087466129125,95.0657480301233,95.4225533128488,95.7791624610893,96.1355754748447,96.4917923541151,97.3703479985086,97.7532628232891,98.1361776480696
Trinidad and Tobago,TTO,People using at least basic sanitation services (% of population),SH.STA.BASS.ZS,90.0446712831982,90.2962584033747,90.5481925246535,90.8004736470346,91.053101770518,91.3060768951038,91.5593990207918,91.8130681475821,92.0670842754747,92.3214474044696,92.5761575345668,92.8312146657663,93.0866187980682,93.3423699314723,93.4569381476012,93.5715063637301
Trinidad and Tobago,TTO,GDP per capita (current US$),NY.GDP.PCAP.CD,6178.58975559687,6657.41466937221,6762.93080808096,8445.04653518298,9871.03419820086,12346.4373094075,14152.6607422113,16606.675360681,21298.9945258063,14634.0565003912,16815.424737361,19151.0870229722,20332.1389531925,21304.9776454565,21908.3017802988,19887.2337359338
Trinidad and Tobago,TTO,"School enrollment, secondary (% gross)",SE.SEC.ENRR,..,..,..,..,84.2731094360352,..,..,..,..,..,..,..,..,..,..,..
Turkiye,TUR,"Life expectancy at birth, total (years)",SP.DYN.LE00.IN,71.931,72.271,72.605,72.906,73.223,73.51,73.804,74.129,74.38,74.679,74.964,74.823,75.552,76.171,76.452,76.539
Turkiye,TUR,"Mortality rate, adult, female (per 1,000 female adults)",SP.DYN.AMRT.FE,78.887,76.99,75.16,73.52,72.132,70.504,69.377,67.841,66.617,64.292,63.08,63.944,59.447,56.069,54.701,53.808
Turkiye,TUR,"Mortality rate, adult, male (per 1,000 male adults)",SP.DYN.AMRT.MA,171.658,168.945,166.355,164.422,161.675,160.207,157.407,154.585,152.144,147.769,143.625,145.759,136.498,128.298,123.751,123.431
Turkiye,TUR,"Mortality rate, infant (per 1,000 live births)",SP.DYN.IMRT.IN,30.8,28.6,26.5,24.6,22.8,21.1,19.5,18.1,16.9,15.7,14.7,13.8,12.9,12.2,11.5,11
Turkiye,TUR,"Mortality rate, under-5 (per 1,000 live births)",SH.DYN.MORT,37.4,34.7,32.2,29.9,27.7,25.7,23.8,22.1,20.6,19.2,17.9,16.8,15.8,14.9,14,13.3
Turkiye,TUR,"Prevalence of HIV, total (% of population ages 15-49)",SH.DYN.AIDS.ZS,..,..,..,..,..,..,..,..,..,..,..,..,..,..,..,..
Turkiye,TUR,"Incidence of tuberculosis (per 100,000 people)",SH.TBS.INCD,33,31,32,31,30,33,33,31,29,27,25,24,22,20,20,18
Turkiye,TUR,Diabetes prevalence (% of population ages 20 to 79),SH.STA.DIAB.ZS,..,..,..,..,..,..,..,..,..,..,..,7.9,..,..,..,..
Turkiye,TUR,"Physicians (per 1,000 people)",SH.MED.PHYS.ZS,1.33,1.38,1.393,1.413,1.433,1.468,1.501,1.538,1.587,1.643,1.687,1.699,1.724,1.747,1.736,1.774
Turkiye,TUR,"Hospital beds (per 1,000 people)",SH.MED.BEDS.ZS,2.1,2.16,2.49,2.47,2.46,2.49,2.5,2.53,2.57,2.61,2.74,2.62,2.66,2.64,2.65,2.63
Turkiye,TUR,Current health expenditure (% of GDP),SH.XPD.CHEX.GD.ZS,4.59957218,4.88784933,5.06227875,5.01427698,4.9096446,4.89389706,5.14591694,5.23760796,5.21761751,5.49438715,5.02053452,4.6530509,4.44444656,4.37099934,4.32517862,4.11690426
Turkiye,TUR,Access to electricity (% of population),EG.ELC.ACCS.ZS,99.9,99.9,99.8,99.8,99.7,99.7,99.7,99.7,99.7,99.7,100,100,100,100,100,100
Turkiye,TUR,People using at least basic drinking water services (% of population),SH.H2O.BASW.ZS,93.5641620053584,93.648936259095,93.8609044858042,94.068717766732,94.272489058569,94.4720884049668,94.6677536405168,94.8594257171087,95.047268531333,95.2311831609833,95.4113237133487,95.5877163488789,95.7604872217725,95.9293415955243,96.0945394558175,96.2561611638359
Turkiye,TUR,People using at least basic sanitation services (% of population),SH.STA.BASS.ZS,86.5361344531062,86.6959820833847,87.4907752435736,88.2696196723916,89.0329088153559,89.7801204779614,90.5121134362686,91.2286367889077,91.9302606191399,92.6166119371295,93.2882463978179,93.9452085969826,94.5879589135512,95.2154759040841,95.8286957053019,96.4279103152076
Turkiye,TUR,GDP per capita (current US$),NY.GDP.PCAP.CD,4192.44316738494,3045.55413956926,3583.19745897158,4637.88218501529,5960.77898909049,7303.01388860245,7953.07848024969,9711.22376120832,10843.5036940489,9012.99945793034,10622.7020439723,11300.7852215681,11713.2849831139,12578.1878632,12165.220135038,11049.9951100942
Turkiye,TUR,"School enrollment, secondary (% gross)",SE.SEC.ENRR,74.5879898071289,85.3136215209961,90.1109924316406,91.8227310180664,88.3136901855469,84.943717956543,88.5527877807617,90.7344512939453,89.0569686889648,80.1907424926758,84.2024002075195,87.80322265625,85.0204315185547,102.209701538086,105.97550201416,107.243186950684
Turks and Caicos Islands,TCA,"Life expectancy at birth, total (years)",SP.DYN.LE00.IN,73.972,74.409,74.843,75.262,75.63,75.954,76.197,76.427,76.084,76.672,76.784,76.87,76.969,77.1,77.212,77.321
Turks and Caicos Islands,TCA,"Mortality rate, adult, female (per 1,000 female adults)",SP.DYN.AMRT.FE,122.277,114.889,107.489,100.734,95.241,91.007,88.279,86.305,91.727,84.96,84.377,83.456,82.525,81.098,79.643,78.336
Turks and Caicos Islands,TCA,"Mortality rate, adult, male (per 1,000 male adults)",SP.DYN.AMRT.MA,151.2,146.06,140.97,136.439,132.376,128.625,125.55,122.671,122.943,119.513,118.088,117.369,116.304,115.151,114.329,113.635
Turks and Caicos Islands,TCA,"Mortality rate, infant (per 1,000 live births)",SP.DYN.IMRT.IN,7.9,7.5,7.2,6.9,6.6,6.3,6.1,5.9,5.7,5.6,5.5,5.3,5.2,5.1,5,4.9
Turks and Caicos Islands,TCA,"Mortality rate, under-5 (per 1,000 live births)",SH.DYN.MORT,10.7,10.2,9.7,9.3,9,8.7,8.4,8.1,7.9,7.7,7.5,7.4,7.2,7.1,6.9,6.8
Turks and Caicos Islands,TCA,"Prevalence of HIV, total (% of population ages 15-49)",SH.DYN.AIDS.ZS,..,..,..,..,..,..,..,..,..,..,..,..,..,..,..,..
Turks and Caicos Islands,TCA,"Incidence of tuberculosis (per 100,000 people)",SH.TBS.INCD,18,18,17,32,30,31,32,30,28,27,23,34,29,6.8,3.3,6.3
Turks and Caicos Islands,TCA,Diabetes prevalence (% of population ages 20 to 79),SH.STA.DIAB.ZS,..,..,..,..,..,..,..,..,..,..,..,..,..,..,..,..
Turks and Caicos Islands,TCA,"Physicians (per 1,000 people)",SH.MED.PHYS.ZS,..,..,..,..,..,..,..,..,..,..,..,..,..,..,..,..
Turks and Caicos Islands,TCA,"Hospital beds (per 1,000 people)",SH.MED.BEDS.ZS,..,..,..,..,..,..,..,..,..,..,..,..,..,..,..,..
Turks and Caicos Islands,TCA,Current health expenditure (% of GDP),SH.XPD.CHEX.GD.ZS,..,..,..,..,..,..,..,..,..,..,..,..,..,..,..,..
Turks and Caicos Islands,TCA,Access to electricity (% of population),EG.ELC.ACCS.ZS,95.6,94.9,95.2,95.4,95.7,96,96.2,96.6,96.9,100,100,100,93.1,100,100,100
Turks and Caicos Islands,TCA,People using at least basic drinking water services (% of population),SH.H2O.BASW.ZS,..,..,..,..,..,..,..,..,..,..,..,..,..,..,..,..
Turks and Caicos Islands,TCA,People using at least basic sanitation services (% of population),SH.STA.BASS.ZS,..,..,..,..,..,..,..,..,..,..,..,..,..,..,..,..
Turks and Caicos Islands,TCA,GDP per capita (current US$),NY.GDP.PCAP.CD,..,18325.7458111974,17803.9471767733,18859.1890274773,21246.00980049,24122.3028180757,28734.2873064523,29443.8523030072,31453.8228752689,24596.8938015951,23093.8498268267,23626.726317837,22633.9527500233,22412.2069354887,24014.2653352354,25736.101625461
Turks and Caicos Islands,TCA,"School enrollment, secondary (% gross)",SE.SEC.ENRR,79.0275802612305,..,..,78.9801025390625,84.770637512207,95.0579605102539,..,..,..,108.944358825684,..,..,..,..,72.6863226863227,81.0204081632653
Uganda,UGA,"Life expectancy at birth, total (years)",SP.DYN.LE00.IN,49.64,50.576,51.443,52.414,53.699,54.926,56.118,57.248,58.253,59.157,59.959,60.791,61.579,62.353,63.057,63.831
Uganda,UGA,"Mortality rate, adult, female (per 1,000 female adults)",SP.DYN.AMRT.FE,448.613,438.242,426.592,413.672,397.433,380.853,365.362,351.138,338.012,325.53,314.44,306.092,294.25,282.132,270.207,258.414
Uganda,UGA,"Mortality rate, adult, male (per 1,000 male adults)",SP.DYN.AMRT.MA,500.302,488.053,482.553,471.051,453.063,436.295,419.719,403.754,391.871,383.111,375.993,365.371,357.612,349.39,343.422,332.567
Uganda,UGA,"Mortality rate, infant (per 1,000 live births)",SP.DYN.IMRT.IN,89.8,85.9,81.4,76.6,71.7,67,62.7,58.7,55.1,52.4,49.5,46.7,44.1,42.2,40.3,38.4
Uganda,UGA,"Mortality rate, under-5 (per 1,000 live births)",SH.DYN.MORT,145.6,138.8,131.2,123.1,114.9,107,99.7,93,86.9,81.4,76.1,71,66.7,62.4,59.1,55.8
Uganda,UGA,"Prevalence of HIV, total (% of population ages 15-49)",SH.DYN.AIDS.ZS,8.5,8.2,8,7.7,7.6,7.5,7.4,7.3,7.2,7.2,7.2,7.1,7.1,7,6.9,6.8
Uganda,UGA,"Incidence of tuberculosis (per 100,000 people)",SH.TBS.INCD,276,266,256,248,240,233,227,222,217,213,210,207,205,203,202,202
Uganda,UGA,Diabetes prevalence (% of population ages 20 to 79),SH.STA.DIAB.ZS,..,..,..,..,..,..,..,..,..,..,..,2.8,..,..,..,..
Uganda,UGA,"Physicians (per 1,000 people)",SH.MED.PHYS.ZS,..,..,0.047,..,0.081,0.12,..,..,..,..,..,..,0.098,..,..,0.097
Uganda,UGA,"Hospital beds (per 1,000 people)",SH.MED.BEDS.ZS,..,..,..,..,0.7,1,1.1,..,..,0.4,0.5,..,..,..,..,..
Uganda,UGA,Current health expenditure (% of GDP),SH.XPD.CHEX.GD.ZS,5.0827446,5.05204916,4.77133131,4.2991581,4.70022202,5.80516291,6.463305,6.11309004,5.45474958,5.78845549,6.80890226,6.6959095,6.10853958,5.78252411,5.33653069,4.99643135
Uganda,UGA,Access to electricity (% of population),EG.ELC.ACCS.ZS,7.4,8.6,7.8,10.5,11.6,8.9,9,14.8,15.9,10,12.1,14.6,20.5,13.9,20.4,18.5
Uganda,UGA,People using at least basic drinking water services (% of population),SH.H2O.BASW.ZS,26.4169299289341,27.6913009833106,28.9911541004358,30.3158892746361,31.6653580235931,33.0370258975585,34.4326103679449,35.8500319866444,37.2895087674594,38.7494337829867,40.229957437106,41.7298870287119,43.2488591030294,44.7848792369786,46.3387388137212,47.9088089711991
Uganda,UGA,People using at least basic sanitation services (% of population),SH.STA.BASS.ZS,16.3794946916106,16.5975952479298,16.8151542285613,17.0321532501804,17.2487008096089,17.4642525560946,17.6794433895241,17.893860360696,18.107742128752,18.3208073608516,18.5332942492702,18.7450509527494,18.9561823261431,19.1662858984987,19.3758464383761,19.5845877472555
Uganda,UGA,GDP per capita (current US$),NY.GDP.PCAP.CD,258.050338731086,236.021188853993,241.984688408335,250.71543664681,292.38185796262,330.405402707025,346.518255310647,401.389130865581,472.842681495852,798.947089938247,823.488144282,835.620060555838,795.222867553127,818.285427416713,896.054795546394,862.934610355811
Uganda,UGA,"School enrollment, secondary (% gross)",SE.SEC.ENRR,..,..,..,..,19.1225490570068,..,..,24.0911102294922,..,..,..,..,..,..,..,..
Tuvalu,TUV,"Life expectancy at birth, total (years)",SP.DYN.LE00.IN,63.536,63.709,63.825,63.897,63.989,64.096,64.247,64.402,64.516,64.693,64.834,64.96,65.079,65.171,65.278,65.365
Tuvalu,TUV,"Mortality rate, adult, female (per 1,000 female adults)",SP.DYN.AMRT.FE,237.075,235.117,233.469,232.57,231.48,230.119,228.665,227.017,225.519,223.52,221.15,219.161,216.799,215.137,213.096,210.656
Tuvalu,TUV,"Mortality rate, adult, male (per 1,000 male adults)",SP.DYN.AMRT.MA,326.116,324.349,324.56,325.54,326.515,327.327,326.786,326.318,327.584,327.172,328.338,329.652,331.346,333.058,334.267,336.159
Tuvalu,TUV,"Mortality rate, infant (per 1,000 live births)",SP.DYN.IMRT.IN,35.8,35,34.3,33.6,32.9,32.1,31.2,30.1,29,27.8,26.7,25.7,24.7,23.9,23.1,22.3
Tuvalu,TUV,"Mortality rate, under-5 (per 1,000 live births)",SH.DYN.MORT,42.6,41.6,40.7,39.8,38.9,38,36.8,35.6,34.2,32.8,31.4,30.2,29.1,28,27.1,26.1
Tuvalu,TUV,"Prevalence of HIV, total (% of population ages 15-49)",SH.DYN.AIDS.ZS,0.2,0.2,0.2,0.2,0.2,0.3,0.3,0.3,0.3,0.3,0.3,0.3,0.3,0.3,0.3,0.3
Tuvalu,TUV,"Incidence of tuberculosis (per 100,000 people)",SH.TBS.INCD,196,194,156,367,186,138,102,203,190,199,153,130,203,191,157,207
Tuvalu,TUV,Diabetes prevalence (% of population ages 20 to 79),SH.STA.DIAB.ZS,..,..,..,..,..,..,..,..,..,..,..,19.2,..,..,..,..
Tuvalu,TUV,"Physicians (per 1,000 people)",SH.MED.PHYS.ZS,..,..,0.625,1.031,..,..,..,..,0.971,1.154,..,..,..,..,0.917,..
Tuvalu,TUV,"Hospital beds (per 1,000 people)",SH.MED.BEDS.ZS,..,4.16,..,..,..,..,..,..,..,..,..,..,..,..,..,..
Tuvalu,TUV,Current health expenditure (% of GDP),SH.XPD.CHEX.GD.ZS,22.2817421,17.96548271,11.83691788,13.70337105,9.33149719,10.02975655,11.9034977,10.08181572,9.63604927,12.30976868,15.37378216,13.79316521,13.1547184,14.34195709,14.93791771,13.38872242
Tuvalu,TUV,Access to electricity (% of population),EG.ELC.ACCS.ZS,94.6,94.8,94.6,95.1,95.3,95.5,95.7,96.7,96.2,96.5,96.7,97,97.7,97.6,97.9,98.1
Tuvalu,TUV,People using at least basic drinking water services (% of population),SH.H2O.BASW.ZS,98.8075336653222,98.8325857832986,98.8575202871561,98.8803845725294,98.9020059592742,98.9233576645894,98.9444398185269,98.9652450707423,98.9857760903059,99.0060686415272,99.0261043165722,99.0458963564705,99.0654309075515,99.0847563253498,99.1039810055888,99.1231344003368
Tuvalu,TUV,People using at least basic sanitation services (% of population),SH.STA.BASS.ZS,80.285668510144,80.6866469996098,81.0851954518368,81.4976582856881,81.9130255430709,82.3222115124185,82.465422660339,82.5992351799769,82.7236980354576,82.8387605662568,82.9445482014369,83.0411484157224,83.1286254862922,83.2070227658405,83.276404999062,83.3371012284557
Tuvalu,TUV,GDP per capita (current US$),NY.GDP.PCAP.CD,1579.41906275542,1456.78409421177,1750.25175052348,2006.84249941442,2322.56265072892,2304.82694329052,2396.26844307702,2794.16310084119,3088.30877413836,2683.96749549583,3024.8170790571,3636.08139989792,3598.46163091053,3510.21640142483,3528.85858102782,3357.83417700071
Tuvalu,TUV,"School enrollment, secondary (% gross)",SE.SEC.ENRR,..,72.7853164672852,..,..,..,..,..,..,..,..,..,..,..,..,79.6419067382812,87.6274566650391
Ukraine,UKR,"Life expectancy at birth, total (years)",SP.DYN.LE00.IN,67.786,67.675,67.699,67.638,67.472,67.517,67.49,67.715,68.262,69.159,70.188,70.711,71.09,71.474,71.803,72.686
Ukraine,UKR,"Mortality rate, adult, female (per 1,000 female adults)",SP.DYN.AMRT.FE,134.631,137.267,139.534,142.803,146.063,146.165,146.41,144.841,139.988,130.561,119.21,113.957,111.633,108.886,105.606,100.358
Ukraine,UKR,"Mortality rate, adult, male (per 1,000 male adults)",SP.DYN.AMRT.MA,372.165,378.783,380.394,386.335,393.276,393.912,394.775,390.734,374.507,345.795,313.243,300.253,294.532,289.204,285.569,268.138
Ukraine,UKR,"Mortality rate, infant (per 1,000 live births)",SP.DYN.IMRT.IN,17.6,16.8,16,15.3,14.6,14,13.5,13,12.5,11.9,11.4,10.8,10.3,9.9,9.5,9.2
Ukraine,UKR,"Mortality rate, under-5 (per 1,000 live births)",SH.DYN.MORT,18.3,17.5,16.6,15.8,15.1,14.5,14,13.4,12.9,12.3,11.7,11.2,10.7,10.2,9.8,9.4
Ukraine,UKR,"Prevalence of HIV, total (% of population ages 15-49)",SH.DYN.AIDS.ZS,..,..,..,..,..,..,..,..,..,..,..,..,..,..,..,..
Ukraine,UKR,"Incidence of tuberculosis (per 100,000 people)",SH.TBS.INCD,114,119,123,126,127,127,125,123,119,115,110,105,101,96,94,91
Ukraine,UKR,Diabetes prevalence (% of population ages 20 to 79),SH.STA.DIAB.ZS,..,..,..,..,..,..,..,..,..,..,..,2.9,..,..,..,..
Ukraine,UKR,"Physicians (per 1,000 people)",SH.MED.PHYS.ZS,3.027,3.027,3.019,3.008,3.013,3.017,3.085,3.092,3.124,3.499,3.491,3.492,3.495,3.495,2.99,..
Ukraine,UKR,"Hospital beds (per 1,000 people)",SH.MED.BEDS.ZS,8.88,8.87,8.9,8.82,8.73,8.69,8.73,8.73,8.75,9.41,9.38,9.05,8.91,8.79,7.44,7.4
Ukraine,UKR,Current health expenditure (% of GDP),SH.XPD.CHEX.GD.ZS,5.30685186,5.72534418,5.99220037,6.54574108,6.16856956,6.3461585,6.4171896,6.01776791,5.49754429,6.60991716,6.81387615,6.81669855,7.11789227,6.94358015,7.19506168,7.78352833
Ukraine,UKR,Access to electricity (% of population),EG.ELC.ACCS.ZS,99.1,99.2,99.3,99.3,99.4,99.9,99.5,99.8,99.8,99.9,100,100,99.9,100,100,100
Ukraine,UKR,People using at least basic drinking water services (% of population),SH.H2O.BASW.ZS,98.1435324295566,98.1941878154647,98.226721419085,98.2255003028904,97.7614299502735,97.29496669472,96.8250032006158,96.3519760050282,95.8759133368346,95.3968359032478,94.916763036789,94.4352499335215,93.9522797921632,93.7881501406335,93.3220713767913,93.3615879463185
Ukraine,UKR,People using at least basic sanitation services (% of population),SH.STA.BASS.ZS,94.2711233894782,94.4312625116199,94.5959479482973,94.7632543142574,94.9844950302308,95.2060323503047,95.4253168361663,95.6432550773244,95.8599069928416,96.075221253388,96.2858797015542,96.4960081675647,96.7056439605869,96.91478916539,97.1234363074377,97.278648266922
Ukraine,UKR,GDP per capita (current US$),NY.GDP.PCAP.CD,653.294311523438,800.49072265625,903.011901855469,1076.48156738281,1401.01806640625,1875.33508300781,2366.494140625,3160.32763671875,4017.806640625,2607.08764648438,3039.63232421875,3656.69799804688,3951.34228515625,4129.89697265625,3054.908203125,2094.47387695313
Ukraine,UKR,"School enrollment, secondary (% gross)",SE.SEC.ENRR,97.8325805664062,99.4165725708008,100.038528442383,101.250122070312,98.8390197753906,95.1181106567383,97.1627883911133,97.6914291381836,97.740348815918,97.3778762817383,98.1416817681323,96.1171826388401,99.4775493061556,99.4303801060075,98.2963249258606,90.502896110392
United Kingdom,GBR,"Life expectancy at birth, total (years)",SP.DYN.LE00.IN,77.7414634146342,77.9926829268293,78.1439024390244,78.4463414634146,78.7463414634146,79.0487804878049,79.2487804878049,79.4487804878049,79.6,80.0512195121951,80.4024390243902,80.9512195121951,80.9048780487805,81.0048780487805,81.3048780487805,80.9560975609756
United Kingdom,GBR,"Mortality rate, adult, female (per 1,000 female adults)",SP.DYN.AMRT.FE,67.6,65.765,64.844,64.551,62.084,61.571,60.813,60.006,60.097,58.132,57.445,55.723,54.293,53.751,53.443,53.822
United Kingdom,GBR,"Mortality rate, adult, male (per 1,000 male adults)",SP.DYN.AMRT.MA,108.445,107.221,105.896,103.807,99.554,97.444,99.258,97.559,96.722,94.258,91.112,87.266,83.863,85.055,83.741,84.408
United Kingdom,GBR,"Mortality rate, infant (per 1,000 live births)",SP.DYN.IMRT.IN,5.5,5.5,5.4,5.3,5.2,5.1,5,4.9,4.8,4.6,4.4,4.3,4.1,4,3.9,3.9
United Kingdom,GBR,"Mortality rate, under-5 (per 1,000 live births)",SH.DYN.MORT,6.5,6.4,6.3,6.3,6.1,6,5.9,5.8,5.6,5.4,5.2,5,4.8,4.6,4.5,4.5
United Kingdom,GBR,"Prevalence of HIV, total (% of population ages 15-49)",SH.DYN.AIDS.ZS,..,..,..,..,..,..,..,..,..,..,..,..,..,..,..,..
United Kingdom,GBR,"Incidence of tuberculosis (per 100,000 people)",SH.TBS.INCD,12,11,13,13,13,15,15,15,15,15,14,15,15,13,11,10
United Kingdom,GBR,Diabetes prevalence (% of population ages 20 to 79),SH.STA.DIAB.ZS,..,..,..,..,..,..,..,..,..,..,..,5.2,..,..,..,..
United Kingdom,GBR,"Physicians (per 1,000 people)",SH.MED.PHYS.ZS,1.994,2.043,2.114,2.201,2.331,2.408,2.46,2.492,2.571,2.653,2.656,2.691,2.697,2.706,2.742,2.773
United Kingdom,GBR,"Hospital beds (per 1,000 people)",SH.MED.BEDS.ZS,4.08,4.04,3.98,3.95,3.86,3.72,3.54,3.39,3.34,3.27,2.93,2.88,2.8,2.75,2.72,2.61
United Kingdom,GBR,Current health expenditure (% of GDP),SH.XPD.CHEX.GD.ZS,7.15692902,7.45211363,7.87847328,8.07831287,8.3386755,8.39430904,8.54522514,8.75711441,9.04033756,9.84771252,9.78937912,9.7956152,9.89160061,9.97822475,9.90305996,9.83625221
United Kingdom,GBR,Access to electricity (% of population),EG.ELC.ACCS.ZS,100,100,100,100,100,100,100,100,100,100,100,100,100,100,100,100
United Kingdom,GBR,People using at least basic drinking water services (% of population),SH.H2O.BASW.ZS,100,99.9999977127832,99.9999974333758,99.9999964375404,99.9999976821314,100,99.9999987151275,99.9999996429194,100,100,100,99.9999973952721,100,99.9999998056057,99.9999983476075,100
United Kingdom,GBR,People using at least basic sanitation services (% of population),SH.STA.BASS.ZS,99.1299891711561,99.1295452983999,99.1282474145289,99.1269663729202,99.1256963098224,99.1244483928736,99.1231985838478,99.1219720252075,99.1207558594352,99.1195555384368,99.118367727228,99.1171871098557,99.1160215787313,99.1148573201611,99.1137029504261,99.112560824957
United Kingdom,GBR,GDP per capita (current US$),NY.GDP.PCAP.CD,28280.926786099,27906.5695029641,30077.741432188,34442.6875402308,40366.8886650968,42104.7884375024,44512.4590296865,50397.6854954706,47396.1202078484,38744.131693043,39598.957119545,42109.6418795749,42490.1465463521,43419.0352598932,47426.6209829995,44983.885522934
United Kingdom,GBR,"School enrollment, secondary (% gross)",SE.SEC.ENRR,101.204376220703,101.229789733887,102.614517211914,102.157051086426,104.942932128906,105.705039978027,98.46826171875,97.7785110473633,98.8159027099609,100.634742736816,103.46118927002,94.1645431518555,92.5110778808594,125.997467041016,128.713027954102,125.97688293457
Uruguay,URY,"Life expectancy at birth, total (years)",SP.DYN.LE00.IN,74.693,74.987,74.979,75.086,75.319,75.829,75.888,76.15,76.275,76.67,76.691,76.614,76.691,76.953,77.194,77.285
Uruguay,URY,"Mortality rate, adult, female (per 1,000 female adults)",SP.DYN.AMRT.FE,88.868,89.994,89.429,89.318,88.674,86.238,85.199,83.547,83.478,81.995,81.403,81.567,81.154,80.409,80.14,79.348
Uruguay,URY,"Mortality rate, adult, male (per 1,000 male adults)",SP.DYN.AMRT.MA,176.509,172.969,168.132,166.735,163.902,161.549,162.206,159.412,159.085,156.339,156.387,155.529,155.082,152.93,151.156,147.718
Uruguay,URY,"Mortality rate, infant (per 1,000 live births)",SP.DYN.IMRT.IN,14.7,14.3,14,13.6,13.1,12.4,11.6,10.9,10.2,9.7,9.2,8.8,8.5,8.2,7.9,7.5
Uruguay,URY,"Mortality rate, under-5 (per 1,000 live births)",SH.DYN.MORT,17,16.6,16.2,15.8,15.2,14.4,13.5,12.7,11.9,11.3,10.8,10.4,10,9.7,9.3,8.9
Uruguay,URY,"Prevalence of HIV, total (% of population ages 15-49)",SH.DYN.AIDS.ZS,..,..,..,..,..,..,..,..,..,..,..,..,..,..,..,..
Uruguay,URY,"Incidence of tuberculosis (per 100,000 people)",SH.TBS.INCD,23,24,19,23,25,22,19,21,24,24,24,28,28,30,30,31
Uruguay,URY,Diabetes prevalence (% of population ages 20 to 79),SH.STA.DIAB.ZS,..,..,..,..,..,..,..,..,..,..,..,5.7,..,..,..,..
Uruguay,URY,"Physicians (per 1,000 people)",SH.MED.PHYS.ZS,..,..,3.746,..,..,..,..,..,3.956,..,..,..,..,..,..,..
Uruguay,URY,"Hospital beds (per 1,000 people)",SH.MED.BEDS.ZS,..,..,..,1.8999999762,..,1.04,0.99,0.98,0.95,1.1,2.58,2.55,2.52,2.51,2.47,2.45
Uruguay,URY,Current health expenditure (% of GDP),SH.XPD.CHEX.GD.ZS,9.17182446,9.75702,9.64023018,9.57667351,8.26618195,7.72390509,7.70998907,7.46167231,8.09081745,7.91611385,7.87757301,7.91521358,8.03330803,8.0844841,8.038908,8.25703716
Uruguay,URY,Access to electricity (% of population),EG.ELC.ACCS.ZS,97.6,97.7,97.8,97.9,98,98,98.5,98.7,98.8,99.1,99.3,99.2,99.6,99.6,99.7,99.7
Uruguay,URY,People using at least basic drinking water services (% of population),SH.H2O.BASW.ZS,96.979327450984,97.0455793320333,97.1141025553808,97.1809653076757,97.2456872380091,97.457299940853,97.6603940754754,97.8550725077812,98.0418784087256,98.2209436100955,98.3929293447382,98.5579482470455,98.7083810648102,98.8525781207321,98.9935587469069,99.1313996037366
Uruguay,URY,People using at least basic sanitation services (% of population),SH.STA.BASS.ZS,93.3770953283097,93.4011322152826,93.4243827568231,93.4470221342464,93.4688785833992,93.6116301967088,93.9238054748759,94.2330818313246,94.5396596656121,94.8435866239636,95.1450993148589,95.4442372194476,95.7386107960273,96.0310782362742,96.3226403425683,96.6133171098745
Uruguay,URY,GDP per capita (current US$),NY.GDP.PCAP.CD,6987.70098766257,6382.76104740859,4149.76140312687,3671.12329256883,4168.66065438387,5284.25677987129,6001.33294783172,7222.05403645877,9423.96562595893,9881.39573127081,12641.0576849008,15132.2675725587,16259.5940814256,18335.2594772322,18322.4276767157,17125.9016800298
Uruguay,URY,"School enrollment, secondary (% gross)",SE.SEC.ENRR,96.8511276245117,100.673240661621,105.918418884277,109.803192138672,108.258857727051,102.750953674316,102.318283081055,92.9150619506836,88.0473403930664,89.2928771972656,98.6642990112305,101.560180664062,102.977226257324,104.664520263672,106.469367980957,108.043296813965
Vanuatu,VUT,"Life expectancy at birth, total (years)",SP.DYN.LE00.IN,68.586,68.722,68.836,68.933,68.985,69.166,69.126,69.144,69.302,69.422,69.57,69.729,69.898,69.986,70.043,70.163
Vanuatu,VUT,"Mortality rate, adult, female (per 1,000 female adults)",SP.DYN.AMRT.FE,153.417,152.918,152.347,152.652,153.62,150.859,150.229,147.616,144.758,143.633,142.365,141.164,139.366,139.953,140.846,140.48
Vanuatu,VUT,"Mortality rate, adult, male (per 1,000 male adults)",SP.DYN.AMRT.MA,214.978,212.284,211.113,209.335,208.481,206.757,211.514,216.227,216.278,216.441,215.902,214.123,212.3,211.184,208.331,206.596
Vanuatu,VUT,"Mortality rate, infant (per 1,000 live births)",SP.DYN.IMRT.IN,21.4,21.1,20.8,20.4,20.1,19.8,19.5,19,18.5,17.9,17.3,16.8,16.3,16,15.7,15.4
Vanuatu,VUT,"Mortality rate, under-5 (per 1,000 live births)",SH.DYN.MORT,26.8,26.3,25.8,25.4,25,24.5,24,23.4,22.7,22,21.2,20.5,19.9,19.4,19,18.7
Vanuatu,VUT,"Prevalence of HIV, total (% of population ages 15-49)",SH.DYN.AIDS.ZS,0.1,0.1,0.1,0.1,0.1,0.1,0.1,0.1,0.1,0.1,0.1,0.1,0.1,0.1,0.1,0.1
Vanuatu,VUT,"Incidence of tuberculosis (per 100,000 people)",SH.TBS.INCD,110,123,69,69,86,83,80,77,74,72,69,67,65,62,63,63
Vanuatu,VUT,Diabetes prevalence (% of population ages 20 to 79),SH.STA.DIAB.ZS,..,..,..,..,..,..,..,..,..,..,..,16.1,..,..,..,..
Vanuatu,VUT,"Physicians (per 1,000 people)",SH.MED.PHYS.ZS,..,..,..,..,0.141,..,..,0.114,0.111,..,..,..,0.179,..,..,..
Vanuatu,VUT,"Hospital beds (per 1,000 people)",SH.MED.BEDS.ZS,..,3.0999999046,..,3.7,..,4.1,..,..,1.68,..,..,..,..,..,..,..
Vanuatu,VUT,Current health expenditure (% of GDP),SH.XPD.CHEX.GD.ZS,3.30683255,3.38728333,3.90437746,3.50691938,3.53991532,3.30528617,3.32189322,3.1078558,3.13810205,3.25197887,3.52656102,3.59819388,3.9356277,4.39234495,3.64668846,4.32168293
Vanuatu,VUT,Access to electricity (% of population),EG.ELC.ACCS.ZS,22.2,24,25.7,27.5,29.2,31,26.4,33.6,36.5,33.3,44.1,42,43.9,31.7,49.1,52.3
Vanuatu,VUT,People using at least basic drinking water services (% of population),SH.H2O.BASW.ZS,83.3770902301555,83.4244118648733,83.4720682081339,83.5203977320197,83.5690733677971,83.9968978882666,84.4565689198112,84.9148534741011,85.371886109248,85.8276321256691,86.2630726639574,86.6864691099359,87.1096489174543,87.5324642269516,87.9549094238291,88.3769869401163
Vanuatu,VUT,People using at least basic sanitation services (% of population),SH.STA.BASS.ZS,55.4460006828416,55.5001223291002,55.5546282634721,55.6099056323237,55.6655748127855,55.2398365873063,54.8068887489516,54.3665016686827,53.9188034157125,53.4637353755306,52.9826267950857,52.485065010833,51.9829909376533,51.4762643138622,50.9648869214256,50.4488652197537
Vanuatu,VUT,GDP per capita (current US$),NY.GDP.PCAP.CD,1460.23817692229,1350.18338238522,1340.71537528287,1566.51396790858,1774.31867585894,1873.99142640619,2034.79289624351,2333.70506748914,2603.60883136724,2546.38324565986,2815.18828985779,3163.1861645138,3004.78416664293,2979.79608084399,2973.09026493408,2854.89412272653
Vanuatu,VUT,"School enrollment, secondary (% gross)",SE.SEC.ENRR,34.476390838623,34.9720115661621,38.2522010803223,38.7092895507812,40.8122901916504,..,..,..,..,..,55.240120859084,..,..,..,..,57.2510185241699
United Arab Emirates,ARE,"Life expectancy at birth, total (years)",SP.DYN.LE00.IN,76.347,77.621,78.721,79.6,80.272,80.779,81.155,81.438,81.591,81.679,81.886,81.898,81.913,81.95,81.99,82.076
United Arab Emirates,ARE,"Mortality rate, adult, female (per 1,000 female adults)",SP.DYN.AMRT.FE,71.684,57.964,47.268,39.564,34.232,30.548,28.035,26.385,25.392,24.886,24.675,24.575,24.419,24.035,23.307,22.34
United Arab Emirates,ARE,"Mortality rate, adult, male (per 1,000 male adults)",SP.DYN.AMRT.MA,113.525,95.202,80.556,69.934,62.631,57.585,54.061,51.533,49.6,48.008,46.692,45.587,44.668,43.882,43.187,42.54
United Arab Emirates,ARE,"Mortality rate, infant (per 1,000 live births)",SP.DYN.IMRT.IN,8.5,8.3,8.2,8,7.9,7.7,7.6,7.5,7.3,7.2,7,6.8,6.7,6.5,6.3,6.1
United Arab Emirates,ARE,"Mortality rate, under-5 (per 1,000 live births)",SH.DYN.MORT,10.7,10.5,10.3,10.1,10,9.8,9.6,9.4,9.2,9,8.8,8.6,8.4,8.2,7.9,7.7
United Arab Emirates,ARE,"Prevalence of HIV, total (% of population ages 15-49)",SH.DYN.AIDS.ZS,0.1,0.1,0.1,0.1,0.1,0.1,0.1,0.1,0.1,0.1,0.1,0.1,0.1,0.1,0.1,0.1
United Arab Emirates,ARE,"Incidence of tuberculosis (per 100,000 people)",SH.TBS.INCD,3.8,2.3,2.6,3.2,2.4,2.5,2.1,2,1.7,2,2.2,1.6,1.2,1.2,0.84,0.81
United Arab Emirates,ARE,Diabetes prevalence (% of population ages 20 to 79),SH.STA.DIAB.ZS,..,..,..,..,..,..,..,..,..,..,..,18.8,..,..,..,..
United Arab Emirates,ARE,"Physicians (per 1,000 people)",SH.MED.PHYS.ZS,1.724,1.896,1.917,2.021,1.954,1.628,1.439,1.476,1.664,1.503,1.431,1.499,1.558,1.83,2.081,2.297
United Arab Emirates,ARE,"Hospital beds (per 1,000 people)",SH.MED.BEDS.ZS,2.11,2.13,2.12,2.15,1.95,1.43,1.88,1.42,1.26,1.15,1.04,1.06,1.11,1.12,1.2,1.39
United Arab Emirates,ARE,Current health expenditure (% of GDP),SH.XPD.CHEX.GD.ZS,2.39504457,2.48436403,2.71770859,2.64634395,2.46225643,2.3202107,2.3254137,2.56602693,2.92857623,4.05000162,3.74433136,3.56666398,3.33596373,3.50222182,3.53405499,3.46609354
United Arab Emirates,ARE,Access to electricity (% of population),EG.ELC.ACCS.ZS,100,100,100,100,100,100,100,100,100,100,100,100,100,100,100,100
United Arab Emirates,ARE,People using at least basic drinking water services (% of population),SH.H2O.BASW.ZS,99.6158329815122,99.6138876852048,99.6347976445508,99.6559646312272,99.6773750061675,99.6990302515039,99.7209169834186,99.7430408853506,99.7654102578395,99.7879943478235,99.810795681157,99.8338057352249,99.8570110781205,99.8804085301789,99.9039888768332,99.9277462664831
United Arab Emirates,ARE,People using at least basic sanitation services (% of population),SH.STA.BASS.ZS,99.1608562687894,99.1568692677947,99.1529465456158,99.1490935685075,99.1452966979577,99.1415743809472,99.1379009655466,99.1343253791665,99.1308648663804,99.1274836760385,99.1241989402121,99.1210028225172,99.1178971015922,99.1148786579815,99.1119372568117,99.1090909356026
United Arab Emirates,ARE,GDP per capita (current US$),NY.GDP.PCAP.CD,29865.502347066,27745.1708087672,27753.6089526346,29659.5428567811,33376.7152295209,38719.3138307623,44342.6048322482,45854.7325158162,50054.1700681803,37803.0663738777,43696.6712590463,50789.050540755,52034.4762476071,52023.5170959441,51381.4069901746,43534.9972694631
United Arab Emirates,ARE,"School enrollment, secondary (% gross)",SE.SEC.ENRR,..,..,..,..,..,..,..,..,..,..,..,..,..,..,..,..
United States,USA,"Life expectancy at birth, total (years)",SP.DYN.LE00.IN,76.6365853658537,76.8365853658537,76.9365853658537,77.0365853658537,77.4878048780488,77.4878048780488,77.6878048780488,77.9878048780488,78.0390243902439,78.390243902439,78.5414634146342,78.6414634146341,78.7414634146342,78.7414634146342,78.8414634146341,78.690243902439
United States,USA,"Mortality rate, adult, female (per 1,000 female adults)",SP.DYN.AMRT.FE,83.359,84.172,83.72,83.557,81.47,81.507,80.928,79.447,78.705,79.055,77.159,77.926,77.717,78.083,79.372,80.429
United States,USA,"Mortality rate, adult, male (per 1,000 male adults)",SP.DYN.AMRT.MA,143.926,144.307,144.378,143.909,140.559,141.969,141.119,138.605,136.811,134.966,131.884,132.138,131.345,131.259,131.878,134.303
United States,USA,"Mortality rate, infant (per 1,000 live births)",SP.DYN.IMRT.IN,7.1,7,7,6.9,6.8,6.8,6.7,6.6,6.5,6.4,6.2,6.1,6,5.9,5.8,5.8
United States,USA,"Mortality rate, under-5 (per 1,000 live births)",SH.DYN.MORT,8.4,8.3,8.2,8.1,8.1,8,7.9,7.7,7.6,7.5,7.3,7.2,7,6.9,6.8,6.8
United States,USA,"Prevalence of HIV, total (% of population ages 15-49)",SH.DYN.AIDS.ZS,..,..,..,..,..,..,..,..,..,..,..,..,..,..,..,..
United States,USA,"Incidence of tuberculosis (per 100,000 people)",SH.TBS.INCD,6.7,6.5,6,5.9,5.7,5.5,5.3,5.1,4.9,4.3,4.1,3.9,3.6,3.3,3.2,3.2
United States,USA,Diabetes prevalence (% of population ages 20 to 79),SH.STA.DIAB.ZS,..,..,..,..,..,..,..,..,..,..,..,9.4,..,..,..,..
United States,USA,"Physicians (per 1,000 people)",SH.MED.PHYS.ZS,2.588,..,..,..,2.7,..,..,..,..,..,..,..,..,..,..,..
United States,USA,"Hospital beds (per 1,000 people)",SH.MED.BEDS.ZS,3.48,3.46,3.38,3.32,3.25,3.19,3.16,3.12,3.11,3.06,3.03,2.94,2.91,2.86,2.8,2.77
United States,USA,Current health expenditure (% of GDP),SH.XPD.CHEX.GD.ZS,12.49002552,13.16816998,13.99534702,14.50558472,14.55123425,14.57945919,14.7087841,14.91832638,15.2072401,16.20067787,16.19723129,16.14000893,16.11974716,15.98621559,16.19414139,16.48159981
United States,USA,Access to electricity (% of population),EG.ELC.ACCS.ZS,100,100,100,100,100,100,100,100,100,100,100,100,100,100,100,100
United States,USA,People using at least basic drinking water services (% of population),SH.H2O.BASW.ZS,..,..,..,..,..,98.8969742740372,98.9038131746627,98.9106115579518,98.9173700191931,98.9240884167761,99.0106461132278,99.096367912853,99.1811102172919,99.264889342605,99.3476448073387,99.4293286043051
United States,USA,People using at least basic sanitation services (% of population),SH.STA.BASS.ZS,99.8727276292862,99.8724449099371,99.8721627616169,99.8718834250543,99.8716037773494,99.8713272103744,99.8710524781437,99.8707787114875,99.8705068722893,99.8702364002097,99.8705355052484,99.8480016378479,99.825901850785,99.8042409964063,99.7830451200914,99.7623186306178
United States,USA,GDP per capita (current US$),NY.GDP.PCAP.CD,36329.9702595751,37133.6203973517,37997.7424300242,39490.3023903176,41724.6411982614,44123.3996470026,46301.9876485519,48050.227412195,48570.0594269601,47194.9500893872,48642.6312088213,50024.8812320773,51708.3940614082,53297.3862901595,55153.3940182967,56849.4697923159
United States,USA,"School enrollment, secondary (% gross)",SE.SEC.ENRR,..,..,..,..,..,95.0524826049805,..,..,..,..,..,..,..,96.1864929199219,96.9245376586914,97.6525497436523
Uzbekistan,UZB,"Life expectancy at birth, total (years)",SP.DYN.LE00.IN,65.456,65.853,66.376,66.852,67.203,67.481,67.905,68.483,69.035,69.517,69.836,70.143,70.411,70.692,70.973,71.33
Uzbekistan,UZB,"Mortality rate, adult, female (per 1,000 female adults)",SP.DYN.AMRT.FE,159.265,156.334,151.067,148.826,148.089,149.542,146.045,138.25,133.674,130.646,132.048,130.862,129.737,128.28,127.087,125.914
Uzbekistan,UZB,"Mortality rate, adult, male (per 1,000 male adults)",SP.DYN.AMRT.MA,270.279,266.674,258.967,250.875,248.038,247.011,243.509,236.802,228.048,221.137,217.274,215.856,215.756,214.382,212.425,206.083
Uzbekistan,UZB,"Mortality rate, infant (per 1,000 live births)",SP.DYN.IMRT.IN,55.1,52.9,50.3,47.6,44.7,41.7,38.8,35.8,33,30.4,27.9,25.6,23.5,21.7,20,18.6
Uzbekistan,UZB,"Mortality rate, under-5 (per 1,000 live births)",SH.DYN.MORT,61.5,58.8,55.7,52.5,49.2,45.7,42.4,39,35.9,32.9,30.1,27.5,25.2,23.2,21.4,19.8
Uzbekistan,UZB,"Prevalence of HIV, total (% of population ages 15-49)",SH.DYN.AIDS.ZS,..,..,..,..,..,..,..,..,..,..,..,..,..,..,..,..
Uzbekistan,UZB,"Incidence of tuberculosis (per 100,000 people)",SH.TBS.INCD,99,107,113,117,119,120,116,110,105,101,97,93,89,86,82,79
Uzbekistan,UZB,Diabetes prevalence (% of population ages 20 to 79),SH.STA.DIAB.ZS,..,..,..,..,..,..,..,..,..,..,..,6.4,..,..,..,..
Uzbekistan,UZB,"Physicians (per 1,000 people)",SH.MED.PHYS.ZS,2.944,2.893,2.829,2.765,2.705,2.655,2.639,2.623,2.595,2.561,2.535,2.497,2.441,2.402,2.373,2.419
Uzbekistan,UZB,"Hospital beds (per 1,000 people)",SH.MED.BEDS.ZS,5.56,5.55,5.75,5.66,5.45,5.36,5.33,5.08,4.96,4.96,4.88,4.81,4.69,4.47,4.3,4.19
Uzbekistan,UZB,Current health expenditure (% of GDP),SH.XPD.CHEX.GD.ZS,5.13293362,5.23737431,5.14164925,5.1882515,4.84063768,4.781991,4.75141335,4.54267979,4.70447445,4.79649639,5.29938841,5.26245499,5.54822111,5.71896601,4.43092394,4.73596573
Uzbekistan,UZB,Access to electricity (% of population),EG.ELC.ACCS.ZS,99.6,99.6,99.7,99.5,99.5,99.4,99.5,99.5,99.5,99.5,99.6,99.7,99.7,99.8,99.8,99.9
Uzbekistan,UZB,People using at least basic drinking water services (% of population),SH.H2O.BASW.ZS,87.3126001661737,87.8034491937997,88.2901714219275,88.77254114876,89.2503485772284,89.7235452825978,90.1922191902214,90.6561790390874,91.1153821920341,91.5696679238514,92.0192250304465,92.4356779359972,92.8244205156141,93.2160218763321,93.6104835748458,94.0078216347275
Uzbekistan,UZB,People using at least basic sanitation services (% of population),SH.STA.BASS.ZS,93.3766147795055,93.5376921387532,93.6957009442753,93.850584168404,94.0022892240105,94.1508124503324,94.2961912843828,94.4383815433433,94.5773867175199,94.7131775057678,94.8458110786003,94.9701843533881,95.0891000468084,95.2086773413081,95.3289086619624,95.4498002084782
Uzbekistan,UZB,GDP per capita (current US$),NY.GDP.PCAP.CD,555.149231099186,454.415812256778,381.409296889283,394.164028897235,462.171492867885,542.835808692209,649.118167003925,824.028192334768,1074.72928796701,1205.7993547038,1753.20730243278,2087.86386135694,2307.34649117185,2461.97947403595,2674.9628382103,2803.19018021751
Uzbekistan,UZB,"School enrollment, secondary (% gross)",SE.SEC.ENRR,85.3468933105469,..,..,95.4466171264648,96.2950973510742,87.8653335571289,88.7272109985352,89.7682189941406,88.2303695678711,89.0436019897461,89.9835586547852,89.7831726074219,92.0473722973161,92.0626676426806,91.7418371921357,92.2428124917835
"Venezuela, RB",VEN,"Life expectancy at birth, total (years)",SP.DYN.LE00.IN,72.388,71.019,72.823,72.056,72.752,73.075,72.972,73.348,72.578,72.785,73.092,73.09,73.086,73.076,72.837,73.004
"Venezuela, RB",VEN,"Mortality rate, adult, female (per 1,000 female adults)",SP.DYN.AMRT.FE,100.697,111.633,97.242,106.89,100.903,100.392,99.594,92.47,100.003,98.812,96.603,91.159,93.242,95.379,96.692,94.897
"Venezuela, RB",VEN,"Mortality rate, adult, male (per 1,000 male adults)",SP.DYN.AMRT.MA,213.675,248.107,215.494,228.118,217.32,213.67,223.278,218.363,236.242,233.044,219.914,223.169,220.899,218.597,222.524,215.717
"Venezuela, RB",VEN,"Mortality rate, infant (per 1,000 live births)",SP.DYN.IMRT.IN,17.5,17,16.6,16.2,15.7,15.3,14.8,14.5,14.4,14.4,14.5,14.8,15.1,15.4,15.8,16.8
"Venezuela, RB",VEN,"Mortality rate, under-5 (per 1,000 live births)",SH.DYN.MORT,21.5,20.9,20.3,19.8,19.1,18.5,17.9,17.4,17.2,17.1,17.2,17.3,17.6,17.9,18.3,19.2
"Venezuela, RB",VEN,"Prevalence of HIV, total (% of population ages 15-49)",SH.DYN.AIDS.ZS,0.3,0.4,0.4,0.5,0.6,0.6,0.6,0.6,0.6,0.6,0.6,0.5,0.5,0.5,0.5,0.5
"Venezuela, RB",VEN,"Incidence of tuberculosis (per 100,000 people)",SH.TBS.INCD,33,32,31,33,33,32,31,30,29,29,28,27,28,28,27,30
"Venezuela, RB",VEN,Diabetes prevalence (% of population ages 20 to 79),SH.STA.DIAB.ZS,..,..,..,..,..,..,..,..,..,..,..,10.2,..,..,..,..
"Venezuela, RB",VEN,"Physicians (per 1,000 people)",SH.MED.PHYS.ZS,..,1.929,..,..,..,..,..,..,..,..,..,..,..,..,..,..
"Venezuela, RB",VEN,"Hospital beds (per 1,000 people)",SH.MED.BEDS.ZS,..,0.8000000119,..,0.9,..,..,..,1.3,..,1.1,..,0.94,..,..,0.79,0.75
"Venezuela, RB",VEN,Current health expenditure (% of GDP),SH.XPD.CHEX.GD.ZS,..,..,..,..,..,..,..,..,..,..,..,..,..,..,..,..
"Venezuela, RB",VEN,Access to electricity (% of population),EG.ELC.ACCS.ZS,98.9,99.9,99.8,95.7,99.1,98.8,99.3,98.9,98.9,99,99.1,98.8,99.3,99.4,100,100
"Venezuela, RB",VEN,People using at least basic drinking water services (% of population),SH.H2O.BASW.ZS,97.2276979084936,97.0506030485361,96.8735081885788,96.6964133286213,96.5193184686639,96.3422236087065,96.1651287487491,95.9880338887916,95.8109390288342,95.6338441688768,95.4567493089194,95.279654448962,95.1025595890046,94.9254647290471,94.7483698690897,94.5712750091323
"Venezuela, RB",VEN,People using at least basic sanitation services (% of population),SH.STA.BASS.ZS,86.3991591939645,86.9444513205468,87.4897434471292,88.0350355737115,88.5803277002941,89.1256198268765,89.6709119534588,90.2162040800412,90.7614962066235,91.3067883332061,91.8520804597885,92.3973725863708,92.9426647129532,93.4879568395357,94.0332489661181,94.5785410927004
"Venezuela, RB",VEN,GDP per capita (current US$),NY.GDP.PCAP.CD,4776.2816763938,4920.39313600453,3652.09896501865,3229.50557082079,4269.08970872392,5432.4854184654,6739.38065342219,8331.62096991844,11262.4514256759,11596.6021921731,13646.3046622664,10843.9229703167,12901.4171582274,12403.1466957582,15943.6127197163,..
"Venezuela, RB",VEN,"School enrollment, secondary (% gross)",SE.SEC.ENRR,59.0772895812988,63.1789817810059,67.2197189331055,68.4049072265625,71.0196380615234,73.3435287475586,75.8546676635742,78.2070236206055,79.8805770874023,80.7918167114258,80.7240982055664,81.6782836914062,83.8216934204102,91.4725494384766,90.8081207275391,88.8302230834961
Virgin Islands (U.S.),VIR,"Life expectancy at birth, total (years)",SP.DYN.LE00.IN,76.619512195122,77.6219512195122,77.5219512195122,77.5219512195122,77.7731707317073,77.4219512195122,78.3243902439024,76.8634146341463,77.1634146341463,77.5146341463415,77.8658536585366,78.3170731707317,78.5170731707317,78.7170731707317,78.8682926829268,79.0170731707317
Virgin Islands (U.S.),VIR,"Mortality rate, adult, female (per 1,000 female adults)",SP.DYN.AMRT.FE,96.59,96.582,96.384,103.497,103.34,97.964,92.981,90.077,87.728,83.206,78.622,76.373,72.576,68.856,65.797,63.089
Virgin Islands (U.S.),VIR,"Mortality rate, adult, male (per 1,000 male adults)",SP.DYN.AMRT.MA,220.409,206.476,212.614,204.713,210.926,202.981,201.364,202.04,203.556,201.815,198.846,197.463,194.471,192.995,190.735,192.022
Virgin Islands (U.S.),VIR,"Mortality rate, infant (per 1,000 live births)",SP.DYN.IMRT.IN,..,..,..,..,..,..,..,..,..,..,..,..,..,..,..,..
Virgin Islands (U.S.),VIR,"Mortality rate, under-5 (per 1,000 live births)",SH.DYN.MORT,..,..,..,..,..,..,..,..,..,..,..,..,..,..,..,..
Virgin Islands (U.S.),VIR,"Prevalence of HIV, total (% of population ages 15-49)",SH.DYN.AIDS.ZS,..,..,..,..,..,..,..,..,..,..,..,..,..,..,..,..
Virgin Islands (U.S.),VIR,"Incidence of tuberculosis (per 100,000 people)",SH.TBS.INCD,..,..,..,..,..,..,..,..,..,..,..,..,..,..,..,..
Virgin Islands (U.S.),VIR,Diabetes prevalence (% of population ages 20 to 79),SH.STA.DIAB.ZS,..,..,..,..,..,..,..,..,..,..,..,12.1,..,..,..,..
Virgin Islands (U.S.),VIR,"Physicians (per 1,000 people)",SH.MED.PHYS.ZS,..,..,..,..,..,..,..,..,..,..,..,..,..,..,..,..
Virgin Islands (U.S.),VIR,"Hospital beds (per 1,000 people)",SH.MED.BEDS.ZS,..,..,..,..,..,..,..,..,..,..,..,..,..,..,..,..
Virgin Islands (U.S.),VIR,Current health expenditure (% of GDP),SH.XPD.CHEX.GD.ZS,..,..,..,..,..,..,..,..,..,..,..,..,..,..,..,..
Virgin Islands (U.S.),VIR,Access to electricity (% of population),EG.ELC.ACCS.ZS,100,100,100,100,100,100,100,100,100,100,100,100,100,100,100,100
Virgin Islands (U.S.),VIR,People using at least basic drinking water services (% of population),SH.H2O.BASW.ZS,98.7183543814679,98.7183489436179,98.718343505768,98.718338067918,98.7183326300681,98.7183271922181,98.7183217543681,98.7183163165182,98.7183108786682,98.7183054408183,98.7183000029683,98.7182945651184,98.7182891272684,98.7182836894184,98.7182782515685,98.7182728137185
Virgin Islands (U.S.),VIR,People using at least basic sanitation services (% of population),SH.STA.BASS.ZS,99.0704339678582,99.0721662410271,99.073898514196,99.0756307873649,99.0773630605338,99.0790953337027,99.0808276068716,99.0825598800404,99.0842921532093,99.0860244263782,99.0877566995471,99.089488972716,99.0912212458849,99.0929535190538,99.0946857922227,99.0964180653916
Virgin Islands (U.S.),VIR,GDP per capita (current US$),NY.GDP.PCAP.CD,..,..,30062.0225050457,31731.2566241187,35006.3614404514,40828.7460927775,41377.1466009652,44158.5054044325,39152.3750657306,38753.1825393897,39905.1284180994,38997.1373164651,37795.3192590675,34597.9766940328,33045.3643795999,34007.3529411765
Virgin Islands (U.S.),VIR,"School enrollment, secondary (% gross)",SE.SEC.ENRR,..,..,..,..,..,..,..,..,..,..,..,..,..,..,..,..
Viet Nam,VNM,"Life expectancy at birth, total (years)",SP.DYN.LE00.IN,72.746,72.984,73.138,73.236,73.062,73.198,73.293,73.385,73.455,73.525,73.611,73.713,73.762,73.821,73.886,73.955
Viet Nam,VNM,"Mortality rate, adult, female (per 1,000 female adults)",SP.DYN.AMRT.FE,84.559,81.976,79.796,78.969,82.514,81.707,81.247,80.64,80.379,80.106,79.409,79.055,78.944,78.569,78.097,77.416
Viet Nam,VNM,"Mortality rate, adult, male (per 1,000 male adults)",SP.DYN.AMRT.MA,193.903,194.034,195.887,196.965,198.161,197.269,196.641,196.043,195.425,194.742,194.08,192.499,191.714,190.991,190.402,189.94
Viet Nam,VNM,"Mortality rate, infant (per 1,000 live births)",SP.DYN.IMRT.IN,21.7,20.7,19.9,19.2,18.6,18.1,17.7,17.3,17,16.8,16.5,16.3,16.2,16,15.8,15.6
Viet Nam,VNM,"Mortality rate, under-5 (per 1,000 live births)",SH.DYN.MORT,29.8,28.6,27.4,26.5,25.7,25,24.5,24,23.6,23.3,23.1,22.8,22.6,22.4,22.2,22
Viet Nam,VNM,"Prevalence of HIV, total (% of population ages 15-49)",SH.DYN.AIDS.ZS,0.2,0.3,0.3,0.3,0.3,0.3,0.3,0.4,0.4,0.4,0.4,0.4,0.4,0.4,0.4,0.4
Viet Nam,VNM,"Incidence of tuberculosis (per 100,000 people)",SH.TBS.INCD,296,290,284,278,272,266,260,253,246,239,231,225,218,212,205,199
Viet Nam,VNM,Diabetes prevalence (% of population ages 20 to 79),SH.STA.DIAB.ZS,..,..,..,..,..,..,..,..,..,..,..,3.2,..,..,..,..
Viet Nam,VNM,"Physicians (per 1,000 people)",SH.MED.PHYS.ZS,..,0.53,0.558,..,..,0.619,0.629,0.647,0.67,0.703,0.715,..,0.826,..,0.787,0.801
Viet Nam,VNM,"Hospital beds (per 1,000 people)",SH.MED.BEDS.ZS,1.4,1.41,1.42,1.44,1.51,1.53,1.57,1.68,1.77,1.9,2.02,2.21,2.28,2.31,2.43,2.53
Viet Nam,VNM,Current health expenditure (% of GDP),SH.XPD.CHEX.GD.ZS,4.10752726,4.80107498,3.87075853,3.94229889,4.08791971,4.31821251,4.56979847,4.62917614,4.36028337,4.48502922,5.07146072,4.97468519,5.00178242,4.41233158,4.69078779,4.71140909
Viet Nam,VNM,Access to electricity (% of population),EG.ELC.ACCS.ZS,88.2,88.9,89.1,90.3,91,96.1,96,93.1,93.8,96.1,97.4,99,97.9,98.5,99.2,99.3
Viet Nam,VNM,People using at least basic drinking water services (% of population),SH.H2O.BASW.ZS,80.5796711166033,81.4385538908643,82.2911537153738,83.1365351940199,83.9749964118067,84.8058439875053,85.6291833330873,86.4447942475813,87.2523212418097,88.0518068099142,88.8442328441126,89.6277366637079,90.4022210536328,91.1670953550242,91.9225591098778,92.6683085914306
Viet Nam,VNM,People using at least basic sanitation services (% of population),SH.STA.BASS.ZS,49.9597782328979,51.8722951685252,53.7733307136486,55.6610180671033,57.5360831029729,59.5286616918363,61.5157405336314,63.4968621085174,65.4712734511092,67.4390971760659,69.402687859004,71.3578768731801,73.3044674223444,75.2410877450653,77.1682490796006,79.0852681426575
Viet Nam,VNM,GDP per capita (current US$),NY.GDP.PCAP.CD,404.029784055118,419.205677580901,445.132861817313,497.117089249256,565.452284586212,710.746759994861,807.756645117054,925.640338348717,1163.83195772873,1226.16976051536,1683.16182443979,1950.92504174913,2185.11767654291,2359.51736472828,2546.38464459903,2577.56885340113
Viet Nam,VNM,"School enrollment, secondary (% gross)",SE.SEC.ENRR,..,..,..,..,..,..,..,..,..,..,..,..,..,..,..,89.4548341262217
West Bank and Gaza,PSE,"Life expectancy at birth, total (years)",SP.DYN.LE00.IN,70.298,69.75,70.88,70.967,71.094,72.004,71.831,72.064,72.204,72.306,73.302,73.557,73.722,74.14,72.781,74.577
West Bank and Gaza,PSE,"Mortality rate, adult, female (per 1,000 female adults)",SP.DYN.AMRT.FE,126.636,125.577,120.661,117.228,114.659,110.226,108.674,106.185,106.464,105.028,97.604,94.329,91.561,87.882,93.658,82.998
West Bank and Gaza,PSE,"Mortality rate, adult, male (per 1,000 male adults)",SP.DYN.AMRT.MA,189.393,217.625,177.127,184.239,186.374,157.258,170.749,167.898,157.104,156.414,137.21,135.252,135.994,128.491,167.146,125.109
West Bank and Gaza,PSE,"Mortality rate, infant (per 1,000 live births)",SP.DYN.IMRT.IN,26.4,25.5,24.8,24,23.3,22.6,21.8,21.1,20.4,19.7,19,18.4,17.7,17.1,17.6,15.8
West Bank and Gaza,PSE,"Mortality rate, under-5 (per 1,000 live births)",SH.DYN.MORT,30.3,29.4,28.5,27.7,26.8,26,25.2,24.3,23.5,22.8,22,21.2,20.4,19.7,22,18.3
West Bank and Gaza,PSE,"Prevalence of HIV, total (% of population ages 15-49)",SH.DYN.AIDS.ZS,..,..,..,..,..,..,..,..,..,..,..,..,..,..,..,..
West Bank and Gaza,PSE,"Incidence of tuberculosis (per 100,000 people)",SH.TBS.INCD,3.3,2.6,2,1.3,0.83,0.98,1.4,1.1,1.3,1.1,0.96,0.97,0.95,1.1,1.2,1.1
West Bank and Gaza,PSE,Diabetes prevalence (% of population ages 20 to 79),SH.STA.DIAB.ZS,..,..,..,..,..,..,..,..,..,..,..,9.2,..,..,..,..
West Bank and Gaza,PSE,"Physicians (per 1,000 people)",SH.MED.PHYS.ZS,..,0.837,..,..,..,..,..,..,..,..,..,..,..,..,..,..
West Bank and Gaza,PSE,"Hospital beds (per 1,000 people)",SH.MED.BEDS.ZS,..,..,..,..,..,..,..,..,..,..,..,..,..,..,..,..
West Bank and Gaza,PSE,Current health expenditure (% of GDP),SH.XPD.CHEX.GD.ZS,9.46541214,10.3154583,11.04674053,9.55897141,11.37928772,10.99557114,10.50240231,9.58784008,10.52610016,10.76468372,9.10499382,11.34622478,10.30110455,10.44874382,9.92015553,9.28473282
West Bank and Gaza,PSE,Access to electricity (% of population),EG.ELC.ACCS.ZS,99.7,99.1,99.2,99.1,99.5,99.6,99.7,98.8,99.8,99.9,99.9,99.7,99.8,99.9,99.9,99.9
West Bank and Gaza,PSE,People using at least basic drinking water services (% of population),SH.H2O.BASW.ZS,90.6478557621416,91.0515758847298,91.4544912987569,91.8565154712409,92.257752664338,92.6581125528945,93.0576535423239,93.4564127476274,93.8543238491024,94.2516564655526,94.6484012106018,95.0445111299268,95.4399375365635,95.7591629903732,96.0708791130045,96.3798570222463
West Bank and Gaza,PSE,People using at least basic sanitation services (% of population),SH.STA.BASS.ZS,90.339911695317,90.3923798389504,90.444765901826,90.4969796569721,90.9798747471555,91.462090449347,91.9436856346171,92.4246960444601,92.9050539297831,93.3850194297476,93.8645690292441,94.3436437339842,94.8221822413534,95.3001447634869,95.7774809661487,96.2541336449433
West Bank and Gaza,PSE,GDP per capita (current US$),NY.GDP.PCAP.CD,1476.17185000238,1335.55319529359,1156.21747345769,1257.69857009689,1422.19088643544,1543.70141392774,1570.10439962728,1664.24571669276,2035.20234121766,2191.78178736868,2557.07562356699,2880.79843707909,3067.43872735614,3315.29753909282,3352.11259506043,3272.15432360708
West Bank and Gaza,PSE,"School enrollment, secondary (% gross)",SE.SEC.ENRR,76.0071334838867,78.0870895385742,80.3683166503906,83.0590972900391,86.8646087646484,88.3457794189453,90.0953369140625,90.4300994873047,89.9040603637695,90.0118637084961,89.1773371332236,88.2808414383622,88.0041466962408,87.7419851728182,87.618042824034,88.3909219114319
"Yemen, Rep.",YEM,"Life expectancy at birth, total (years)",SP.DYN.LE00.IN,62.761,63.286,63.807,64.407,64.881,65.356,65.8,66.23,66.609,66.905,67.223,67.412,67.569,67.961,68.003,66.761
"Yemen, Rep.",YEM,"Mortality rate, adult, female (per 1,000 female adults)",SP.DYN.AMRT.FE,187.67,184.036,178.865,173.373,170.004,165.621,162.127,158.301,155.495,153.344,150.468,148.58,146.883,144.245,143.436,148.443
"Yemen, Rep.",YEM,"Mortality rate, adult, male (per 1,000 male adults)",SP.DYN.AMRT.MA,247.192,241.275,237.344,231.139,226.567,222.635,218.619,214.63,211.074,209.77,206.962,207.425,207.659,200.583,203.307,247.331
"Yemen, Rep.",YEM,"Mortality rate, infant (per 1,000 live births)",SP.DYN.IMRT.IN,75.9,72.3,68.6,65.2,61.9,58.7,55.8,53.1,50.6,48.5,46.6,45,43.7,42.4,41.5,41.3
"Yemen, Rep.",YEM,"Mortality rate, under-5 (per 1,000 live births)",SH.DYN.MORT,93.2,88.4,83.6,79,74.7,70.6,66.8,63.3,60.2,57.4,54.9,53,51.4,49.5,48.4,49
"Yemen, Rep.",YEM,"Prevalence of HIV, total (% of population ages 15-49)",SH.DYN.AIDS.ZS,0.1,0.1,0.1,0.1,0.1,0.1,0.1,0.1,0.1,0.1,0.1,0.1,0.1,0.1,0.1,0.1
"Yemen, Rep.",YEM,"Incidence of tuberculosis (per 100,000 people)",SH.TBS.INCD,116,110,102,95,87,80,73,66,60,55,52,50,48,48,48,48
"Yemen, Rep.",YEM,Diabetes prevalence (% of population ages 20 to 79),SH.STA.DIAB.ZS,..,..,..,..,..,..,..,..,..,..,..,9.6,..,..,..,..
"Yemen, Rep.",YEM,"Physicians (per 1,000 people)",SH.MED.PHYS.ZS,..,..,..,..,0.325,..,..,..,0.296,0.297,..,..,..,..,0.294,..
"Yemen, Rep.",YEM,"Hospital beds (per 1,000 people)",SH.MED.BEDS.ZS,0.59,0.59,0.59,0.59,0.59,0.61,0.66,0.64,0.63,0.65,0.65,0.63,0.62,0.6,0.58,0.71
"Yemen, Rep.",YEM,Current health expenditure (% of GDP),SH.XPD.CHEX.GD.ZS,4.66606569,4.94514799,4.83237982,5.75758314,5.5144043,5.20585251,5.52930164,5.82077599,5.76191616,5.98619986,5.15932894,4.7695322,5.19593525,4.96083164,4.8418045,4.25285673
"Yemen, Rep.",YEM,Access to electricity (% of population),EG.ELC.ACCS.ZS,49.2,50.4,51.5,52.6,49.6,54.8,55.8,57.2,58.4,59.6,60.8,62,52.4,75.6,66.1,67.4
"Yemen, Rep.",YEM,People using at least basic drinking water services (% of population),SH.H2O.BASW.ZS,40.8790698589101,41.1093304126388,41.3431313740874,42.5965017980636,43.7698218955916,44.9292142061865,46.0758264900103,47.2091220459149,48.3289910905544,49.435324305558,50.5280111204662,51.6065962610624,52.6710147759244,53.7215250406963,54.7573828323109,55.7788689759784
"Yemen, Rep.",YEM,People using at least basic sanitation services (% of population),SH.STA.BASS.ZS,45.2387152227125,45.5481402767857,45.8623232144616,46.5175406796529,47.1663641228692,47.6267871154633,48.0761482226003,48.5137331238277,48.9394104076347,49.3530478190927,49.7545128865992,50.1431895131696,50.5189973130114,50.8823159787062,51.2321124063326,51.5687905474947
"Yemen, Rep.",YEM,GDP per capita (current US$),NY.GDP.PCAP.CD,493.235182634814,487.141257946318,513.241486570603,548.905883049973,627.632023395762,734.159908450927,809.713127624703,890.305768114988,1071.63583282105,969.243509864478,1155.20305261418,1186.47500580876,1245.05068271586,1378.75002954611,1430.1642096418,1362.17381205593
"Yemen, Rep.",YEM,"School enrollment, secondary (% gross)",SE.SEC.ENRR,..,39.9282608032227,..,40.8348007202148,41.5881881713867,40.5307083129883,..,..,37.9779014587402,..,39.0662307739258,40.6695289611816,40.9747505187988,42.7084617614746,..,..
Zambia,ZMB,"Life expectancy at birth, total (years)",SP.DYN.LE00.IN,46.577,47.408,48.461,49.616,50.54,51.615,52.693,53.73,54.835,55.886,56.896,57.843,58.704,59.445,60.109,60.728
Zambia,ZMB,"Mortality rate, adult, female (per 1,000 female adults)",SP.DYN.AMRT.FE,525.315,518.388,504.563,487.107,488.01,476.903,454.92,437.954,411.519,391.812,367.188,340.42,320.483,303.975,286.036,268.497
Zambia,ZMB,"Mortality rate, adult, male (per 1,000 male adults)",SP.DYN.AMRT.MA,537.387,529.251,517.202,506.989,491.483,477.565,467.201,454.522,443.496,423.742,410.763,397.15,381.043,367.231,359.38,349.717
Zambia,ZMB,"Mortality rate, infant (per 1,000 live births)",SP.DYN.IMRT.IN,89.4,84.6,78.8,72.9,66.7,61.2,57.5,55.4,52.9,50.7,49,47.6,46.4,44.7,43.3,42.5
Zambia,ZMB,"Mortality rate, under-5 (per 1,000 live births)",SH.DYN.MORT,152.5,143.8,133.7,123.6,113.7,104.8,97.1,91.4,86.2,80,75.7,73.1,70.4,67.2,63.8,61.5
Zambia,ZMB,"Prevalence of HIV, total (% of population ages 15-49)",SH.DYN.AIDS.ZS,13.5,13.2,12.9,12.6,12.3,12.1,11.9,11.7,11.7,11.7,11.7,11.7,11.8,11.8,11.9,11.9
Zambia,ZMB,"Incidence of tuberculosis (per 100,000 people)",SH.TBS.INCD,759,728,695,662,631,602,577,554,534,514,495,475,456,437,406,391
Zambia,ZMB,Diabetes prevalence (% of population ages 20 to 79),SH.STA.DIAB.ZS,..,..,..,..,..,..,..,..,..,..,..,4.8,..,..,..,..
Zambia,ZMB,"Physicians (per 1,000 people)",SH.MED.PHYS.ZS,..,..,..,..,0.134,0.056,0.054,..,0.062,0.06,0.061,..,..,..,..,..
Zambia,ZMB,"Hospital beds (per 1,000 people)",SH.MED.BEDS.ZS,..,..,..,..,2,..,..,..,1.9,..,2,..,..,..,..,..
Zambia,ZMB,Current health expenditure (% of GDP),SH.XPD.CHEX.GD.ZS,4.17365646,4.82995701,5.88845205,5.99553585,5.48490572,6.33088684,5.5774231,4.57961416,4.46690989,5.15718842,3.97471905,3.95913363,4.04541731,4.57390451,3.82924223,4.42974281
Zambia,ZMB,Access to electricity (% of population),EG.ELC.ACCS.ZS,16.7,20.2,17.4,18.5,20.3,23.3,24.1,18.5,25.7,26.6,22,28.3,29.2,30.1,27.9,31.1
Zambia,ZMB,People using at least basic drinking water services (% of population),SH.H2O.BASW.ZS,47.0029309702879,47.9858422064884,49.1073708625003,50.2201996723848,51.3242990613743,52.4191275757533,53.5051766623271,54.5819273253882,55.650321935379,56.7084402370724,57.758155891623,58.7985201248118,59.831726291153,60.8580842530341,61.8765833650793,62.8879569310471
Zambia,ZMB,People using at least basic sanitation services (% of population),SH.STA.BASS.ZS,19.9449618623207,20.7209621239071,21.5996086454119,22.4736815303657,23.3427229999482,24.2059323248477,25.0632027401608,25.9137544719991,26.7577326006113,27.5935099893468,28.4217753410918,29.2415052848176,30.0534088180325,30.8570284614837,31.6512218258064,32.4357104534936
Zambia,ZMB,GDP per capita (current US$),NY.GDP.PCAP.CD,359.429500988221,396.548952993504,393.864625518616,446.290104839041,548.685974566277,710.982068171696,1051.71714895686,1118.73162626953,1375.50211006997,1136.24168316848,1451.10616017155,1624.86817763443,1710.05061343728,1820.71854827391,1707.48573136694,1295.87788680068
Zambia,ZMB,"School enrollment, secondary (% gross)",SE.SEC.ENRR,..,..,..,..,..,..,..,..,..,..,..,..,..,..,..,..
Africa Eastern and Southern,AFE,"Life expectancy at birth, total (years)",SP.DYN.LE00.IN,52.5573418626777,52.8755360536287,53.2067443343026,53.6783047685822,54.1929278660434,54.8076807136336,55.6935152578453,56.4843531784534,57.2401063228798,58.0955271436463,58.8272792062821,59.2000040300701,60.2495123598467,60.895739752772,61.2514360156709,61.713030523495
Africa Eastern and Southern,AFE,"Mortality rate, adult, female (per 1,000 female adults)",SP.DYN.AMRT.FE,367.082516583274,368.570616855266,368.400312097528,366.85007024113,362.912789071787,357.101647790152,347.320638432504,336.440660254823,324.377354713407,312.486880556498,299.935638722888,291.041407772922,276.251695757953,265.731034777391,257.222693484463,249.530602866816
Africa Eastern and Southern,AFE,"Mortality rate, adult, male (per 1,000 male adults)",SP.DYN.AMRT.MA,422.795609434229,422.793459169408,423.358025030168,419.302895721377,415.877837197887,409.855407154247,399.041384457627,391.146678812442,383.578220460073,373.071553178183,363.036685748186,357.898089136493,345.324783619827,338.644122686926,335.166221371187,329.501632484234
Africa Eastern and Southern,AFE,"Mortality rate, infant (per 1,000 live births)",SP.DYN.IMRT.IN,85.202739159748,82.1943407373521,78.8378528827153,75.6413221963481,72.7254355200617,69.5713791768326,66.2640252936723,63.474495764419,60.8028072164861,58.5097391916938,56.9034241703036,57.8926194287132,53.0417763570726,50.7336578699843,50.0271083910676,49.010304526817
Africa Eastern and Southern,AFE,"Mortality rate, under-5 (per 1,000 live births)",SH.DYN.MORT,136.670373865438,131.34246895388,125.45035255452,119.924103058101,115.2940473299,109.932128047785,103.889136904351,98.8359909874724,93.769255659709,89.1969130741823,85.9415134696025,87.3579037764883,78.9054217634591,74.7071109466787,73.5860883176291,71.8244382347921
Africa Eastern and Southern,AFE,"Prevalence of HIV, total (% of population ages 15-49)",SH.DYN.AIDS.ZS,6.75886389256322,6.6925241851865,6.59504903207733,6.45990292102675,6.30948272722763,6.16632748880233,6.05012606826975,5.96558411616014,5.87885514159126,5.81776878903963,5.7840935656365,5.7315024698247,5.68904496996849,5.61150707791288,5.57963728787852,5.50777587182294
Africa Eastern and Southern,AFE,"Incidence of tuberculosis (per 100,000 people)",SH.TBS.INCD,..,..,..,..,..,..,..,..,..,..,..,..,..,..,..,..
Africa Eastern and Southern,AFE,Diabetes prevalence (% of population ages 20 to 79),SH.STA.DIAB.ZS,..,..,..,..,..,..,..,..,..,..,..,4.58905122803024,..,..,..,..
Africa Eastern and Southern,AFE,"Physicians (per 1,000 people)",SH.MED.PHYS.ZS,..,..,..,..,..,..,..,..,..,..,0.10412647342032,..,..,..,..,..
Africa Eastern and Southern,AFE,"Hospital beds (per 1,000 people)",SH.MED.BEDS.ZS,..,..,..,..,..,..,0.894870706946066,..,..,..,..,..,..,..,..,..
Africa Eastern and Southern,AFE,Current health expenditure (% of GDP),SH.XPD.CHEX.GD.ZS,5.65402710842858,5.81323062317507,5.44229903174101,6.02368153670294,6.1093198259879,5.95519810609397,5.97289194008616,5.99483832571677,5.88653784608628,6.4068224250504,6.44395355300087,6.35389212552533,6.16748822866704,6.16127136570725,5.82088066015327,5.9713905922151
Africa Eastern and Southern,AFE,Access to electricity (% of population),EG.ELC.ACCS.ZS,19.9172563342889,19.9442774203583,21.5486466155625,22.4932167182052,23.724454932615,23.449539355606,25.1724823105969,26.7951445862147,25.9088451344457,26.1878464781111,27.414953756332,28.909756234127,31.6734274619175,31.7235735731483,31.8719561283579,33.9222756622758
Africa Eastern and Southern,AFE,People using at least basic drinking water services (% of population),SH.H2O.BASW.ZS,41.8014561716086,42.4819599251786,43.1863263348469,43.8968516397568,44.6110634186274,45.4098885710598,46.2127922036819,46.9835191123466,47.8374640151551,48.6975252764252,49.554830774864,50.236229315704,51.067002224596,51.8981221151313,52.7338644625603,53.5853689494357
Africa Eastern and Southern,AFE,People using at least basic sanitation services (% of population),SH.STA.BASS.ZS,22.4153622080005,22.7561422969355,23.1173110386926,23.4847974892192,23.8501510304797,24.3490744905871,24.8453775426805,25.3208341055577,25.8500882834056,26.3891534924248,26.9275388772824,27.0711139677568,27.6045484860424,28.1517230961958,28.7130915542539,29.2939795435295
Africa Eastern and Southern,AFE,GDP per capita (current US$),NY.GDP.PCAP.CD,707.120377674078,626.169149753934,625.998816166344,809.968140498029,981.744631574583,1115.71395657647,1220.00246913408,1362.31065164416,1421.11861281885,1386.59024970969,1601.72765054704,1735.58492331253,1702.9691001504,1673.22110186487,1656.16770915726,1479.61525980543
Africa Eastern and Southern,AFE,"School enrollment, secondary (% gross)",SE.SEC.ENRR,27.7371292114258,28.7891101837158,29.4754505157471,30.0984306335449,31.5510196685791,32.5553398132324,34.0642395019531,35.4449501037598,36.8555488586426,37.9614715576172,38.864860534668,39.4915084838867,40.5120582580566,41.1352310180664,42.2156600952148,42.2618598937988
East Asia & Pacific,EAS,"Life expectancy at birth, total (years)",SP.DYN.LE00.IN,71.7028323240299,72.0413059988772,72.3571058107458,72.7346908938812,72.812660596894,73.2984345512681,73.5640440034614,73.8948513504332,73.8481629943997,74.3683471715786,74.6299790050688,74.8252830592191,75.1059726864745,75.3347729864006,75.5644270391791,75.7926010192992
East Asia & Pacific,EAS,"Mortality rate, adult, female (per 1,000 female adults)",SP.DYN.AMRT.FE,101.145410663536,99.2983106126131,97.1776582165422,95.0892346432072,96.6241011714281,91.7869124026558,90.7872787622951,89.0923981416196,91.4375013212543,86.4485752452179,85.4930388669854,84.2737844521161,82.6630146802998,81.7037854830777,80.4440182866587,79.2606628208635
East Asia & Pacific,EAS,"Mortality rate, adult, male (per 1,000 male adults)",SP.DYN.AMRT.MA,168.562487562061,166.147008452843,164.221262767394,161.755194088993,162.040961194761,158.535626328846,156.677674076019,153.807958885962,154.599915854031,150.635832008011,148.368857441981,147.619382469549,145.59248424277,143.866672354802,142.347330140798,140.654528927401
East Asia & Pacific,EAS,"Mortality rate, infant (per 1,000 live births)",SP.DYN.IMRT.IN,31.6,30,28.4,26.3,25,23.2,21.8,20.5,19.6,18.2,17.3,16.4,15.4,14.7,13.9,13.5
East Asia & Pacific,EAS,"Mortality rate, under-5 (per 1,000 live births)",SH.DYN.MORT,39.8,37.7,35.6,32.7,31.6,28.9,27.1,25.6,25.1,22.7,21.6,20.6,19.3,18.5,17.5,16.9
East Asia & Pacific,EAS,"Prevalence of HIV, total (% of population ages 15-49)",SH.DYN.AIDS.ZS,..,..,..,..,..,..,..,..,..,..,..,..,..,..,..,..
East Asia & Pacific,EAS,"Incidence of tuberculosis (per 100,000 people)",SH.TBS.INCD,177,175,173,170,167,164,161,158,156,154,150,149,147,144,142,139
East Asia & Pacific,EAS,Diabetes prevalence (% of population ages 20 to 79),SH.STA.DIAB.ZS,..,..,..,..,..,..,..,..,..,..,..,8.02490678606455,..,..,..,..
East Asia & Pacific,EAS,"Physicians (per 1,000 people)",SH.MED.PHYS.ZS,1.21766582813123,..,..,..,..,..,..,..,..,..,1.2691085289894,..,..,..,..,..
East Asia & Pacific,EAS,"Hospital beds (per 1,000 people)",SH.MED.BEDS.ZS,2.47781107682278,2.47691706619699,2.58491586162652,2.47217316579035,2.49060339569066,2.52390553067303,2.59209989855607,2.63544037476473,2.7462412727802,2.84329291921193,3.08400522637538,3.10964582337952,3.47445767271114,3.53991444638418,3.71358924873629,3.84559167586987
East Asia & Pacific,EAS,Current health expenditure (% of GDP),SH.XPD.CHEX.GD.ZS,6.10209240189179,6.13180709840577,6.10128820069157,6.22276434981314,6.19770692693774,6.15272186039429,5.95978626472879,5.73926729916516,5.88808931034551,6.39208999237738,6.26979601225505,6.69464742386038,6.74962187527116,6.51094073877777,6.50256005053995,6.49133181360211
East Asia & Pacific,EAS,Access to electricity (% of population),EG.ELC.ACCS.ZS,92.0618144338661,92.5437982270478,92.9648557230822,93.1629584469729,93.9563207271355,93.575146301846,94.6471577043934,94.6545403732641,95.2110838673573,94.9833280630479,95.5468324754052,96.0189473952987,96.2092457835614,96.4756466990083,96.6375595761929,96.9500599621312
East Asia & Pacific,EAS,People using at least basic drinking water services (% of population),SH.H2O.BASW.ZS,80.2967138414243,80.736364623609,82.0823471810056,83.0052125068145,83.9060541954607,84.7843652933569,85.6343663079225,86.4624668233741,87.2703600244905,88.0539281131411,88.8134895524523,89.5411445022939,90.2447114188126,90.9273104793603,91.5908649630931,92.2338620201926
East Asia & Pacific,EAS,People using at least basic sanitation services (% of population),SH.STA.BASS.ZS,60.7479728819456,61.557962949374,63.3862979387109,65.0505930343855,66.6990122340513,68.3331982090094,69.9445808069828,71.5690548660824,73.1779922077363,74.765062412026,76.333096182733,77.8715770032713,79.3901678084936,80.8923366469524,82.3808723555158,83.853901258038
East Asia & Pacific,EAS,GDP per capita (current US$),NY.GDP.PCAP.CD,4092.5797350059,3773.32777691441,3802.58650311717,4150.18638962095,4619.99486205368,4893.1213787835,5150.19682285776,5716.3489723968,6547.77033163535,6694.4838761923,7760.44827813549,8929.66684535938,9479.32344288198,9522.66749841489,9759.27563362099,9657.52889618953
East Asia & Pacific,EAS,"School enrollment, secondary (% gross)",SE.SEC.ENRR,62.1436996459961,63.9107894897461,64.6817474365234,65.9770584106445,68.4119262695312,70.3503723144531,73.1226196289062,76.6228790283203,79.1833419799805,83.070068359375,84.7297592163086,86.061653137207,86.5859222412109,87.486198425293,86.9173736572266,87.1539535522461
Zimbabwe,ZWE,"Life expectancy at birth, total (years)",SP.DYN.LE00.IN,46.034,44.525,45.938,45.373,46.043,46.57,47.056,47.576,48.456,49.75,51.925,53.911,55.386,56.842,58.106,58.989
Zimbabwe,ZWE,"Mortality rate, adult, female (per 1,000 female adults)",SP.DYN.AMRT.FE,632.119,687.242,647.808,672.559,656.732,643.76,635.691,629.3,599.107,565.59,517.948,460.939,437.556,405.782,380.219,362.062
Zimbabwe,ZWE,"Mortality rate, adult, male (per 1,000 male adults)",SP.DYN.AMRT.MA,685.421,711.492,682.77,688.402,670.594,655.537,637.341,616.663,597.916,575.365,534.002,509.089,476.153,448.129,422.627,410.176
Zimbabwe,ZWE,"Mortality rate, infant (per 1,000 live births)",SP.DYN.IMRT.IN,59.3,61.1,58.3,61,64.2,66.6,69.5,71.5,71.7,70.7,67.6,64.7,59.9,57,54.3,52.8
Zimbabwe,ZWE,"Mortality rate, under-5 (per 1,000 live births)",SH.DYN.MORT,98.3,97.9,84.8,88.5,91.7,92.3,94,94.7,93.4,90.3,85,78.8,71.4,65.5,61.8,59.8
Zimbabwe,ZWE,"Prevalence of HIV, total (% of population ages 15-49)",SH.DYN.AIDS.ZS,25.8,24.5,23.2,21.9,20.6,19.5,18.6,17.8,17.1,16.6,16.3,16,15.6,15.3,14.9,14.5
Zimbabwe,ZWE,"Incidence of tuberculosis (per 100,000 people)",SH.TBS.INCD,605,617,617,617,607,588,561,527,487,450,416,384,355,304,278,242
Zimbabwe,ZWE,Diabetes prevalence (% of population ages 20 to 79),SH.STA.DIAB.ZS,..,..,..,..,..,..,..,..,..,..,..,9.8,..,..,..,..
Zimbabwe,ZWE,"Physicians (per 1,000 people)",SH.MED.PHYS.ZS,0.127,..,..,..,0.172,0.124,..,0.0544,0.0596,0.12,0.126,0.081,0.08,0.082,0.122,0.177
Zimbabwe,ZWE,"Hospital beds (per 1,000 people)",SH.MED.BEDS.ZS,..,..,..,..,..,..,3,..,..,1.88,1.85,1.82,1.94,..,2,..
Zimbabwe,ZWE,Current health expenditure (% of GDP),SH.XPD.CHEX.GD.ZS,..,..,..,..,..,..,..,..,..,..,10.47583866,8.08288383,6.91794872,7.10940313,8.13227272,7.44982719
Zimbabwe,ZWE,Access to electricity (% of population),EG.ELC.ACCS.ZS,33.7,34.2,34.2,35.1,35.6,36.1,37.2,37.2,37.7,43.4,38.9,36.9,44,40.6,32.3,33.7
Zimbabwe,ZWE,People using at least basic drinking water services (% of population),SH.H2O.BASW.ZS,71.8693891831637,72.0160476663628,71.7060715853256,71.2110171877456,70.6870609373274,70.1631081415474,69.6388051052948,69.1145466320901,68.5899709728087,68.0654816645202,67.5407111937773,67.0160742336,66.4911847039305,65.9664737026442,65.4541095886703,64.9549322108489
Zimbabwe,ZWE,People using at least basic sanitation services (% of population),SH.STA.BASS.ZS,44.5170080550134,44.6327829539665,44.8209725663783,44.8625987631715,44.8816899837811,44.2555894230867,43.631373965357,43.0093176557276,42.3891758166248,41.7711991394054,41.1551678278732,40.5413106062604,39.9294247255203,39.3197198966502,38.7170871077261,38.1206481520606
Zimbabwe,ZWE,GDP per capita (current US$),NY.GDP.PCAP.CD,562.556945680495,566.107692145462,524.677281078209,468.234223473035,469.484691401035,461.028318446444,430.809214010242,413.302605010004,340.740210298158,735.446248561806,901.55051752819,1037.24613741902,1238.59479481433,1362.29952932396,1372.21474610373,1386.41855927575
Zimbabwe,ZWE,"School enrollment, secondary (% gross)",SE.SEC.ENRR,40.0179290771484,42.1351890563965,41.4578285217285,39.1011009216309,..,..,..,..,..,..,..,..,75.8648109767885,52.4158515930176,..,..
,,,,,,,,,,,,,,,,,,,
,,,,,,,,,,,,,,,,,,,
,,,,,,,,,,,,,,,,,,,
Data from database: World Development Indicators,,,,,,,,,,,,,,,,,,,
Last Updated: 12/04/2025,,,,,,,,,,,,,,,,,,,
Code,License Type,Indicator Name,Short definition,Long definition,Source,Topic,Dataset,Unit of measure,Periodicity,Reference period,Aggregation method,Statistical concept and methodology,Development relevance,Limitations and exceptions,Other notes,License URL
SP.DYN.LE00.IN,CC BY-4.0,"Life expectancy at birth, total (years)",Life expectancy at birth indicates the number of years a newborn infant would live if prevailing patterns of mortality at the time of its birth were to stay the same throughout its life.,Life expectancy at birth indicates the number of years a newborn infant would live if prevailing patterns of mortality at the time of its birth were to stay the same throughout its life.,"World Population Prospects, United Nations (UN), uri: UN Population Division;
Statistical databases and publications from national statistical offices, National statistical offices, note: Derived from male and female life expectancy at birth from sources such as statistical databases and publications from national statistical offices.;
Demographic Statistics, Eurostat (ESTAT), note: Derived from male and female life expectancy at birth from sources such as Eurostat: Demographic Statistics.",Health: Mortality,WDI,Years,Annual,1960-2023,Weighted average,"Methodology: Life expectancy at birth is derived from life tables and is based on sex- and age-specific death rates, or derived from male and female life expectancy at birth.
Statistical concept(s): Life expectancy at birth used here is the average number of years a newborn is expected to live if mortality patterns at the time of its birth remain constant in the future. It reflects the overall mortality level of a population, and summarizes the mortality pattern that prevails across all age groups in a given year. It is calculated in a period life table which provides a snapshot of a population's mortality pattern at a given time. It therefore does not reflect the mortality pattern that a person actually experiences during his/her life, which can be calculated in a cohort life table.



High mortality in young age groups significantly lowers the life expectancy at birth. But if a person survives his/her childhood of high mortality, he/she may live much longer. For example, in a population with a life expectancy at birth of 50, there may be few people dying at age 50. The life expectancy at birth may be low due to the high childhood mortality so that once a person survives his/her childhood, he/she may live much longer than 50 years.","Mortality rates for different age groups (infants, children, and adults) and overall mortality indicators (life expectancy at birth or survival to a given age) are important indicators of health status in a country. Because data on the incidence and prevalence of diseases are frequently unavailable, mortality rates are often used to identify vulnerable populations. And they are among the indicators most frequently used to compare socioeconomic development across countries.",Annual data series from United Nations Population Division's World Population Prospects are interpolated data from 5-year period data. Therefore they may not reflect real events as much as observed data.,,https://datacatalog.worldbank.org/public-licenses#cc-by
SP.DYN.AMRT.FE,CC BY-4.0,"Mortality rate, adult, female (per 1,000 female adults)","Adult mortality rate, female, is the probability of dying between the ages of 15 and 60--that is, the probability of a 15-year-old female dying before reaching age 60, if subject to age-specific mortality rates of the specified year between those ages.","Adult mortality rate, female, is the probability of dying between the ages of 15 and 60--that is, the probability of a 15-year-old female dying before reaching age 60, if subject to age-specific mortality rates of the specified year between those ages.","World Population Prospects, United Nations (UN), publisher: UN Population Division;
Human Mortality Database, Max Planck Institute for Demographic Research, uri: www.mortality.org;
University of California, Berkeley, uri: www.mortality.org, note: Human Mortality Database;
French Institute for Demographic Studies, uri: www.mortality.org, note: Human Mortality Database",Health: Mortality,WDI,Per 1000 female adults,Annual,1960-2023,Weighted average,"Methodology: The indicator is calculated using number of survivors, l(x), at exact age x in a female period life table. The formula is: (l(60)-l(15))/(l(15))*1000.
Statistical concept(s): The main sources of mortality data are vital registration systems and direct or indirect estimates based on sample surveys or censuses. A "complete" vital registration system - covering at least 90 percent of vital events in the population - is the best source of age-specific mortality data. Where reliable age-specific mortality data are available, life tables can be constructed from age-specific mortality data, and adult mortality rates can be calculated from life tables.","Mortality rates for different age groups (infants, children, and adults) and overall mortality indicators (life expectancy at birth or survival to a given age) are important indicators of health status in a country. Because data on the incidence and prevalence of diseases are frequently unavailable, mortality rates are often used to identify vulnerable populations. And they are among the indicators most frequently used to compare socioeconomic development across countries.",Data from United Nations Population Division's World Populaton Prospects are originally 5-year period data and the presented are linearly interpolated by the World Bank for annual series. Therefore they may not reflect real events as much as observed data.,,https://datacatalog.worldbank.org/public-licenses#cc-by
SP.DYN.AMRT.MA,CC BY-4.0,"Mortality rate, adult, male (per 1,000 male adults)","Adult mortality rate, male, is the probability of dying between the ages of 15 and 60--that is, the probability of a 15-year-old male dying before reaching age 60, if subject to age-specific mortality rates of the specified year between those ages.","Adult mortality rate, male, is the probability of dying between the ages of 15 and 60--that is, the probability of a 15-year-old male dying before reaching age 60, if subject to age-specific mortality rates of the specified year between those ages.","World Population Prospects, United Nations (UN), publisher: UN Population Division;
Human Mortality Database, Max Planck Institute for Demographic Research, uri: www.mortality.org;
University of California, Berkeley, uri: www.mortality.org, note: Human Mortality Database;
French Institute for Demographic Studies, uri: www.mortality.org, note: Human Mortality Database",Health: Mortality,WDI,Per 1000 male adults,Annual,1960-2023,Weighted average,"Methodology: The indicator is calculated using number of survivors, l(x), at exact age x in a male period life table. The formula is: (l(60)-l(15))/(l(15))*1000.
Statistical concept(s): The main sources of mortality data are vital registration systems and direct or indirect estimates based on sample surveys or censuses. A "complete" vital registration system - covering at least 90 percent of vital events in the population - is the best source of age-specific mortality data. Where reliable age-specific mortality data are available, life tables can be constructed from age-specific mortality data, and adult mortality rates can be calculated from life tables.","Mortality rates for different age groups (infants, children, and adults) and overall mortality indicators (life expectancy at birth or survival to a given age) are important indicators of health status in a country. Because data on the incidence and prevalence of diseases are frequently unavailable, mortality rates are often used to identify vulnerable populations. And they are among the indicators most frequently used to compare socioeconomic development across countries.",Data from United Nations Population Division's World Populaton Prospects are originally 5-year period data and the presented are linearly interpolated by the World Bank for annual series. Therefore they may not reflect real events as much as observed data.,,https://datacatalog.worldbank.org/public-licenses#cc-by
SP.DYN.IMRT.IN,CC BY-4.0,"Mortality rate, infant (per 1,000 live births)","Infant mortality rate is the number of infants dying before reaching one year of age, per 1,000 live births in a given year.","Infant mortality rate is the number of infants dying before reaching one year of age, per 1,000 live births in a given year.","UN Inter-agency Group for Child Mortality Estimation, UN Children's Fund (UNICEF), uri: www.childmortality.org;
World Health Organization (WHO), uri: www.childmortality.org, note: UN Inter-agency Group for Child Mortality Estimation;
World Bank (WB), uri: www.childmortality.org, note: UN Inter-agency Group for Child Mortality Estimation;
United Nations (UN), uri: www.childmortality.org, note: UN Inter-agency Group for Child Mortality Estimation, publisher: UN Population Division",Health: Mortality,WDI,Per 1000 live births,Annual,1960-2023,Weighted average,"Methodology: Estimates of neonatal, infant, and child mortality tend to vary by source and method for a given time and place. Years for available estimates also vary by country, making comparisons across countries and over time difficult. To make neonatal, infant, and child mortality estimates comparable and to ensure consistency across estimates by different agencies, the United Nations Inter-agency Group for Child Mortality Estimation (UN IGME), which comprises the United Nations Children's Fund (UNICEF), the World Health Organization (WHO), the World Bank, the United Nations Population Division, and other universities and research institutes, developed and adopted a statistical method that uses all available information to reconcile differences. The method uses statistical models to obtain a best estimate trend line by fitting a country-specific regression model of mortality rates against their reference dates.
Statistical concept(s): The main sources of mortality data are vital registration systems and direct or indirect estimates based on sample surveys or censuses. A "complete" vital registration system - covering at least 90 percent of vital events in the population - is the best source of age-specific mortality data.","Mortality rates for different age groups (infants, children, and adults) and overall mortality indicators (life expectancy at birth or survival to a given age) are important indicators of health status in a country. Because data on the incidence and prevalence of diseases are frequently unavailable, mortality rates are often used to identify vulnerable populations. And they are among the indicators most frequently used to compare socioeconomic development across countries.","Complete vital registration systems are fairly uncommon in developing countries. Thus estimates must be obtained from sample surveys or derived by applying indirect estimation techniques to registration, census, or survey data. Survey data are subject to recall error, and surveys estimating infant/child deaths require large samples because households in which a birth has occurred during a given year cannot ordinarily be preselected for sampling. Indirect estimates rely on model life tables that may be inappropriate for the population concerned. Extrapolations based on outdated surveys may not be reliable for monitoring changes in health status or for comparative analytical work.","Given that data on the incidence and prevalence of diseases are frequently unavailable, mortality rates are often used to identify vulnerable populations. Moreover, they are among the indicators most frequently used to compare socioeconomic development across countries. Under-five mortality rates are higher for boys than for girls in countries in which parental gender preferences are insignificant. Under-five mortality captures the effect of gender discrimination better than infant mortality does, as malnutrition and medical interventions have more significant impacts to this age group. Where female under-five mortality is higher, girls are likely to have less access to resources than boys.

Aggregate data for LIC, UMC, LMC, HIC are computed based on the groupings for the World Bank fiscal year in which the data was released by the UN Inter-agency Group for Child Mortality Estimation.",https://datacatalog.worldbank.org/public-licenses#cc-by
SH.DYN.MORT,CC BY-4.0,"Mortality rate, under-5 (per 1,000 live births)","Under-five mortality rate is the probability per 1,000 that a newborn baby will die before reaching age five, if subject to age-specific mortality rates of the specified year.","Under-five mortality rate is the probability per 1,000 that a newborn baby will die before reaching age five, if subject to age-specific mortality rates of the specified year.","UN Inter-agency Group for Child Mortality Estimation, UN Children's Fund (UNICEF), uri: www.childmortality.org, publisher: UNICEF, WHO, World Bank, United Nations Population Division;
World Health Organization (WHO), uri: www.childmortality.org, note: UN Inter-agency Group for Child Mortality Estimation;
World Bank (WB), uri: www.childmortality.org, note: UN Inter-agency Group for Child Mortality Estimation;
United Nations (UN), uri: www.childmortality.org, note: UN Inter-agency Group for Child Mortality Estimation, publisher: UN Population Division",Health: Mortality,WDI,Per 1000 live births,Annual,1960-2023,Weighted average,"Methodology: Estimates of neonatal, infant, and child mortality tend to vary by source and method for a given time and place. Years for available estimates also vary by country, making comparisons across countries and over time difficult. To make neonatal, infant, and child mortality estimates comparable and to ensure consistency across estimates by different agencies, the United Nations Inter-agency Group for Child Mortality Estimation (UN IGME), which comprises the United Nations Children's Fund (UNICEF), the World Health Organization (WHO), the World Bank, the United Nations Population Division, and other universities and research institutes, developed and adopted a statistical method that uses all available information to reconcile differences. The method uses statistical models to obtain a best estimate trend line by fitting a country-specific regression model of mortality rates against their reference dates.
Statistical concept(s): The main sources of mortality data are vital registration systems and direct or indirect estimates based on sample surveys or censuses. A "complete" vital registration system - covering at least 90 percent of vital events in the population - is the best source of age-specific mortality data.","Mortality rates for different age groups (infants, children, and adults) and overall mortality indicators (life expectancy at birth or survival to a given age) are important indicators of health status in a country. Because data on the incidence and prevalence of diseases are frequently unavailable, mortality rates are often used to identify vulnerable populations. And they are among the indicators most frequently used to compare socioeconomic development across countries.","Complete vital registration systems are fairly uncommon in developing countries. Thus estimates must be obtained from sample surveys or derived by applying indirect estimation techniques to registration, census, or survey data. Survey data are subject to recall error, and surveys estimating infant/child deaths require large samples because households in which a birth has occurred during a given year cannot ordinarily be preselected for sampling. Indirect estimates rely on model life tables that may be inappropriate for the population concerned. Extrapolations based on outdated surveys may not be reliable for monitoring changes in health status or for comparative analytical work.","Given that data on the incidence and prevalence of diseases are frequently unavailable, mortality rates are often used to identify vulnerable populations. Moreover, they are among the indicators most frequently used to compare socioeconomic development across countries. Under-five mortality rates are higher for boys than for girls in countries in which parental gender preferences are insignificant. Under-five mortality captures the effect of gender discrimination better than infant mortality does, as malnutrition and medical interventions have more significant impacts to this age group. Where female under-five mortality is higher, girls are likely to have less access to resources than boys.

Aggregate data for LIC, UMC, LMC, HIC are computed based on the groupings for the World Bank fiscal year in which the data was released by the UN Inter-agency Group for Child Mortality Estimation.

This is the Sustainable Development Goal indicator 3.2.1[https://unstats.un.org/sdgs/metadata/].",https://datacatalog.worldbank.org/public-licenses#cc-by
SH.DYN.AIDS.ZS,CC BY-4.0,"Prevalence of HIV, total (% of population ages 15-49)",Prevalence of HIV refers to the percentage of people ages 15-49 who are infected with HIV.,Prevalence of HIV refers to the percentage of people ages 15-49 who are infected with HIV.,"UNAIDS estimates, Joint United Nations Programme on HIV/AIDS (UNAIDS), uri: https://aidsinfo.unaids.org/, publisher: UNAIDS, date accessed: 2025-08-27, date published: 2025-07",Health: Risk factors,WDI,Percentage,Annual,1990-2022,Weighted average,"Methodology: Data on HIV are from the Joint United Nations Programme on HIV/AIDS (UNAIDS). Changes in procedures and assumptions for estimating the data and better coordination with countries have resulted in improved estimates of HIV and AIDS. The models, which are routinely updated, track the course of HIV epidemics and their impact, making full use of information in HIV prevalence trends from surveillance data as well as survey data. The models take into account reduced infectivity among people receiving antiretroviral therapy (which is having a larger impact on HIV prevalence and allowing HIV-positive people to live longer) and allow for changes in urbanization over time in generalized epidemics. The estimates include plausibility bounds, which reflect the certainty associated with each of the estimates.
Statistical concept(s): HIV prevalence rates reflect the rate of HIV infection in each country's population. Low national prevalence rates can be misleading, however. They often disguise epidemics that are initially concentrated in certain localities or population groups and threaten to spill over into the wider population. In many developing countries most new infections occur in young adults, with young women especially vulnerable.","Despite the existence of effective medications and treatment, HIV/AIDS is still a leading cause of death and public health threat in the world.  Low and middle income countries continue to bear a disproportionate share of the global burden of HIV/AIDS.",The limited availability of data on health status is a major constraint in assessing the health situation in developing countries. Surveillance data are lacking for many major public health concerns. Estimates of prevalence and incidence are available for some diseases but are often unreliable and incomplete. National health authorities differ widely in capacity and willingness to collect or report information.,,https://datacatalog.worldbank.org/public-licenses#cc-by
SH.TBS.INCD,CC BY-4.0,"Incidence of tuberculosis (per 100,000 people)","Incidence of tuberculosis is the estimated number of new and relapse tuberculosis cases arising in a given year, expressed as the rate per 100,000 population. All forms of TB are included, including cases in people living with HIV. Estimates for all years are recalculated as new information becomes available and techniques are refined, so they may differ from those published previously.","Incidence of tuberculosis is the estimated number of new and relapse tuberculosis cases arising in a given year, expressed as the rate per 100,000 population. All forms of TB are included, including cases in people living with HIV. Estimates for all years are recalculated as new information becomes available and techniques are refined, so they may differ from those published previously.","Global Tuberculosis Report, World Health Organization (WHO)",Health: Risk factors,WDI,"Per 100,000 people",Annual,2000-2023,Weighted average,"Methodology: Estimates of TB incidence are produced through a consultative and analytical process led by WHO and are published annually. These estimates are based on annual case notifications, assessments of the quality and coverage of TB notification data, national surveys of the prevalence of TB disease and on information from death (vital) registration systems.
Statistical concept(s): Tuberculosis is one of the main causes of adult deaths from a single infectious agent in developing countries. In developed countries tuberculosis has reemerged largely as a result of cases among immigrants. Since tuberculosis incidence cannot be directly measured, estimates are obtained by eliciting expert opinion or are derived from measurements of prevalence or mortality.",Tuberculosis (TB) is a preventable and usually curable disease. Yet TB is one of the world’s leading causes of death from a single infectious agent. Millions of people continue to fall ill with TB every year.,"The limited availability of data on health status is a major constraint in assessing the health situation in developing countries. Surveillance data are lacking for many major public health concerns. Estimates of prevalence and incidence are available for some diseases but are often unreliable and incomplete. National health authorities differ widely in capacity and willingness to collect or report information. To compensate for this and improve reliability and international comparability, the World Health Organization (WHO) prepares estimates in accordance with epidemiological models and statistical standards.



Uncertainty bounds for the incidence are available at http://data.worldbank.org",Aggregate data by groups are computed based on the groupings for the World Bank fiscal year in which the data was released by the World Health Organization.

This is the Sustainable Development Goal indicator 3.3.2[https://unstats.un.org/sdgs/metadata/].,https://datacatalog.worldbank.org/public-licenses#cc-by
SH.STA.DIAB.ZS,CC BY-4.0,Diabetes prevalence (% of population ages 20 to 79),Diabetes prevalence refers to the percentage of people ages 20-79 who have type 1 or type 2 diabetes. It is calculated by adjusting to a standard population age-structure.,Diabetes prevalence refers to the percentage of people ages 20-79 who have type 1 or type 2 diabetes. It is calculated by adjusting to a standard population age-structure.,"Diabetes Atlas, International Diabetes Federation",Health: Risk factors,WDI,Percent of population ages 20 to 79,Annual,2000-2024,Weighted average,"Methodology: The data used to estimate diabetes prevalence were gathered from various sources. Most of the data were extracted from peer-reviewed publications and national health surveys, including selected WHO STEPwise approach to surveillance (WHO STEPS) studies. Additionally, data from other official sources, such as registries and reports from health regulatory bodies, were utilized, provided there was sufficient information to assess their quality. Data sources with adequate methodological information on key areas of interest, such as the method of diagnosis and sample representativeness, were included. Given the significance of age as a major determinant for diabetes prevalence, only studies with at least three age-specific estimates were considered. After selecting the data sources, the reported age- and sex-specific data in each source were smoothed using a logistic regression model.","Diabetes, an important cause of ill health and a risk factor for other diseases in developed countries, is spreading rapidly in developing countries. Highest among the elderly, prevalence rates are rising among younger and productive populations in developing countries. Economic development has led to the spread of Western lifestyles and diet to developing countries, resulting in a substantial increase in diabetes. Without effective prevention and control programs, diabetes will likely continue to increase.",The limited availability of data on health status is a major constraint in assessing the health situation in developing countries. Surveillance data are lacking for many major public health concerns. Estimates of prevalence and incidence are available for some diseases but are often unreliable and incomplete. National health authorities differ widely in capacity and willingness to collect or report information.,,https://datacatalog.worldbank.org/public-licenses#cc-by
SH.MED.PHYS.ZS,CC BY-4.0,"Physicians (per 1,000 people)",Physicians include generalist and specialist medical practitioners.,Physicians include generalist and specialist medical practitioners.,"Global Health Workforce Statistics, World Health Organization (WHO);
Organisation for Economic Co-operation and Development (OECD);
Country data",Health: Health systems,WDI,Per 1000 people,Annual,1960-2022,Weighted average,"Methodology: National focal points share the data with WHO through the online NHWA data platform. The platform hosted in WHO, is built to facilitate data reporting on the indicators listed in the NHWA Handbook and data sharing across all the 3 levels of WHO.
Statistical concept(s): Health systems - the combined arrangements of institutions and actions whose primary purpose is to promote, restore, or maintain health (World Health Organization, World Health Report 2000) - are increasingly being recognized as key to combating disease and improving the health status of populations. The World Bank's Healthy Development: Strategy for Health, Nutrition, and Population Results emphasizes the need to strengthen health systems, which are weak in many countries, in order to increase the effectiveness of programs aimed at reducing specific diseases and further reduce morbidity and mortality. To evaluate health systems, the World Health Organization (WHO) has recommended that key components - such as financing, service delivery, workforce, governance, and information - be monitored using several key indicators. The data are a subset of the key indicators. Monitoring health systems allows the effectiveness, efficiency, and equity of different health system models to be compared. Health system data also help identify weaknesses and strengths and areas that need investment, such as additional health facilities, better health information systems, or better trained human resources.



Data on health worker (physicians, nurses and midwives, and community health workers) density show the availability of medical personnel.","The WHO estimates that at least 2.5 medical staff (physicians, nurses and midwives) per 1,000 people are needed to provide adequate coverage with primary care interventions (WHO, World Health Report 2006).","The WHO compiles data from household and labor force surveys, censuses, and administrative records. Data comparability is limited by differences in definitions and training of medical personnel varies. In addition, human resources tend to be concentrated in urban areas, so that average densities do not provide a full picture of health personnel available to the entire population.",This is the Sustainable Development Goal indicator 3.c.1 [https://unstats.un.org/sdgs/metadata/].,https://datacatalog.worldbank.org/public-licenses#cc-by
SH.MED.BEDS.ZS,CC BY-4.0,"Hospital beds (per 1,000 people)","Hospital beds include inpatient beds available in public, private, general, and specialized hospitals and rehabilitation centers. In most cases beds for both acute and chronic care are included.","Hospital beds include inpatient beds available in public, private, general, and specialized hospitals and rehabilitation centers. In most cases beds for both acute and chronic care are included.","WHO data, supplemented by country data, World Health Organization (WHO)",Health: Health systems,WDI,Per 1000 people,Annual,1960-2021,Weighted average,"Methodology: Data were compiled from the WHO Regional offices and country sources other (e.g. ministry of health, national statistical office) and modified to standardize the unit of measure of per 10 000 population by WHO.
Statistical concept(s): Health systems - the combined arrangements of institutions and actions whose primary purpose is to promote, restore, or maintain health (World Health Organization, World Health Report 2000) - are increasingly being recognized as key to combating disease and improving the health status of populations. The World Bank's Healthy Development: Strategy for Health, Nutrition, and Population Results emphasizes the need to strengthen health systems, which are weak in many countries, in order to increase the effectiveness of programs aimed at reducing specific diseases and further reduce morbidity and mortality. To evaluate health systems, the World Health Organization (WHO) has recommended that key components - such as financing, service delivery, workforce, governance, and information - be monitored using several key indicators. The data are a subset of the key indicators. Monitoring health systems allows the effectiveness, efficiency, and equity of different health system models to be compared. Health system data also help identify weaknesses and strengths and areas that need investment, such as additional health facilities, better health information systems, or better trained human resources.



Availability and use of health services, such as hospital beds per 1,000 people, reflect both demand- and supply-side factors. In the absence of a consistent definition this is a crude indicator of the extent of physical, financial, and other barriers to health care.",Hospital beds are used to indicate the availability of inpatient services.,"Depending on the source and means of monitoring, data may not be exactly comparable across countries. For more information, see the original source.",,https://datacatalog.worldbank.org/public-licenses#cc-by
SH.XPD.CHEX.GD.ZS,CC BY-4.0,Current health expenditure (% of GDP),"Level of current health expenditure expressed as a percentage of GDP.  Estimates of current health expenditures include healthcare goods and services consumed during each year. This indicator does not include capital health expenditures such as buildings, machinery, IT and stocks of vaccines for emergency or outbreaks.","Level of current health expenditure expressed as a percentage of GDP.  Estimates of current health expenditures include healthcare goods and services consumed during each year. This indicator does not include capital health expenditures such as buildings, machinery, IT and stocks of vaccines for emergency or outbreaks.","Global Health Expenditure database, World Health Organization (WHO), uri: https://apps.who.int/nha/database, publisher: World Health Organization",Health: Health systems,WDI,Percentage,Annual,2000-2023,Weighted average,"Methodology: The Health SHA 2011 tracks all health spending in a given country over a defined period of time regardless of the entity or institution that financed and managed that spending. It generates consistent and comprehensive data on health spending in a country, which in turn can contribute to evidence-based policy-making.
Statistical concept(s): The health expenditure estimates have been prepared by the World Health Organization under the framework of the System of Health Accounts 2011 (SHA 2011).","Strengthening health financing is one objective of Sustainable Development Goal 3 (SDG target 3.c).  The levels and trends of health expenditure data identify key issues such as weaknesses and strengths and areas that need investment, for instance additional health facilities, better health information systems, or better trained human resources.  Health financing is also critical for reaching universal health coverage (UHC) defined as all people obtaining the quality health services they need without suffering financial hardship (SDG 3.8).  The data on out-of-pocket spending is a key indicator with regard to financial protection and hence of progress towards UHC.",,,https://datacatalog.worldbank.org/public-licenses#cc-by
EG.ELC.ACCS.ZS,CC BY-4.0,Access to electricity (% of population),"Access to electricity is the percentage of population with access to electricity. Electrification data are collected from industry, national surveys and international sources.","Access to electricity is the percentage of population with access to electricity. Electrification data are collected from industry, national surveys and international sources.","SDG 7.1.1 Electrification Dataset, World Bank (WB), uri: https://trackingsdg7.esmap.org/downloads, note: Data is downloaded from ESMAP website. Data is released when a new Tracking SDG7 report is released., publisher: World Bank (WB), date accessed: 2024-05-16, date published: 2023",Environment: Energy production & use,WDI,% (share) of population,Annual,1990-2023,Population-weighted average,"Methodology: The World Bank’s Global Electrification Database (GED) compiles nationally representative household survey data, and occasionally census data, from sources going back as far as 1990. The database also incorporates data from the Socio-Economic Database for Latin America and the Caribbean (SEDLAC), Middle East and North Africa Poverty Database (MNAPOV) and the Europe and Central Asia Poverty Database (ECAPOV), which are based on similar surveys. At the time of this analysis, the GED contained 1,375 surveys for 149 countries in 1990-2021.","Maintaining reliable and secure electricity services while seeking to rapidly decarbonize power systems is a key challenge for countries throughout the world. More and more countries are becoming increasing dependent on reliable and secure electricity supplies to underpin economic growth and community prosperity. This reliance is set to grow as more efficient and less carbon intensive forms of power are developed and deployed to help decarbonize economies.















Energy is necessary for creating the conditions for economic growth. It is impossible to operate a factory, run a shop, grow crops or deliver goods to consumers without using some form of energy. Access to electricity is particularly crucial to human development as electricity is, in practice, indispensable for certain basic activities, such as lighting, refrigeration and the running of household appliances, and cannot easily be replaced by other forms of energy. Individuals' access to electricity is one of the most clear and un-distorted indication of a country's energy poverty status.















Electricity access is increasingly at the forefront of governments' preoccupations, especially in the developing countries. As a consequence, a lot of rural electrification programs and national electrification agencies have been created in these countries to monitor more accurately the needs and the status of rural development and electrification.















Use of energy is important in improving people's standard of living. But electricity generation also can damage the environment. Whether such damage occurs depends largely on how electricity is generated. For example, burning coal releases twice as much carbon dioxide - a major contributor to global warming - as does burning an equivalent amount of natural gas.",,,https://datacatalog.worldbank.org/public-licenses#cc-by
SH.H2O.BASW.ZS,CC BY-4.0,People using at least basic drinking water services (% of population),"The percentage of people using at least basic water services.  This indicator encompasses both people using basic water services as well as those using safely managed water services.  Basic drinking water services is defined as drinking water from an improved source, provided collection time is not more than 30 minutes for a round trip.  Improved water sources include piped water, boreholes or tubewells, protected dug wells, protected springs, and packaged or delivered water.","The percentage of people using at least basic water services.  This indicator encompasses both people using basic water services as well as those using safely managed water services.  Basic drinking water services is defined as drinking water from an improved source, provided collection time is not more than 30 minutes for a round trip.  Improved water sources include piped water, boreholes or tubewells, protected dug wells, protected springs, and packaged or delivered water.","WHO/UNICEF Joint Monitoring Programme (JMP) for Water Supply, Sanitation and Hygiene, World Health Organization (WHO), uri: washdata.org, date accessed: 2023-07-25, date published: 2023-07-06;
UN Children's Fund (UNICEF), uri: washdata.org, note: WHO/UNICEF Joint Monitoring Programme (JMP) for Water Supply, Sanitation and Hygiene",Health: Disease prevention,WDI,% of population,Annual,2000-2022,Weighted average,"Methodology: The data sources for drinking water services are household surveys such as Demographic and Health Surveys (DHS) and Multiple Indicator Cluster Surveys (MICS), administrative data, census, and other datasets such as compilations by international or regional initiatives (e.g., IB-NET) or studies conducted by research institutions. Based on these national datasets, JMP estimates the proportion of the people accessing different levels of services by using linear regression. You can find the details of estimates including the rules on interpolation, extrapolation and extension in the JMP’s methodology report (https://washdata.org/reports/jmp-2017-methodology).
Statistical concept(s): The JMP classifies the sanitation service levels into five tiers, ranging from the most to the least favorable: safely managed, basic, limited, unimproved, and surface water (Reference: https://washdata.org/monitoring/drinking-water). This indicator encompasses both people using basic water services as well as those using safely managed water services.","Water is considered to be the most important resource for sustaining ecosystems, which provide life-supporting services for people, animals, and plants. Global access to safe water and proper hygiene education can reduce illness and death from disease, leading to improved health, poverty reduction, and socio-economic development. However, many countries are challenged to provide these basic necessities to their populations, leaving people at risk for water, sanitation, and hygiene (WASH)-related diseases. Because contaminated water is a major cause of illness and death, water quality is a determining factor in human poverty, education, and economic opportunities.  

















Lack of access to adequate drinking water services contributes to deaths and illness, especially in children. Water based disease transmission by drinking contaminated water is responsible for significant outbreaks of diseases such as cholera and typhoid and includes diarrheal diseases, viral hepatitis A, cholera, dysentery and dracunculiasis (Guineaworm disease). Improving access to clean drinking water is a crucial element in the reduction of under-five mortality and morbidity and there is evidence that ensuring higher levels of drinking water services has a greater impact. 

















Women and children spend millions of hours each year fetching water. The chore diverts their time from other important activities (for example attending school, caring for children, participating in the economy). When water is not available on premises and has to be collected, women and girls are almost two and a half times more likely than men and boys to be the main water carriers for their families.  

















Many international organizations use access to safe drinking water and hygienic sanitation facilities as a measure for progress in the fight against poverty, disease, and death. Access to safe drinking water is also considered to be a human right, not a privilege, for every man, woman, and child. Economic benefits of safe drinking water services include higher economic productivity, more education, and health-care savings.","National, regional and income group estimates are made when data are available for at least 50 percent of the population.",,https://datacatalog.worldbank.org/public-licenses#cc-by
SH.STA.BASS.ZS,CC BY-4.0,People using at least basic sanitation services (% of population),"The percentage of people using at least basic sanitation services, that is, improved sanitation facilities that are not shared with other households.  This indicator encompasses both people using basic sanitation services as well as those using safely managed sanitation services.   Improved sanitation facilities include flush/pour flush to piped sewer systems, septic tanks or pit latrines; ventilated improved pit latrines, compositing toilets or pit latrines with slabs.","The percentage of people using at least basic sanitation services, that is, improved sanitation facilities that are not shared with other households.  This indicator encompasses both people using basic sanitation services as well as those using safely managed sanitation services.   Improved sanitation facilities include flush/pour flush to piped sewer systems, septic tanks or pit latrines; ventilated improved pit latrines, compositing toilets or pit latrines with slabs.","WHO/UNICEF Joint Monitoring Programme (JMP) for Water Supply, Sanitation and Hygiene, World Health Organization (WHO), uri: washdata.org, date accessed: 2023-07-25, date published: 2023-07-06;
UN Children's Fund (UNICEF), uri: washdata.org, note: WHO/UNICEF Joint Monitoring Programme (JMP) for Water Supply, Sanitation and Hygiene",Health: Disease prevention,WDI,% of population,Annual,2000-2022,Weighted average,"Methodology: The data sources for sanitation services are household surveys such as Demographic and Health Surveys (DHS) and Multiple Indicator Cluster Surveys (MICS), administrative data, census, and other datasets such as compilations by international or regional initiatives (e.g., IB-NET) or studies conducted by research institutions. Based on these national datasets, JMP estimates the proportion of the people accessing different levels of services by using linear regression. You can find the details of estimates including the rules on interpolation, extrapolation and extension in the JMP’s methodology report (https://washdata.org/reports/jmp-2017-methodology).
Statistical concept(s): The JMP classifies the sanitation service levels into five tiers, ranging from the most to the least favorable: safely managed, basic, limited, unimproved, and open defecation (Reference: https://washdata.org/monitoring/sanitation).  This indicator encompasses both people using basic sanitation services as well as those using safely managed sanitation services.","Sanitation is fundamental to human development. Many international organizations use hygienic sanitation facilities as a measure for progress in the fight against poverty, disease, and death. Access to proper sanitation is also considered to be a human right, not a privilege, for every man, woman, and child.  

















Sanitation generally refers to the provision of facilities and services for the safe disposal of human urine and feces. Inadequate sanitation is a major cause of disease world-wide and improving sanitation is known to have a significant beneficial impact on people's health. Basic and safely managed sanitation services can reduce diarrheal disease, and can significantly lessen the adverse health impacts of other disorders responsible for death and disease among millions of children. Diarrhea and worm infections weaken children and make them more susceptible to malnutrition and opportunistic infections like pneumonia, measles and malaria.  

















The combined effects of inadequate sanitation, unsafe water supply and poor personal hygiene are responsible for many of childhood deaths. Every year, the failure to tackle these deficits results in severe welfare losses - wasted time, reduced productivity, ill health, impaired learning, environmental degradation and lost opportunities. Fundamental behavior changes are required before the use of improved facilities and services can be integrated into daily life. Many hygiene behaviors and habits are formed in childhood and, therefore, school health and hygiene education programs are an important part of water and sanitation improvements.  

















Most basic sanitation technologies are not expensive to implement. However, those facing the problems of inadequate sanitation may not be aware of either the origin of their ills, or the true costs of poor sanitation and hygiene. As a result, in most of the developing countries those without sanitation are hard to convince of the need to invest scarce resources in sanitation facilities, or of the critical importance of changing long-held habits and unhygienic behaviors. Consequently, the people's representatives - governments and elected political leaders - rarely give sanitation or hygiene improvements the priority that is needed in order to tackle the massive sanitation deficit faced by the developing world.  

















Children bear the brunt of sanitation-related impacts - their health, nutrition, growth, education, self-respect, and life opportunities suffer as a result of inadequate sanitation. Without improved sanitation, many of the current generation of children in developing countries are unlikely to develop to their full potential. Countries that don't take urgent action to redress sanitation deficiencies will find their future development and prosperity impaired.","National, regional and income group estimates are made when data are available for at least 50 percent of the population.",,https://datacatalog.worldbank.org/public-licenses#cc-by
NY.GDP.PCAP.CD,CC BY-4.0,GDP per capita (current US$),"Gross domestic product is the total income earned through the production of goods and services in an economic territory during an accounting period. It can be measured in three different ways: using either the expenditure approach, the income approach, or the production approach. The core indicator has been divided by the general population to achieve a per capita estimate.This indicator is expressed in current prices, meaning no adjustment has been made to account for price changes over time. This indicator is expressed in United States dollars.","Gross domestic product is the total income earned through the production of goods and services in an economic territory during an accounting period. It can be measured in three different ways: using either the expenditure approach, the income approach, or the production approach. The core indicator has been divided by the general population to achieve a per capita estimate.This indicator is expressed in current prices, meaning no adjustment has been made to account for price changes over time. This indicator is expressed in United States dollars.","Country official statistics, National Statistical Organizations and/or Central Banks;
National Accounts data files, Organisation for Economic Co-operation and Development (OECD);
Staff estimates, World Bank (WB)",Economic Policy & Debt: National accounts: US$ at current prices: Aggregate indicators,WDI,current US$,Annual,1960-2024,Weighted average,"Methodology: National accounts are compiled in accordance with international standards: System of National Accounts, 2008 or 1993 versions. Specific information on how countries compile their national accounts can be found on the IMF website: https://dsbb.imf.org/ Per capita estimates are divided by the total population.
Statistical concept(s): The conceptual elements of the SNA (System of National Accounts) measure what takes place in the economy, between which agents, and for what purpose. At the heart of the SNA is the production of goods and services. These may be used for consumption in the period to which the accounts relate or may be accumulated for use in a later period. In simple terms, the amount of value added generated by production represents GDP. The income corresponding to GDP is distributed to the various agents or groups of agents as income and it is the process of distributing and redistributing income that allows one agent to consume the goods and services produced by another agent or to acquire goods and services for later consumption. The way in which the SNA captures this pattern of economic flows is to identify the activities concerned by recognizing the institutional units in the economy and by specifying the structure of accounts capturing the transactions relevant to one stage or another of the process by which goods and services are produced and ultimately consumed.","This indicator is related to the national accounts, which are critical for understanding and managing a country's economy. They provide a framework for the analysis of economic performance. National accounts are the basis for estimating the Gross Domestic Product (GDP) and Gross National Income (GNI), which are the most widely used indicator of economic performance. They are essential for government policymakers, providing the data needed to design and assess fiscal and monetary policies; and are also used by businesses and investors to assess the economic climate and make investment decisions. NAS enable comparison between economies, which is crucial for international trade, investment decisions, and economic competitiveness. More specifically, this indicator is related to national accounts aggregates. Gross Domestic Product (GDP), Gross National Income (GNI), and other aggregates provide a snapshot of the size and health of an economy by measuring the total economic activity within a country. They can thus be used by policymakers to design and implement economic policies, as they reflect the overall economic performance and can indicate the need for intervention in certain areas. Aggregates also allow for comparisons between different economies, which can be useful for trade negotiations, investment decisions, and economic benchmarking. By examining aggregates over time, economists and analysts can identify trends, cycles, and potential areas of concern within an economy, and investors can use national accounts aggregates to assess the potential risks and returns of investing in a particular country. Overall, national accounts aggregates are fundamental tools for economic analysis, policy formulation, and decision-making at both the national and international levels.",,,https://datacatalog.worldbank.org/public-licenses#cc-by
SE.SEC.ENRR,CC BY-4.0,"School enrollment, secondary (% gross)","Gross enrollment ratio is the ratio of total enrollment, regardless of age, to the population of the age group that officially corresponds to the level of education shown. Secondary education completes the provision of basic education that began at the primary level, and aims at laying the foundations for lifelong learning and human development, by offering more subject- or skill-oriented instruction using more specialized teachers.","Gross enrollment ratio is the ratio of total enrollment, regardless of age, to the population of the age group that officially corresponds to the level of education shown. Secondary education completes the provision of basic education that began at the primary level, and aims at laying the foundations for lifelong learning and human development, by offering more subject- or skill-oriented instruction using more specialized teachers.","Data API, UN Educational, Scientific and Cultural Organization (UNESCO), uri: https://databrowser.uis.unesco.org/resources, note: The data are obtained through the UIS API.  Detailed documentation is available at: https://api.uis.unesco.org/api/public/documentation/, publisher: UNESCO Institute for Statistics (UIS), type: Bulk file (csv), date accessed: 2025-09-22, date published: 2025-09",Education: Participation,WDI,% of population in the 5-year age group immediately following primary education,Annual,1970-2023,Weighted average,"Methodology: Gross enrollment ratio for secondary school is calculated by dividing the number of students enrolled in secondary education regardless of age by the population of the age group which officially corresponds to secondary education, and multiplying by 100. 

















Data on education are collected by the UNESCO Institute for Statistics from official responses to its annual education survey. All the data are mapped to the International Standard Classification of Education (ISCED) to ensure the comparability of education programs at the international level. The current version was formally adopted by UNESCO Member States in 2011. Population data are drawn from the United Nations Population Division. Using a single source for population data standardizes definitions, estimations, and interpolation methods, ensuring a consistent methodology across countries and minimizing potential enumeration problems in national censuses.

















The reference years reflect the school year for which the data are presented. In some countries the school year spans two calendar years (for example, from September 2010 to June 2011); in these cases the reference year refers to the year in which the school year ended (2011 in the example).
Statistical concept(s): Gross enrollment ratios indicate the capacity of each level of the education system, but a high ratio may reflect a substantial number of overage children enrolled in each grade because of repetition or late entry rather than a successful education system.","Secondary education acts as a critical intermediary that not only builds upon the foundational knowledge acquired in primary education but also equips students for various pathways, including immediate entry into the workforce, further education in postsecondary non-tertiary institutions, or advancement to higher education. This indicator assesses the aggregate participation rate in secondary education, reflecting the education system's capacity to enroll students within a designated age group.","Enrollment indicators are based on annual school surveys, but do not necessarily reflect actual attendance or dropout rates during the year. Also, the length of education differs across countries and can influence enrollment rates, although the International Standard Classification of Education (ISCED) tries to minimize the difference. For example, a shorter duration for primary education tends to increase the rate; a longer one to decrease it (in part because older children are more at risk of dropping out). Moreover, age at enrollment may be inaccurately estimated or misstated, especially in communities where registration of births is not strictly enforced.",,https://datacatalog.worldbank.org/public-licenses#cc-by
